TCGA_barcode_TPM,ENSG00000198712,ENSG00000198938,ENSG00000198804,ENSG00000198899,ENSG00000198886,ENSG00000228253,ENSG00000198763,ENSG00000210082,ENSG00000263900,ENSG00000198840
TCGA-AA-A00O-01A-02R-A089-07,24579.26172,19785.91992,20151.83398,22164.66211,23095.9707,11282.86426,11262.95898,13586.94043,2806.556885,10744.31738
TCGA-NH-A6GA-01A-11R-A37K-07,10804.87988,7834.57666,9187.1875,5975.696289,6736.55127,5744.818359,4457.258789,6653.692383,5657.968262,2650.201904
TCGA-CM-6170-01A-11R-1653-07,16773.25,15853.71191,9845.338867,14692.07227,10047.2041,10601.06445,6338.334473,4958.045898,5321.643066,6818.36084
TCGA-CA-6718-01A-11R-1839-07,6345.423828,4671.883301,7611.606445,5918.802734,5136.535645,4805.150391,2146.964111,2428.5,5409.908691,2102.481689
TCGA-D5-6530-01A-11R-1723-07,19817.17188,16924.97852,22621.7793,14628.71875,16387.86133,12703.72363,7987.102539,12729.0918,3358.931152,7395.107422
TCGA-AA-3664-01A-01R-0905-07,37146.95703,23480.7207,27910.34961,28901.78711,24659.30273,23290.04297,12387.15234,9418.799805,3563.895508,8824.737305
TCGA-A6-5665-01B-03R-2302-07,2603.17041,2865.401855,8447.56543,2686.532227,1989.235962,1142.75769,963.513123,65784.35156,2000.151245,105.462624
TCGA-AD-6899-01A-11R-1928-07,8286.845703,8378.869141,6878.139648,6452.252441,3395.230225,5132.933105,2699.38623,7249.010742,5550.26123,2202.609619
TCGA-DM-A282-01A-12R-A16W-07,36340.10156,31866.31055,19000.07031,51782.14844,30442.55273,37217.73438,30230.44727,1988.116455,4187.042969,12645.03223
TCGA-G4-6309-01A-21R-1839-07,18513.7168,12853.01074,13220.69434,11267.99512,9279.182617,7545.800293,4261.677734,6973.782227,6264.608398,4322.678711
TCGA-AA-3979-01A-01R-1022-07,8751.289062,13109.64648,9308.314453,7190.099609,6070.644043,5663.997559,3508.383057,7620.359863,3913.294678,5697.171387
TCGA-AA-3554-01A-01R-0826-07,11161.13184,8138.122559,12637.60742,7150.740723,7568.614746,3855.62207,2351.134033,4561.743164,16384.82422,2820.082764
TCGA-DM-A28H-01A-11R-A16W-07,32176.125,23765.08789,13357.87793,30312.4375,11151.33789,20752.61914,14555.36914,6275.858887,4416.979004,6969.786133
TCGA-D5-5539-01A-01R-1653-07,17056.98242,11370.43457,13113.88379,9687.817383,8509.59375,7468.993652,7641.106445,4783.38916,4786.314453,5930.064453
TCGA-A6-2679-01A-02R-1410-07,15351.78516,9249.887695,7356.043945,7833.695312,2859.436279,1027.486206,1342.492554,2101.33374,13809.63184,1190.627563
TCGA-3L-AA1B-01A-11R-A37K-07,14249.19727,18445.03125,11197.49414,12034.08984,13364.00488,10492.68066,7123.668457,8575.913086,3927.638184,4469.469238
TCGA-AA-3514-01A-02R-0821-07,9439.03418,4239.036133,9228.760742,5780.794434,4492.989746,1198.885986,1045.293213,1471.164917,47825.93359,957.752258
TCGA-G4-6628-01A-11R-1839-07,7391.222168,5444.52832,7169.476562,5666.332031,5391.844727,3783.249268,3349.492676,1661.398193,5214.816895,2417.521973
TCGA-A6-3808-01A-01R-1022-07,9622.385742,11611.85547,9895.150391,9054.930664,6713.02832,5726.871582,2723.571533,5797.652832,7161.000488,4638.583008
TCGA-AA-A02J-01A-01R-A00A-07,16164.97168,11661.0166,11963.42969,10702.29004,10715.05469,4518.468262,6147.291016,5143.310547,9330.335938,3723.740723
TCGA-AA-3672-01A-01R-0905-07,6648.038086,5213.310059,10121.41504,8585.875977,4856.836426,768.048462,1519.555908,592.739502,22775.66602,894.636047
TCGA-CM-5861-01A-01R-1653-07,18669.10742,13958.37207,21735.48242,16112.46094,11670.2168,11406.64258,4850.339844,11775.86621,3931.131592,7871.202148
TCGA-CM-6675-01A-11R-1839-07,13590.85938,10698.43945,12476.35645,13629.5459,9792.744141,9509.418945,6227.04834,2898.412109,5631.923828,4270.505859
TCGA-5M-AATE-01A-11R-A41B-07,37546.77344,24934.06836,22684.94141,22554.54883,21389.64844,19116.4375,12481.48731,10792.12793,4412.468262,9944.362305
TCGA-A6-3810-01A-01R-A278-07,458.498047,420.083435,622.302307,68.794685,71.475792,24.761988,34.281422,5119.12793,929.040222,104.407188
TCGA-G4-6302-01A-11R-1723-07,13322.0166,17164.68945,19302.80273,17537.17188,14611.03906,13908.78027,6713.226074,4516.178223,9160.419922,4906.738281
TCGA-AA-3555-01A-01R-0821-07,8791.673828,6139.804199,9399.714844,6610.861328,3574.729492,4267.647949,2220.798096,1514.14563,8355.279297,2118.191162
TCGA-CK-6751-01A-11R-1839-07,20317.86914,17667.07227,19195.58398,16956.18945,14613.35156,12534.99805,7019.400879,2197.102783,6782.8125,7246.871094
TCGA-A6-5659-01A-01R-1653-07,14546.9541,13301.74707,11483.48828,13713.47266,8786.145508,11633.30566,6115.020508,1419.980469,6050.849121,5661.359863
TCGA-AA-3842-01A-01R-1022-07,8152.447754,8833.69043,6016.489746,7839.009277,4809.42041,5454.015137,3241.329346,7247.739746,6966.495605,2816.365723
TCGA-AA-3510-01A-01R-1410-07,15015.61719,8014.52002,11203.16895,11681.96094,7300.464844,5169.526855,4250.614746,6018.675781,6241.078125,5018.54541
TCGA-A6-3809-01A-01R-A278-07,291.179138,457.365448,492.280884,74.404999,61.18288,60.383331,32.099457,692.958496,688.242798,158.471298
TCGA-D5-6531-01A-11R-1723-07,21383.375,19466.99414,16454.02148,17877.16016,15675.87012,15500.15723,12327.86328,3552.5271,4513.697266,10757.49023
TCGA-AA-3666-01A-02R-0905-07,13488.63184,10061.13086,9220.842773,7870.984375,5449.209473,6129.394043,3963.876709,9899.790039,5855.830566,5337.76416
TCGA-RU-A8FL-01A-11R-A37K-07,26609.30078,21576.20898,22525.42383,16260.20313,22968.82227,15145.31152,15832.97266,2881.003906,4115.818359,7158.172363
TCGA-AA-3516-01A-02R-0826-07,12162.80859,11433.08496,11846.03125,10180.07813,8444.170898,6070.59082,5033.21875,2477.165283,9481.557617,3797.031982
TCGA-AA-3850-01A-01R-1022-07,18857.76172,16639.04883,16591.08398,13344.33984,12362.69824,8037.224121,6438.583008,8684.358398,5162.799805,7339.908691
TCGA-CK-5912-01A-11R-1653-07,16428.3125,14950.0332,7558.008301,17238.43945,10493.44043,15464.86719,10508.54981,1812.15332,2958.903809,6326.37207
TCGA-F4-6569-01A-11R-1774-07,12729.99219,11376.86035,11350.60547,10119.8125,8542.101562,8731.484375,4860.4375,2249.837891,7720.679199,5233.817871
TCGA-AA-A01K-01A-01R-A00A-07,28749.65625,27827.27148,24933.66406,25081.56641,23764.56445,17704.71094,10936.58203,17090.81641,4977.312012,8615.445312
TCGA-CM-6676-01A-11R-1839-07,15024.31934,11338.25781,11513.90723,9379.575195,9330.208984,6811.533203,8255.236328,4693.882812,4899.914551,8628.414062
TCGA-AA-3982-01A-02R-1022-07,17221.22852,18796.34961,20840.79297,14513.83008,12780.20117,8846.746094,7583.114746,6870.342285,4363.810059,8934.105469
TCGA-AA-A00W-01A-01R-A002-07,17602.28906,17562.9082,12061.58496,17097.93164,16541.07422,8542.689453,8495.199219,3874.052246,7685.333008,4728.183594
TCGA-AA-A01Z-01A-11R-A083-07,45516.33203,31580.31445,20583.32422,28962.76172,25385.89063,21546.22461,17720.15625,5179.321777,5065.996582,7448.706543
TCGA-DM-A280-01A-12R-A16W-07,30020.50195,25243.24023,19763.66602,25826.08594,12977.19629,17835.71484,10360.17871,16878.96484,5065.616699,9034.271484
TCGA-A6-3809-01B-04R-A277-07,25316.16016,34863.33594,40110.60547,49598.84766,55665.65234,39613.33984,16651.97266,10040.56641,322.791016,9011.256836
TCGA-DM-A1HB-01A-21R-A180-07,23910.49023,18747.61719,16983.94727,23024.84375,19500.51953,18972.09766,6791.049805,4488.989746,4017.944336,5226.402832
TCGA-A6-6649-01A-11R-1774-07,7971.339844,6471.891113,8179.4375,15502.16992,13417.43066,12500.88574,18946.02148,2606.268799,7153.571289,15112.45996
TCGA-AA-3663-01A-01R-1723-07,6909.59082,6687.708496,6652.353516,5204.169922,3568.438965,4262.148926,2644.482666,4147.806641,3739.815674,3339.426758
TCGA-AA-3846-01A-01R-1022-07,21955.80469,24218.35352,20469.20508,20709.83008,19246.3418,15170.02344,7297.242188,15277.25879,3996.102783,7469.810059
TCGA-A6-2674-01A-02R-A278-07,97.414619,140.673004,254.203552,28.625435,19.685312,19.864801,11.694272,388.285126,941.45343,33.378025
TCGA-AA-3509-01A-01R-1410-07,14817.83691,11392.2832,16599.45898,12928.71875,9872.001953,10752.07031,7674.424316,3108.628174,4419.656738,5658.451172
TCGA-AZ-4315-01A-01R-1410-07,11026.21191,8990.238281,8111.342773,4677.741211,3350.195068,3142.15918,2463.31958,3894.342529,5624.964355,5408.375977
TCGA-AA-A03J-01A-21R-A16W-07,32456.39648,20363.77344,25884.89258,19468.97461,19829.08203,2654.532715,9005.460938,3336.288818,13263.56641,4891.273926
TCGA-A6-2672-01B-03R-2302-07,1201.027222,1462.744263,4748.959473,1502.430298,1861.34729,676.914612,759.515137,48908.81641,1238.107544,147.831863
TCGA-AA-3519-01A-02R-0821-07,11346.35938,7079.144531,7192.339844,5871.191406,6275.624023,3715.203857,2824.698975,7549.598145,7807.161621,3383.25293
TCGA-A6-5656-01A-21R-A278-07,293.802673,408.704102,850.33551,128.000168,74.572861,96.171623,103.444359,877.367004,776.513733,139.853943
TCGA-AA-3930-01A-01R-1022-07,10523.43066,11141.86523,9663.619141,10661.875,9089.744141,7415.501465,5671.194336,3367.009521,3863.467041,5434.882812
TCGA-AY-A69D-01A-11R-A37K-07,19043.30859,22247.28906,16513.375,11561.00781,9938.039062,12609.3584,7834.975098,7433.187012,6205.882324,4618.924316
TCGA-NH-A8F7-01A-11R-A41B-07,32705.55469,18497.27734,34408.70313,16637.56836,20451.21094,13390.48828,9344.789062,9417.162109,4030.142822,6906.927246
TCGA-AA-3848-01A-01R-0905-07,24024.08203,14356.78613,19140.74609,25686.02344,13152.49023,2743.215332,6882.998047,2687.109131,16204.04981,3600.147705
TCGA-AM-5820-01A-01R-1653-07,15773.94922,13180.81934,10512.17773,15353.35059,9893.015625,12161.50977,9595.771484,6541.893066,5885.152832,12592.82813
TCGA-AA-3861-01A-01R-1022-07,12863.35645,8027.82666,9559.400391,6645.447754,6526.572754,4070.565918,2449.119141,10019.31543,4150.236328,9369.108398
TCGA-AA-3509-01A-01R-1410-07,14707.54004,10769.87207,13546.55859,12660.71387,10294.43359,7425.964844,6294.956055,3618.901123,4117.158203,7008.11084
TCGA-AA-A01V-01A-23R-A083-07,27255.55664,14011.08594,24133.20508,19139.67383,18343.02344,4803.431641,7302.081055,7033.410156,7226.61377,6434.453613
TCGA-CM-6171-01A-11R-1653-07,15707.65527,13677.125,16712.64648,12527.35156,11585.98926,10819.25391,5244.800293,2227.631348,3964.76001,4679.681152
TCGA-A6-6650-01A-11R-1774-07,21255.05273,14393.5625,17156.73242,18235.68359,13211.04297,18018.09375,9197.099609,6745.236328,5188.693359,3844.453369
TCGA-CM-6163-01A-11R-1653-07,24652.74609,16490.15234,15763.37207,22904.4668,13799.94727,20147.35938,10901.12109,8565.77832,4384.839844,11494.45996
TCGA-AA-3986-01A-02R-1022-07,12081.00488,14467.92676,9911.151367,12311.05176,9681.884766,8201.00293,6395.201172,1856.23584,5330.445312,8440.549805
TCGA-D5-6923-01A-11R-A32Z-07,11299.62207,9142.708984,9604.765625,8447.985352,6922.209473,6934.171875,3197.979004,5726.133301,7969.059082,2683.895752
TCGA-AA-3531-01A-01R-0821-07,14896.1709,7675.07666,9137.632812,10733.33008,9993.716797,3129.831543,3838.039307,2997.147949,14871.61621,1314.140869
TCGA-A6-2674-01B-04R-A277-07,4059.390625,5086.672852,7951.543457,2556.039551,3151.117432,833.128723,1265.38269,2875.556396,1832.390381,708.335266
TCGA-QG-A5YW-01A-11R-A28H-07,18874.91211,20190.77344,14364.1416,17152.6875,18105.54492,11984.07617,15913.44629,7570.84082,2608.675293,9719.657227
TCGA-AA-3856-01A-01R-0905-07,12555.73633,17288.37109,8842.087891,10601.0625,9239.942383,7868.80127,5670.489746,8989.37207,5138.481445,6340.849121
TCGA-AA-3715-01A-01R-0905-07,5420.234375,5533.932617,10033.04297,6054.524902,4975.875977,591.63092,1467.853149,766.431274,23409.33398,532.190796
TCGA-CA-5256-01A-01R-1410-07,4501.98584,4458.531738,4036.80127,4094.589844,2497.509277,2028.244141,1808.905762,3722.132324,2184.50708,4061.686279
TCGA-AA-3956-01A-02R-1022-07,20695.6875,22913.63086,20413.56055,23359.16406,18347.36328,16783.40039,14230.12598,5562.969727,4190.496094,15933.06836
TCGA-AA-A02H-01A-01R-A089-07,19096.05469,15783.42773,20525.02344,21069.06641,14839.70703,11860.69629,10084.67578,9300.204102,3527.253906,20464.83594
TCGA-AA-3713-01A-21R-1723-07,13740.1543,11097.49023,17195.97266,14361.05273,11701.38672,13089.23242,7306.185059,3390.297119,4937.688477,5375.756836
TCGA-CM-6674-01A-11R-1839-07,15814.95117,14475.7041,10312.58398,12947.50781,7919.187012,8311.026367,4206.114258,5357.40332,6233.854004,6917.594238
TCGA-AA-A00R-01A-01R-A002-07,14860.44043,17480.33984,17656.07813,13929.00684,10991.48926,7807.958984,4864.842773,8047.785645,7491.593262,4785.628906
TCGA-D5-5537-01A-21R-1928-07,11948.80078,13866.45996,16863.67383,9067.512695,6689.772949,6035.490234,3390.244385,11207.36719,5423.110352,4572.160645
TCGA-AA-3680-01A-01R-0905-07,16640.2832,15118.20313,14505.22266,9363.848633,10488.01172,7967.249023,6582.946289,9868.499023,5408.500488,10123.01367
TCGA-CM-4747-01A-01R-1410-07,15909.92773,6573.197754,11125.56348,13649.04883,9578.758789,2158.060059,4860.268555,1707.619507,16953.05273,6582.478516
TCGA-G4-6317-01A-11R-1723-07,11338.35938,10275.77246,3162.436279,6890.42627,5382.438965,3045.647705,4709.82373,5012.55957,4768.593262,4971.35498
TCGA-AA-3526-01A-02R-A32Z-07,8130.814453,8421.129883,8986.442383,5917.913574,4292.319336,5205.770996,2237.876465,936.787598,4619.509277,3347.928955
TCGA-AA-3532-01A-01R-0821-07,11484.73145,11117.09961,11286.93164,9364.557617,7748.36377,7480.367676,3427.413818,3549.716797,7674.243652,5205.976074
TCGA-AZ-4684-01A-01R-1410-07,15778.95898,14735.58008,10212.47266,14016.86231,10705.12988,11582.11231,5448.279297,3799.56665,6841.734863,4650.921875
TCGA-AD-A5EK-01A-11R-A28H-07,16452.07227,17421.95508,10934.59766,7795.677246,11413.32227,6708.895508,8186.157227,4541.400879,3370.266602,4403.837402
TCGA-AA-3952-01A-01R-1022-07,24861.91406,20190.55273,25246.36914,21296.15039,21698.75,12698.96387,11950.53613,14470.30176,4267.216309,14783.39941
TCGA-AA-3966-01A-01R-1113-07,12623.91406,14667.01367,13534.23731,11037.29199,8525.082031,6840.883301,5057.172852,2409.504639,6088.026367,5251.055664
TCGA-AZ-6601-01A-11R-1774-07,10711.46484,8684.05957,16051.69336,9092.996094,9440.376953,7759.735352,3888.466553,6741.894531,7626.219238,3458.121826
TCGA-A6-2684-01A-01R-A278-07,98.564911,333.214081,260.177155,20.905073,14.500567,9.025503,6.764829,929.286438,1023.455566,71.425262
TCGA-G4-6588-01A-11R-1774-07,17584.69141,16955.01953,15200.67285,14493.34277,13370.54004,13614.69727,7361.310547,2994.819336,6355.501465,5381.854004
TCGA-AA-3844-01A-01R-1022-07,22460.25586,18336.21289,16349.1084,17425.66211,18237.32227,11809.06738,4945.845215,14142.59863,5420.624023,4497.958008
TCGA-AA-3518-01A-02R-0826-07,13584.47168,13189.83789,13970.9668,10624.85449,10397.45508,6991.492676,4903.11084,2894.476807,5559.47998,4317.415039
TCGA-AA-3521-01A-01R-0821-07,16838.34961,14253.57715,10087.57031,18111.54883,17423.32617,16231.63477,11458.21777,2226.809326,5873.491699,7589.620605
TCGA-CA-6717-01A-11R-1839-07,11770.02148,10099.51367,10329.25391,10990.87207,10263.25586,9304.600586,3928.489258,1908.543823,5807.898926,5397.289062
TCGA-G4-6321-01A-11R-1723-07,25948.11133,19543.45508,28248.46875,18328.38672,18386.88477,15199.94824,11258.56055,14287.64063,6461.540527,11231.73242
TCGA-AA-A02E-01A-01R-A00A-07,13694.7334,10908.81836,14036.10352,12231.72363,10872.71387,5149.875488,6432.666992,4798.47168,7012.381348,7753.848145
TCGA-AA-3941-01A-01R-1022-07,24964.99023,16256,22581.80859,18896.20898,24449.89648,13505.68945,6157.038574,15155.06152,6121.476074,14041.06445
TCGA-A6-5664-01A-21R-1839-07,12695.55371,12144.33301,12077.15039,10323.33106,9908.742188,9472.419922,4286.518066,4337.28418,5825.416016,3736.869385
TCGA-AA-A00L-01A-01R-A002-07,37991.48828,16087.91309,20177.63477,20449.51367,19672.70508,10566.89453,8000.853027,7546.694336,8857.393555,8555.110352
TCGA-AA-A02K-01A-03R-A32Y-07,24707.86328,26472.67578,34108.67578,22406.96094,19238.67969,16233.59473,13056.625,18239.73047,5844.185059,8929.71875
TCGA-F4-6570-01A-11R-1774-07,13240.68945,12698.6543,13852.16895,10949.3584,9450.728516,8595.364258,6983.049316,2367.254395,6438.278809,5876.54541
TCGA-DM-A288-01A-11R-A16W-07,27215.30859,8450.050781,13808.66602,12714.08203,11759.35449,7908.291016,5521.285156,6040.089355,5699.896973,5945.810059
TCGA-AA-A010-01A-01R-A089-07,21501.21484,14891.2334,23080.23047,20322.09375,18348.46289,10905.96973,8383.386719,15248.27148,3732.476807,9604.599609
TCGA-AA-3520-01A-01R-0821-07,9377.886719,6813.287109,9155.023438,6447.371582,4200.619141,4180.626465,2424.36499,3910.097656,8859.306641,4051.344482
TCGA-A6-5657-01A-01R-A32Z-07,6819.221191,8016.069336,6970.278809,6079.051758,5441.04834,4692.637695,3781.789307,2943.621338,9109.384766,2573.957275
TCGA-AZ-6599-01A-11R-1774-07,15185.32715,14579.37207,12698.13477,21353.40234,15810.0752,21289.29688,12881.72461,4091.001953,3294.331055,7137.85498
TCGA-A6-2686-01A-01R-A32Z-07,6325.731934,8409.262695,5655.57373,3573.373779,3408.862793,2857.197266,2713.113281,4609.243652,3714.685059,3047.037354
TCGA-CM-6680-01A-11R-1839-07,9371.588867,12033.22461,11385.29004,9139.244141,7021.700684,6991.128418,4330.562012,6339.590332,5631.887207,7197.600098
TCGA-F4-6854-01A-11R-1928-07,11667.13867,8863.776367,6720.619141,10144.80566,9863.020508,7582.180664,6200.633789,4658.963867,6734.654297,4626.102539
TCGA-CA-5256-01A-01R-1410-07,4440.083984,4998.407227,4017.070557,3976.198975,2785.108154,3368.010254,1727.523804,3482.949707,2399.007812,3152.284668
TCGA-AA-3977-01A-01R-1022-07,14206.82031,14570.08691,13053.48047,10175.07129,9120.807617,6890.18457,3739.920898,6157.805664,5729.802734,6561.400879
TCGA-A6-6142-01A-11R-1774-07,12916.42676,18473.18555,7606.150879,16363.07031,10090.55859,13390.33887,8767.87207,6120.068359,6690.787598,9771.029297
TCGA-AA-3837-01A-01R-0905-07,18068.05273,21491.64258,10057.58008,12922.78809,10289.46387,6695.430664,6959.665527,4321.977051,8122.649414,5450.078613
TCGA-AZ-4308-01A-01R-1410-07,13326.45508,7848.574707,6383.821289,6090.983887,5280.501953,1333.560181,2366.682129,1664.93396,21725.25586,2522.834961
TCGA-A6-6653-01A-11R-1774-07,11477.83106,8818.479492,10985.34082,10447.34375,9940.579102,9801.176758,2982.340576,1831.599976,6496.005371,2005.04187
TCGA-AA-3994-01A-01R-1113-07,8317.433594,10225.25195,4513.03125,4025.029785,4385.821289,3191.205078,2336.439209,5814.301758,5335.944336,3398.070068
TCGA-AM-5821-01A-01R-1653-07,3438.685547,3488.674561,1769.791138,2974.861084,2046.556274,2497.510254,1268.492188,678.892273,5454.825684,1357.825317
TCGA-AA-3506-01A-01R-1410-07,8451.629883,9612.511719,6243.150391,6218.955566,4124.869141,5469.363281,3829.555664,4749.808594,5878.31543,2364.472168
TCGA-AA-3684-01A-02R-0905-07,13337.71484,8535.599609,13131.74902,9489.720703,8363.068359,1440.347412,2739.491943,2551.964355,30709.13672,1801.403198
TCGA-AA-3860-01A-02R-0905-07,11693.66992,12621.36133,10816.7002,5366.447754,8373.59082,3479.609619,6297.439941,7522.645508,5418.286621,8824.243164
TCGA-AZ-6606-01A-11R-1839-07,14066.19238,16949.7832,12905.93945,14215.67969,9749.134766,10816.75488,5321.316406,4499.38916,4738.365723,4009.526855
TCGA-A6-5656-01B-02R-A277-07,10963.53809,12608.05566,21077.63281,10062.89746,8730.305664,4233.995605,6385.625488,5037.911133,1059.855591,5843.989258
TCGA-AA-3818-01A-01R-0905-07,13551.75,12861.6084,9660.936523,10882.33594,10046.73438,8172.687012,6775.125977,9070.02832,7949.117676,7254.647949
TCGA-DM-A1DA-01A-11R-A155-07,22464.08398,25193.00586,11993.04883,19928.61523,12267.65039,12713.04395,14156.21387,3227.848389,3890.329102,5672.573242
TCGA-AZ-4323-01A-21R-1839-07,11858.875,8759.832031,11259.22266,10779.3125,11261.60352,8779.545898,6076.621582,3241.969238,5879.145996,5296.613281
TCGA-AA-3949-01A-01R-1022-07,8410.669922,13449.38867,10390.70801,7625.391113,7058.163086,5476.614746,3390.11377,2702.73999,5033.398926,6245.80957
TCGA-AU-3779-01A-01R-1723-07,21309.66602,16532.6543,18264.81641,16413.79492,9854.879883,14456.58594,9806.074219,9756.685547,4775.508301,13370.36133
TCGA-A6-5660-01A-01R-1653-07,9977.646484,10541.87207,8015.77832,7409.666016,4600.746094,5577.696289,6442.131348,4471.243164,4415.959473,6104.77002
TCGA-D5-5538-01A-01R-1653-07,4876.128418,4221.81543,5085.634766,4890.166016,3141.75708,4514.644531,2325.276367,1898.744019,5507.072754,2434.757812
TCGA-CA-6719-01A-11R-1839-07,9495.666016,8521.813477,7873.05127,7952.742188,7486.640625,6298.253418,3678.612305,5501.943848,6186.441406,3089.689453
TCGA-A6-2683-01A-01R-0821-07,27316.70898,6135.769531,17340.02539,18000.31055,9577.288086,3015.985596,4533.016113,3010.597656,31817.28906,1639.170166
TCGA-F4-6461-01A-11R-1774-07,30864.85547,22627.25,24118.28711,24783.09961,18410.44727,20644.45898,8831.744141,20741.98438,4443.486816,9611.322266
TCGA-NH-A50T-01A-11R-A28H-07,23335.85352,28811.19141,13964.44336,18290.29688,14058.14746,15186.10352,11021.12207,2134.041992,3778.87915,6616.785645
TCGA-AZ-6600-01A-11R-1774-07,9630.669922,10670.14844,9316.665039,7473.129395,7073.151855,6389.717285,4818.919922,5449.561035,6248.875,3267.802734
TCGA-AA-3679-01A-02R-0905-07,19384.87109,14640.44629,13683.85059,9565.388672,9613.006836,6914.158203,3713.781982,3819.67627,3874.635254,6794.249512
TCGA-G4-6315-01A-11R-1723-07,16858.83203,15250.5918,7809.681152,13889.69531,11761.47656,9329.515625,10838.71582,4619.026855,5843.174805,8694.331055
TCGA-AA-3494-01A-01R-1410-07,11796.86719,8347.013672,11863.74121,10593.27637,7120.889648,4783.812012,3737.45752,4346.162598,4819.769043,6295.165527
TCGA-D5-6538-01A-11R-1723-07,24106.67578,6604.198242,19410.93555,23722.32422,18729.10938,19794.80664,10470,2945.767822,3020.637939,5941.966797
TCGA-AA-3841-01A-01R-0905-07,12887.34473,9806.798828,12442.55273,10897.66699,7226.149414,1279.131592,3248.742188,1922.036377,31027.67969,1768.955933
TCGA-AA-3538-01A-01R-0821-07,20011.81055,15847.48438,13340.56543,14684.70313,10819.19922,8048.983398,10877.79102,7005.867188,10250.0957,6954.974609
TCGA-AZ-4313-01A-01R-1410-07,6396.052246,3009.499756,4984.203613,3911.991943,2349.348389,790.082336,962.107971,1475.401123,13443.10938,2571.021484
TCGA-D5-6540-01A-11R-1723-07,12059.46191,12202.63184,17315.09375,13829.56543,10847.14551,11436.82031,4789.869629,2726.546387,6408.45752,4245.650391
TCGA-AA-3529-01A-02R-0821-07,8747.949219,7442.81543,7005.147461,6837.82959,6771.158203,3624.226807,3238.741211,4512.723633,8094.760254,2597.275635
TCGA-CM-5868-01A-01R-1653-07,20152.71094,12372.75781,11085.4502,15848.48926,10134.33496,10406.70313,9010.560547,5124.473145,5540.185059,13939.46777
TCGA-AY-A54L-01A-11R-A28H-07,23459.83203,26536.81445,20739.63281,22944.05469,18022.22266,22115.25977,13714.91602,11868.61035,6799.612305,7355.970215
TCGA-G4-6304-01A-11R-1928-07,11930.43457,8078.858887,9230.888672,9081.532227,5404.488281,5364.393555,3947.584473,2001.127563,3821.897461,2424.480469
TCGA-AZ-4616-01A-21R-1839-07,24099.92578,16703.30469,7952.344238,19349.28906,18221.98438,11822.24707,10009.59961,9229.84375,5698.73877,10526.79395
TCGA-AA-3696-01A-01R-0905-07,13856.69824,8146.097656,11224.64356,7620.106445,6749.681152,6114.755859,2715.063477,6712.144531,4876.694824,3148.600342
TCGA-AZ-4614-01A-01R-1410-07,13323.86621,10970.74219,10225.04883,12458.40332,9877.512695,10495.58984,8633.594727,3851.454102,4288.67334,5743.761719
TCGA-D5-5540-01A-01R-1653-07,3577.27124,5317.193848,2795.168945,1763.5896,1386.817749,1352.823853,1107.119385,1167.549683,2137.941162,1696.11377
TCGA-AA-3681-01A-01R-0905-07,11461.62598,11412.9707,9942.170898,8190.299316,7222.003906,5688.375,4205.78418,6229.16748,7783.170898,4893.536621
TCGA-AZ-6607-01A-11R-1839-07,6778.604492,7532.69043,6738.293945,6319.790039,4543.613281,4871.580078,5141.79248,3821.994385,7856.824219,4789.319336
TCGA-A6-6652-01A-11R-1774-07,22328.06836,9867.263672,28679.23242,15246.16992,16711.85547,18665.22266,9602.661133,8162.580078,2566.233643,8289.012695
TCGA-A6-3810-01A-01R-1022-07,18701.29297,13913.09277,10180.2793,10511.50293,8596.44043,6521.724609,4916.048828,20347.64258,5818.092285,9418.072266
TCGA-AA-3984-01A-02R-1022-07,18223.95508,20242.66602,23853.36914,17208.63477,14997.63672,11506.42773,6372.910645,13022.28027,7740.484375,5645.61084
TCGA-AA-A017-01A-01R-A00A-07,29988.93945,38785.34766,19125.4043,26610.53125,20975.76172,14031.99414,14037.5957,18731.17188,3855.778564,14010.04688
TCGA-A6-2677-01B-02R-A277-07,2209.962891,5133.192871,6385.107422,912.496521,1044.808594,355.431549,763.414124,722.871887,481.645386,684.658997
TCGA-5M-AAT4-01A-11R-A41B-07,18852.19141,15418.44336,12707.65625,14770.66016,11762.91309,11301.35156,14145.97754,3768.338379,3359.734131,5121.870605
TCGA-AZ-6598-01A-11R-1774-07,21313.76367,12207.49219,16602.62305,36156.00391,25168.10742,29209.16992,25745.51758,3103.367676,4925.645508,12903.36426
TCGA-AA-3855-01A-01R-1022-07,22481.9707,15052.9541,13752.51465,12155.44434,10411.36523,6501.940918,6800.305176,5796.306641,5500.876953,6182.991211
TCGA-CM-5344-01A-21R-1723-07,24634.04883,20419.40234,24052.81836,23599.22266,18593.04297,22819.07422,9714.727539,7368.538086,7257.117188,10417.25391
TCGA-AA-3697-01A-01R-1723-07,19463.76367,18517.43555,18214.11523,16622.23242,13461.62598,15006.93066,8175.665039,4531.554199,4170.936523,6607.716797
TCGA-A6-3807-01A-01R-1022-07,17012.92188,17540.63672,8143.56543,15255.9834,10039.63867,10235.46973,7981.028809,9383.44043,4925.061523,12786.64258
TCGA-G4-6317-02A-11R-2066-07,25766.42383,26531.82227,9219.369141,26945.86914,21683.08203,15086.10449,13536.72656,22040.41016,6818.441406,14396.69531
TCGA-QL-A97D-01A-12R-A41B-07,32110.57227,25275.06055,16518.97852,21722.35938,15332.79199,18713.91406,18060.54688,5177.309082,5028.02832,12918.11328
TCGA-AD-6890-01A-11R-1928-07,7106.791504,9913.391602,7654.803223,4602.62793,3484.482666,3323.130859,1864.898071,4697.193359,6405.38623,1654.850464
TCGA-AA-A02W-01A-01R-A00A-07,14060.69336,14871.64941,15657.44824,12306.97461,12766.34277,9166.165039,5719.296387,8875.717773,3104.035645,7693.678223
TCGA-AA-3851-01A-01R-1022-07,10214.95801,12936.75,10428.20215,9078.1875,8630.618164,4201.397461,4416.458008,7499.923828,5948.641602,5809.134766
TCGA-F4-6806-01A-11R-1839-07,20688.42578,21385.42773,16197.43652,17517.07422,14793.15918,14079.07129,7169.406738,6656.019043,4792.107422,7064.425781
TCGA-A6-2677-01A-01R-0821-07,13799.06836,15238.41992,11469.93066,7708.698242,9578.552734,4812.465332,5698.354004,5294.214844,4535.936035,6805.258301
TCGA-AY-6386-01A-21R-1723-07,12957.14648,11312.82422,9783.484375,7031.100098,8015.74707,5120.759277,3159.68335,6972.961426,7806.877441,4448.738281
TCGA-AA-A00F-01A-01R-A002-07,35740.85156,28008.00781,33423.87891,28423.33984,25639.06836,14420.76563,15609.57813,12243.81543,5803.833008,14566.16309
TCGA-AA-3688-01A-01R-0905-07,13327.54981,13950.43555,7380.799316,7922.512207,6747.95166,6604.333496,4401.487793,10334.87305,6236.852539,5661.995117
TCGA-AA-A01C-01A-01R-A00A-07,20396.57422,19629.23828,18358.90625,12375.89551,12791.23731,5442.78125,6288.973145,7910.34375,6682.090332,6546.145996
TCGA-AA-3845-01A-01R-1022-07,11004.85352,12294.12988,10615.58398,9162.237305,8379.022461,6578.738281,4971.958496,4967.637695,6784.380859,6145.12207
TCGA-AZ-4681-01A-01R-1410-07,15863.50293,11082.7832,8747.885742,12021.14551,6499.331055,4647.39209,4793.533691,3641.246338,10911.58106,3115.425537
TCGA-AA-A022-01A-21R-A16W-07,18470.1582,16668.22461,25439.48242,14920.56543,14862.4668,4958.125977,13542.60059,5944.015625,7179.267578,7654.795898
TCGA-DM-A28G-01A-11R-A16W-07,50773.71875,28146.35742,35950.58594,36629.20313,29095.0332,29575.94922,13021.32813,19216.93164,2280.2229,18620.48047
TCGA-AY-6197-01A-11R-1723-07,18574.02344,10593.0957,19127.47852,16095.33789,11365.43848,14141.82617,5203.257324,6385.342285,5755.19043,2752.44751
TCGA-AA-3525-01A-02R-0826-07,8147.616699,9516.951172,8151.116211,5464.492676,5550.876953,3451.758301,2762.134521,2791.921631,6282.143066,3277.034668
TCGA-AA-3812-01A-01R-0905-07,10469.95703,7285.532715,11793.6582,7334.60498,6932.85498,566.503601,1937.372314,1841.544189,28267.75391,1280.050049
TCGA-AZ-5403-01A-01R-1653-07,6126.240723,6010.617676,5270.821777,5078.850098,3029.404053,4068.130859,2156.972168,3216.856445,6077.883301,2983.372803
TCGA-A6-5656-01A-21R-1839-07,31123.28906,25213.75781,34826.50781,34049.32813,22168.48633,26474.86133,25551.48047,7463.438477,4603.628418,20819.47656
TCGA-AA-A01X-01A-21R-A083-07,26621.9375,22453.2793,12560.95313,25100.12695,22520.71875,7391.84082,11702.57324,6246.567383,6279.35791,9606.78418
TCGA-AA-A01I-01A-02R-A089-07,29854.01563,23695.12695,28408.39453,24622.98633,24378.61133,14619.92676,15231.4668,7723.584473,4636.78125,15509.25195
TCGA-A6-3809-01A-01R-1022-07,4347.968262,7139.422363,4538.371582,3769.811035,3533.04126,2538.970215,1759.831909,1294.605103,5124.399902,2707.618896
TCGA-CM-6166-01A-11R-1653-07,6953.173828,9986.414062,6475.539551,7496.999512,7850.035156,6077.705566,6818.309082,4513.085938,3255.789551,6000.925293
TCGA-AA-A01F-01A-01R-A002-07,54588.96484,27601.07813,33831.60938,34787.96875,31336.03125,19305.07617,20147.62891,18358.07422,5968.070801,12035.33008
TCGA-A6-2674-01A-02R-0821-07,14390.51758,12424.37305,12654.80762,12736.43652,11572.66309,9176.734375,5315.287598,7435.377441,10944.57715,4721.900879
TCGA-CM-6169-01A-11R-1653-07,8925.104492,11518.50977,10382.13379,11517.99609,9710.418945,10457.07715,6300.333984,6578.699219,4155.85498,6790.804688
TCGA-AA-3976-01A-01R-1022-07,9665.407227,10705.57031,7564.562988,7037.572266,4709.655762,4606.915527,2704.826416,5824.579102,4983.009766,7020.048828
TCGA-AA-3869-01A-01R-1022-07,18370.41797,15291.94629,17869.49414,13903.24121,9807.985352,8533.732422,4643.509277,12111.19141,5488.018555,6677.378418
TCGA-SS-A7HO-01A-21R-A37K-07,14334.95703,12088.31055,16147.84668,9652.192383,14678.07227,7676.869629,5038.870605,7508.124512,3755.414307,4147.522461
TCGA-AA-3678-01A-01R-0905-07,15504.27441,16056.90625,12133.12207,14172.79395,15483.73926,10693.89648,7657.140625,3993.720703,5136.122559,4952.039551
TCGA-A6-3810-01B-04R-A277-07,11737.12598,8662.203125,13766.54004,5318.998047,4500.861328,2211.683594,2331.546875,14099.62695,1202.932495,1907.757812
TCGA-G4-6306-01A-11R-1774-07,25975.75,16590.01563,17281.12891,18987.29102,12725.61328,13075.35352,10844.56836,9193.944336,5758.036621,9184.132812
TCGA-DM-A285-01A-11R-A16W-07,25786.5,19494.91211,16854.72852,27251.64844,18514.77539,21024.70703,15909.12598,10215.61328,4190.022461,11887.35547
TCGA-A6-2675-01A-02R-1723-07,13969.38672,14158.87207,22040.76367,13549.14746,9842.866211,12684.90527,9147.306641,5727.131348,5108.945801,6728.537109
TCGA-CM-4751-01A-02R-1839-07,23596.81641,26548.21484,18304.74414,17266.25586,13575.99023,11858.30176,10448,5806.348145,7906.3125,7014.636719
TCGA-CK-4950-01A-01R-1723-07,16207.9209,18561.11719,21281.8125,12769.88965,11552.87695,9349.487305,5971.693848,7887.415527,7283.786133,5851.543945
TCGA-NH-A8F7-06A-31R-A41B-07,27867.22266,27958.18555,27072.12695,19471.60156,17001.96094,15974.84277,13371.26563,7478.683594,3296.374268,7259.622559
TCGA-AA-3530-01A-01R-1022-07,16071.5127,22249.28516,16663.74805,20006.03906,20065.82031,13807.28418,8979.78418,14597.09277,4308.320312,4874.307129
TCGA-D5-5541-01A-01R-1653-07,9046.390625,4732.324219,6746.250977,5289.35791,5639.693848,4072.251465,4016.02124,2553.785156,3477.668457,3029.264893
TCGA-AA-3866-01A-01R-1022-07,10349.85352,11019.06445,9783.6875,7026.655273,7416.75293,4469.418457,3749.307861,4233.529785,8046.457031,6865.494141
TCGA-CK-4951-01A-01R-1410-07,23742.66211,24785.22656,20798.60156,26703.84961,25921.42969,22976.42969,10749.51465,3195.42627,7384.749023,4410.606445
TCGA-G4-6323-01A-11R-1723-07,32229.69922,40104.22266,25772.12109,24500.54492,17523.03516,19821.82031,10484.08691,11664.44922,3533.671631,10581.59766
TCGA-AA-A02F-01A-01R-A089-07,29053.93945,18930.83789,16389.91406,21969.75977,15336.42383,12164.29785,6624.609863,12441.98731,5145.697266,9978.011719
TCGA-A6-2682-01A-01R-1410-07,12994.98438,13022.49121,12757.77051,12465.74609,8315.641602,11818.43652,5050.845215,8395.412109,7128.391602,5025.579102
TCGA-CM-6161-01A-11R-1653-07,12479.91504,7997.020996,12614.2832,10506.7334,8543.988281,9090.945312,7916.013184,3164.956299,3048.548584,6485.453613
TCGA-NH-A8F8-01A-72R-A41B-07,31317.40234,35300.04297,18864.30859,18085.61133,16706.94922,15602.46191,16851.88281,9504.389648,4242.335449,9124.77832
TCGA-QG-A5Z2-01A-11R-A28H-07,21718.62305,9623.944336,15354.45117,13091.71973,12251.89453,10102.50586,5844.77832,1846.023804,4600.257812,4143.791504
TCGA-DM-A1D0-01A-11R-A155-07,41815.91016,25581.23047,21296.12891,26224.5,27724.51563,17694.47266,10966.75098,5963.657715,4142.860352,12743.55664
TCGA-AA-3549-01A-02R-0821-07,12576.66504,15863.15332,15654.40625,10350.35645,8929.871094,6426.989746,5347.307129,9086.040039,7425.444336,5992.564941
TCGA-AA-A00U-01A-01R-A002-07,23425.0293,22421.71484,15519.67188,12457.69727,12898.70996,6979.963867,9551.043945,8876.900391,7382.07373,6222.391113
TCGA-AA-A02O-01A-21R-A16W-07,25902.55078,23999.46094,17891.42578,19285.03711,16672.99805,2887.021484,6881.349121,7596.735352,11139.03711,4554.04541
TCGA-F4-6808-01A-11R-1839-07,26873.17383,19126.68945,19659.96484,21294.47852,21703.91797,15781.71094,8511.251953,12569.25488,5488.848633,13948.10547
TCGA-AA-A004-01A-01R-A00A-07,38402.74609,7314.227051,14278.7041,14381.58594,17974.89844,3679.526611,6803.211914,4643.937988,12661.13965,1626.764038
TCGA-A6-5666-01A-01R-1653-07,3527.86084,2978.638916,2138.234863,2065.287354,2215.774414,1729.973267,1485.542725,2419.203125,3746.586426,2487.321289
TCGA-A6-6781-01A-22R-1928-07,2447.421631,2716.584717,4228.998535,2369.588379,1553.318726,1778.689941,595.310608,1942.395264,6689.039551,544.129639
TCGA-DM-A1D4-01A-21R-A155-07,60094.75,56326.23438,20370.75391,42688.375,26920.13867,34052.61719,29899.53906,6867.545898,3700.29126,9992.269531
TCGA-A6-6141-01A-11R-1774-07,26835.18164,20720.32813,27170.37109,23102.71094,20520.17578,20513.10742,7500.071777,9187.306641,3988.705566,10313.4043
TCGA-NH-A6GC-01A-12R-A41B-07,35507.73438,28119.75195,25720.50391,11614.36914,22960.73828,9362.219727,15191.88184,15532.46289,3329.495605,12033.14258
TCGA-A6-2681-01A-01R-1410-07,12129.5166,5056.994629,10941.29981,6541.532715,6174.304688,1298.467041,3331.722168,2234.501465,12066.75098,2233.864502
TCGA-AA-A01S-01A-21R-A083-07,16787.51758,14470.20996,17637.97656,13446.83789,18667.41797,6350.57959,8996.543945,2633.806885,8397.008789,8355.413086
TCGA-AA-A01Q-01A-01R-A002-07,47310.99609,37066.97656,40930.66016,35697.37109,33109.29297,24335.27539,20101.25586,22965.88281,2898.073242,18153.28906
TCGA-D5-6535-01A-11R-1723-07,23876.16211,11489.38477,15690.24609,20007.14453,15336.7041,18001.19336,10518.41699,5220.587402,5149.814453,7428.385254
TCGA-AA-3534-01A-01R-0821-07,13266.81348,11001.92578,16277.30469,9560.904297,11730.20117,5873.646484,3646.954834,6929.433594,5654.601562,5947.743164
TCGA-D5-6539-01A-11R-1723-07,17688.17773,11135.86328,18314.57031,15592.21484,11868.01367,13842.77441,5854.693848,11575.85547,7325.649902,3963.01001
TCGA-AZ-6603-01A-11R-1839-07,22835.7793,17678.34766,12212.07422,22312.94531,15585.27148,17952.45508,12740.62891,6664.824707,5617.364746,6834.013672
TCGA-AA-3695-01A-01R-0905-07,4801.030762,3542.422363,5262.344238,3936.893066,3282.532471,1870.556152,1129.457397,2788.729004,9796.646484,1284.077515
TCGA-AA-3833-01A-01R-0905-07,12704.75977,12649.15625,15294.96875,7788.300293,10421.01074,4986.754395,4367.572754,6183.063965,7635.609375,4674.732422
TCGA-CM-4744-01A-01R-A32Z-07,5090.92627,5807.791504,4769.756836,2717.868164,2197.831787,2149.744141,1241.679688,3028.810303,5306.052734,2410.904053
TCGA-5M-AAT6-01A-11R-A41B-07,14592.2334,17120.50391,16283.65137,12370.37793,10381.66699,9606.352539,7136.310059,5836.469238,4837.623535,4187.966797
TCGA-AA-3673-01A-01R-0905-07,10316.39941,12163.0127,12661.86816,8352.380859,7165.686035,6319.010742,4506.071777,4355.626953,6632.192383,7144.400391
TCGA-AA-3662-01A-01R-1723-07,23723.18359,14472.9502,22930.65039,21301.44727,16204.44727,19365.86523,7677.222656,15626.80566,3354.338867,7718.855469
TCGA-CM-5349-01A-21R-1723-07,26160.19336,25988.08984,13368.09863,25844.875,19582.32813,20176.11914,9189.818359,7759.182129,6448.183594,8340.523438
TCGA-AA-3811-01A-01R-1022-07,15921.0332,11847.83789,12983.00391,11203.39648,10577.53027,6217.053711,5619.163574,10676.05957,7691.693359,4256.8125
TCGA-A6-5665-01A-01R-1653-07,11341.24707,12359.46875,13083.63477,9679.879883,5047.592773,7863.341797,3442.860352,2522.034424,5902.545898,2878.243164
TCGA-AA-3496-01A-21R-1839-07,14453.10059,13862.37988,10038.57227,18163.26367,20271.61523,16093.13574,14114.53418,1573.983154,2673.226318,10885.96875
TCGA-G4-6320-01A-11R-1723-07,24459.76953,17420.38281,22251.84766,17322.37891,14757.52051,12578.05859,6084.575684,8921.743164,6234.194336,7211.912598
TCGA-F4-6809-01A-11R-1839-07,26900.74023,25164.3418,14595.15723,27054.50977,19980.74219,19226.62109,13556.7793,8594.670898,6038.048828,12317.78125
TCGA-AA-A00E-01A-01R-A002-07,14412.03516,12084.24512,17205.94336,13005.10547,12654.90625,7190.371094,5489.834961,4971.668457,7150.976074,3977.977051
TCGA-A6-2676-01A-01R-0826-07,5632.854492,5468.046875,7161.746582,8569.30957,5841.868652,4498.019043,2360.434326,1042.54541,10128.28125,2849.885986
TCGA-DM-A0X9-01A-11R-A155-07,25849.65039,22055.59766,17682.17188,26658.29492,15073.76465,20341.4707,7405.489746,3832.950928,3865.185059,6742.101074
TCGA-AZ-4615-01A-01R-1410-07,18801.8125,17983.20117,19608.16211,13795.78223,15182.66895,10830.49609,6280.192871,4123.523926,6301.424316,4419.993652
TCGA-AZ-5407-01A-01R-1723-07,6503.105957,6659.116699,5834.680664,5829.119629,4192.337402,5029.669922,2593.136963,1927.476807,3951.982666,3752.7771
TCGA-A6-5665-01B-03R-2302-07,20826.98242,16373.29785,23859.75977,33121.52344,29920.12891,28409.19141,15324.2832,67489.9375,2462.406494,4355.063477
TCGA-G4-6626-01A-11R-1774-07,16770.17383,15905.74609,12730.19141,12867.66992,13201.45215,11354.65527,7350.148438,2423.954346,4951.67334,3856.986572
TCGA-AA-A00Q-01A-01R-A002-07,23819.97461,23188.20898,18545.04102,17209.15234,18998.38477,11436.5166,6376.421387,9882.051758,8068.641602,5781.525391
TCGA-A6-5662-01A-01R-1653-07,5032.432129,3851.837891,6010.148926,5321.732422,3224.132568,4369.180664,2852.72876,3128.461914,3775.646484,5023.181152
TCGA-AA-3562-01A-02R-0821-07,11090.3291,8840.113281,7589.803711,6134.698242,4758.537109,3236.322266,2920.174561,4722.797852,8087.327148,5573.610352
TCGA-CM-5864-01A-01R-1653-07,20438.55078,10468.75879,2539.098145,13084.05664,6634.079102,8346.008789,4426.979004,6383.127441,2827.101074,12069.47852
TCGA-AA-A03F-01A-11R-A16W-07,28743.48633,17245.20117,25202.69141,21761.02148,23359.95508,9608.857422,10623.93457,8783.682617,8345.273438,6165.152832
TCGA-DM-A1D7-01A-11R-A155-07,25203.80273,23721.82813,9258.555664,21579.11719,19915.29102,13369.00195,13939.85449,3528.603516,3581.833984,8772.579102
TCGA-A6-6654-01A-21R-1839-07,15948.83398,10543.05078,14168.76758,12344.70703,11031.31152,9045.766602,7504.195801,1999.174438,8134.891602,7135.541016
TCGA-AA-3543-01A-01R-0826-07,8065.992676,8031.88916,7459.443848,6050.505371,5075.052734,3150.312012,2655.723877,1658.616577,8240.847656,4154.022949
TCGA-AA-3971-01A-01R-1022-07,16226.39648,15227.64648,17251.91602,12219.48145,13205.14746,6983.146484,5950.237793,7174.887695,6097.950684,8949.047852
TCGA-G4-6627-01A-11R-1774-07,21058.63867,17688.14648,18584.72656,18951.19336,14230.39063,13371.08789,10151.03418,7776.429199,7345.738281,10049.33398
TCGA-A6-A5ZU-01A-11R-A28H-07,47070.01563,38332.05859,31745.9082,21682.1582,28799.42383,17204.86523,24372.23633,10506.83398,4249.095703,12499.46973
TCGA-AY-A8YK-01A-11R-A41B-07,26029.12891,17344.47852,23215.53711,18227.92578,14721.28027,13583.98828,9420.311523,29284.66016,6902.462402,5056.373047
TCGA-A6-6651-01A-21R-1839-07,14979.18066,11867.40527,15745.99219,11135.16113,15212.46387,8111.996094,5127.551758,6387.929688,5555.377441,5372.484863
TCGA-AZ-4684-01A-01R-1410-07,15653.37793,8092.962891,7692.506348,9362.069336,8905.728516,2601.507812,3377.616943,3006.901611,12821.48926,4582.56543
TCGA-CM-6162-01A-11R-1653-07,6682.295898,5527.858887,5122.967773,6901.731445,4657.546875,6571.094727,2019.094116,2126.82666,8753.939453,2477.100098
TCGA-A6-2685-01A-01R-1410-07,10312.73145,12110.24609,11252.0625,10927.95996,7386.456055,10229.23535,4678.931152,5183.338379,7343.610352,2705.218262
TCGA-CA-5797-01A-01R-1653-07,13608.44238,13142.52441,8160.112305,9813.518555,6294.536621,7841.994141,4468.296875,4738.727539,7115.42041,6078.347656
TCGA-T9-A92H-01A-11R-A37K-07,16867.19727,25117.75195,19991.58398,14789.47363,14668.43652,13822.08594,8816.308594,8718.556641,4718.994629,4997.336426
TCGA-AA-3968-01A-01R-1022-07,24890.75391,20801.96484,14902.56836,17501.10156,15613.69141,12054.72168,8645.417969,28769.07813,5451.654297,7396.477539
TCGA-CM-6678-01A-11R-1839-07,19894.54297,18003.37109,7020.126465,15339.43164,11607.20898,9940.321289,8673.053711,14470.5293,4939.11377,6669.222656
TCGA-CK-4951-01A-01R-1410-07,19871.62891,17580.9707,14016.49414,18913.83984,16369.34863,7521.76416,7142.81543,5004.564453,8824.994141,5873.454102
TCGA-DM-A28A-01A-21R-A32Y-07,9324.908203,7538.548828,4884.916016,5022.053711,9027.148438,3407.320557,3371.938721,4113.075684,5048.387695,1923.556885
TCGA-AA-3489-01A-21R-1839-07,8656.954102,10070.78223,6888.399902,12511.75,8125.759766,9003.166992,5353.571289,2762.85376,4291.343262,2875.104004
TCGA-AU-6004-01A-11R-1723-07,20902.74414,21390.28125,25689.79492,21830.67773,17028.84375,20159.16406,12060.23438,3009.182617,5499.054199,5892.304199
TCGA-A6-6781-01B-06R-A277-07,9550.463867,15561.7793,21883.17578,17019.38477,19103.28125,10922.07813,4297.430664,6914.427246,1136.61145,4151.655273
TCGA-A6-6140-01A-11R-1774-07,18400.68945,11100.03125,13965.74707,14315.34668,12814.55566,12392.21777,6984.355469,3803.372314,6633.910156,5987.883301
TCGA-CM-6167-01A-11R-1653-07,12535.0127,11208.0332,11154.3252,12330.12207,8478.260742,9517.862305,5697.248047,4996.597656,7012.913086,5118.294922
TCGA-A6-A56B-01A-31R-A28H-07,36536.06641,25791.17773,16469.44531,21336.72852,16726.75977,18644.94336,8148.365234,7248.553223,4945.772949,4159.09082
TCGA-G4-6310-01A-11R-1723-07,22620.00977,20880.3125,19216.87695,23964.2168,15218.61035,15084.03613,10612.54395,10926.97559,6466.15918,15963.2959
TCGA-CM-5348-01A-21R-1723-07,19963.41602,14599.89063,13322.70703,20414.55273,12761.1377,15839.4541,8389.359375,17276.88867,6831.081543,6980.219727
TCGA-AA-3858-01A-01R-0905-07,11027.99805,13084.83398,6792.259277,6838.828613,6167.040039,4367.161133,3740.737061,2696.971436,7745.712891,7392.224121
TCGA-AA-3947-01A-01R-1022-07,20022.125,14790.16992,14335.05859,12512.66992,12983.23535,8195.727539,6633.745605,2638.171143,1319.613403,7401.478516
TCGA-DM-A1DB-01A-11R-A155-07,21706.41797,17296.17773,11348.38672,16287.93457,16379.32227,11431.2832,11456.54102,3178.187744,4189.082031,7948.489746
TCGA-AZ-4315-01A-01R-1410-07,11713.87402,5770.549805,7145.862305,4414.324707,3212.138672,1040.286743,1728.068604,3491.534668,10479.47656,5705.837402
TCGA-CK-6747-01A-11R-1839-07,15684.0293,13558.86231,14010.07422,13673.34961,10475.60449,11025.12305,6090.476562,3521.509521,5929.007324,5252.440918
TCGA-CM-4750-01A-01R-1410-07,15977.9209,5914.187012,6783.625,10885.92188,7362.07373,2687.563477,4653.126465,2211.786377,9983.617188,5560.651855
TCGA-A6-4105-01A-02R-1774-07,10495.95801,11024.88086,10927.28809,12162.93066,10238.09277,10633.04883,7006.239258,4844.288086,5008.446289,4120.930664
TCGA-DM-A1D8-01A-11R-A155-07,49987.27344,26625.15234,24383.19336,31844.93555,24225.45117,19303.35352,16021.00098,13973.03418,3534.313721,15074.10938
TCGA-AZ-4313-01A-01R-1410-07,6312.550293,4610.709473,6010.230469,4219.337891,2732.591553,2790.485352,1541.65979,2171.089355,4991.504395,3028.068115
TCGA-A6-6780-01B-04R-A277-07,23227.50781,28776.2832,29391.44336,29314.56055,32745.39063,18259.29492,11444.61035,11748.1582,474.284515,9094.833008
TCGA-AA-3561-01A-01R-0821-07,13865.9834,9857.288086,9536.322266,7867.14502,5756.492676,4950.258301,2563.731445,5919.493652,3931.218262,3949.227783
TCGA-DM-A1D6-01A-21R-A155-07,38304.37109,25023.80078,6434.73291,27916.38672,14729.13086,23460.92188,15678.16504,4958.007324,5516.031738,5910.479004
TCGA-AA-3556-01A-01R-0821-07,7629.990234,7198.007812,8194.457031,5497.195801,4710.14502,3336.249756,1744.678467,4308.147461,5937.870605,3074.87793
TCGA-AZ-4614-01A-01R-1410-07,13976.0918,9586.474609,8009.054688,11221.99609,8206.256836,4622.386719,6889.828613,4608.785645,4325.030762,8001.889648
TCGA-CK-5913-01A-11R-1653-07,11828.84082,10013.07617,5999.769531,11120.04883,5936.810059,9282.545898,4942.883301,1940.595703,6486.701172,5518.304688
TCGA-CA-5255-01A-11R-1839-07,23131.98438,14999.05371,20785.32617,20956.14258,17583.28516,16602.33984,12758.7666,12157.16699,7323.796875,11677.5332
TCGA-AY-A71X-01A-12R-A37K-07,27888.46094,19382.9082,27158.5332,13473.14356,16291.44727,10147.53809,8073.243652,12623.00098,4966.710938,7774.849121
TCGA-A6-A565-01A-31R-A28H-07,28580.31836,24179.18164,29436.2832,22000.17578,19425.36719,17875.50977,12975.66797,13791.21875,6520.82373,5427.42041
TCGA-AA-3692-01A-01R-0905-07,10342.86328,8467.27832,10020.07617,5886.613281,7586.658691,4461.804688,3965.389648,4284.41748,3614.521484,5637.685547
TCGA-A6-6648-01A-11R-1774-07,15209.38281,14320.3584,14834.78613,12309.32129,12682.24707,10594.375,8403.061523,4932.996094,3939.156738,7451.98584
TCGA-AA-3502-01A-01R-1410-07,11295.07031,6356.074219,11506.67676,6565.444824,6617.664062,1971.030396,3395.756592,3683.880371,6768.094727,4754.098145
TCGA-AZ-4615-01A-01R-1410-07,19093.85156,14249.24023,15554.87012,13389.75391,12915.14844,6761.233887,5386.088379,4943.353516,5850.245117,6714.60791
TCGA-AA-3517-01A-01R-0821-07,33935.88281,23907.29688,21805.72266,23594.60938,23046.30859,13545.90332,10263.16113,9174.587891,5106.615723,10182.33984
TCGA-A6-2678-01A-01R-0821-07,9274.293945,5543.30127,9361.811523,7835.309082,6604.208496,4900.116699,3053.504883,3697.505859,7498.893555,8942.959961
TCGA-AA-A00Z-01A-01R-A002-07,14660.58887,17111.71094,16848.14844,15360.66699,13845.54395,9457.499023,9399.050781,8351.513672,5348.193359,4308.751465
TCGA-G4-6586-01A-11R-1774-07,25422.57227,18558.77344,20062.36719,16370.31934,12776.59277,9835.040039,4886.39502,2976.487061,6124.498535,5024.42041
TCGA-AA-A02R-01A-01R-A00A-07,11680.69727,9274.333984,8073.388672,9287.117188,9636.782227,3763.973877,2852.375244,1616.216064,9247.833008,2677.745605
TCGA-QG-A5YX-01A-11R-A28H-07,21807.2832,19375.29688,20926.70703,14624.67188,15789.22852,11099.83008,12226.49512,2250.193115,3442.864746,6507.188477
TCGA-CM-6679-01A-11R-1839-07,14759.87793,15118.98145,11335.50391,12675.26563,9031.983398,8990.557617,6535.078613,6983.207031,5162.854004,4467.47998
TCGA-CK-6748-01A-11R-1839-07,11261.3584,11619.59668,9185.006836,14898.62012,9710.109375,11141.43262,6336.707031,5095.808105,7710.118164,12852.53223
TCGA-A6-2685-01A-01R-1410-07,9930.930664,8160.678223,8291.833008,8629.693359,5655.520996,1894.22998,2774.668213,3915.96167,12695.46582,2250.797363
TCGA-AA-3975-01A-01R-1022-07,26362.20313,25963.9668,13183.66016,22055.32031,22899.5,10702.74609,13233.97168,7224.200684,6213.914551,7639.317383
TCGA-A6-2684-01A-01R-1410-07,16181.87988,20092.09766,13805.39258,17501.81445,10130.19629,16398.60938,5378.63623,4929.581055,7949.213867,5268.020508
TCGA-G4-6311-01A-11R-1723-07,15472.82422,12393.51856,14529.62402,17412.33008,11577.20117,14523.07227,10505.4707,3544.705322,6627.949707,7344.875
TCGA-AA-A01T-01A-21R-A16W-07,35092.58203,18380.60547,26350.72852,19741.03125,17806.05859,5302.719238,7333.708984,7619.414062,19476.01563,10004.56543
TCGA-F4-6704-01A-11R-1839-07,12347.63086,11375.32129,5055.073242,10133.30762,8750.904297,7247.943848,4360.027344,6531.345703,4922.278809,4176.412109
TCGA-D5-6898-01A-11R-1928-07,8803.863281,7655.26709,8728.125977,6833.585449,6606.771973,4893.177734,4041.859863,4497.652344,6892.23584,4533.529297
TCGA-AA-3950-01A-02R-1022-07,16093.13574,19315.61914,14353.59277,11407.11231,11172.47168,7491.989746,4184.368652,4279.604492,7172.503418,6635.452148
TCGA-G4-6294-01A-11R-1774-07,36344.11719,17082.625,19624.37305,24735.69531,17860.61523,17843.04492,13854.61816,25771.66406,3990.214844,5534.359375
TCGA-NH-A5IV-01A-42R-A37K-07,16459.49414,14471.26172,20655.98047,10259.3418,10288.72363,7968.003906,6879.918457,11396.48731,4898.255859,5364.339844
TCGA-AD-6548-01A-11R-1839-07,12399.09863,9720.294922,8756.37207,9073.478516,6474.240723,7491.940918,4505.769043,4390.614746,9137.360352,3304.719482
TCGA-D5-6532-01A-11R-1723-07,9423.226562,9038.047852,6187.065918,8386.126953,7969.084961,6399.450684,5811.375977,2928.019531,4609.748047,3921.052002
TCGA-D5-6541-01A-11R-1723-07,25621.22852,19036.22266,23621.34375,24369.07813,20394.9375,20690.50781,21926.58008,12473.21875,3217.329834,12343.2627
TCGA-DM-A1HA-01A-11R-A155-07,9183.326172,7413.150879,7197.534668,16267.81836,10245.27148,10285.08496,16038.32715,2755.074219,5460.300293,10136.08008
TCGA-G4-6298-01A-11R-1723-07,19394.16406,18317.69727,9391.317383,12598.07617,12086.37402,7908.701172,8649.952148,5690.476074,4364.88623,4975.372559
TCGA-AA-3660-01A-01R-1723-07,18217.03125,16398.0918,13847.4209,16186.87207,9962.19043,13377.65234,8224.011719,3576.180664,4631.127441,6000.870605
TCGA-F4-6460-01A-11R-1774-07,25096.25586,21328.70898,23311.14063,23214.8125,18670.32813,22569.13281,12048.48926,12017.8877,4922.911621,10420.73438
TCGA-AA-3814-01A-01R-0905-07,13712.62793,11566.95508,11824.34277,7453.077637,9530.349609,6547.92041,4889.685059,5790.547363,5785.512207,7602.837891
TCGA-D5-6932-01A-11R-1928-07,15611.79297,14632.6875,15614.6084,12695.39356,11585.32129,9277.213867,6113.080566,6599.245605,3994.004395,9232.341797
TCGA-AA-A01R-01A-21R-A083-07,8644.339844,7141.060547,12219.86523,7138.727051,7097.284668,2549.290527,1985.6698,3792.988281,15671.86816,2364.744141
TCGA-AY-4070-01A-01R-1113-07,16672.40625,18238.47852,19009.0332,11919.59277,15830.42578,8964.195312,7609.85498,18265.50586,6276.728027,5828.168945
TCGA-AA-3527-01A-01R-0821-07,9726.866211,2984.59375,8165.932129,5683.187988,4111.937988,857.757935,860.869446,1557.792358,50262.72656,870.622864
TCGA-AA-3655-01A-02R-1723-07,14125.33203,18836.79688,17392.48633,16206.30664,11577.23828,15331.60449,6345.242188,7772.19043,7085.386719,4291.207031
TCGA-AA-3980-01A-02R-1022-07,24612.11328,34253.125,13887.68359,20700.63477,20595.16797,15128.05469,11545.25195,3805.183594,4547.104004,17904.32422
TCGA-AA-3872-01A-01R-1022-07,11847.51758,12147.51758,11606.92871,9859.723633,8081.901855,5299.413574,3528.604248,14465.32031,14209.17383,3989.279053
TCGA-AA-A01X-01A-21R-A083-07,22650.03516,27167.33008,11423.73047,26612.47461,20192.84766,20188.87891,16192.97168,7043.599609,3060.75293,8008.440918
TCGA-AA-3502-01A-01R-1410-07,9227.551758,9146.616211,9354.935547,7047.557129,5665.812012,5541.805176,3797.038818,4289.257812,4263.001953,4901.661621
TCGA-AA-3852-01A-01R-0905-07,12200.13965,16272.39551,11631.25781,9538.279297,8098.825684,6477.913086,4538.040039,5036.816406,6785.067383,5381.177246
TCGA-A6-A566-01A-11R-A28H-07,23352.0293,29199.26172,7633.5625,22525.49414,20052.44531,18030.58984,11549.89941,4802.294922,8014.063965,3933.364258
TCGA-A6-5661-01A-01R-1653-07,8639.186523,9637.90625,8085.73291,6088.740723,6141.947754,6059.425781,4424.40918,1810.142212,5203.023438,2957.472168
TCGA-AD-6901-01A-11R-1928-07,7745.852539,7660.230469,8073.978027,7838.62207,4942.374023,5592.11377,2645.040527,5770.109863,6958.893555,1681.25293
TCGA-WS-AB45-01A-11R-A41B-07,10172.45801,9075.370117,9974.963867,11166.85449,8290.31543,9497.058594,6577.598633,2337.900635,8558.90625,2869.531006
TCGA-AD-6965-01A-11R-1928-07,3864.941406,3978.265381,3701.536377,2402.622803,1960.113403,1957.244751,1246.269653,1790.362061,5851.994629,1644.719849
TCGA-AA-3939-01A-01R-1022-07,8705.351562,13656.46484,7145.810059,6886.096191,4835.794922,5041.375977,3878.763428,7912.643066,5448.939453,3184.994141
TCGA-AZ-6605-01A-11R-1839-07,17751.06445,13410.97754,15472.53418,15435.79199,11546.97461,14001.62109,8061.080078,5907.80957,4589.016113,8539.337891
TCGA-D5-6928-01A-11R-1928-07,2013.782349,1913.390015,3071.333496,2289.119141,1883.142334,1774.246094,1518.501587,1028.232788,3882.945557,872.029907
TCGA-CM-4747-01A-01R-1410-07,19999.53906,20290.2793,15147.20313,23467.625,17084.43164,20041.14648,16580.17188,4772.557129,5261.440918,14819.68457
TCGA-AA-3821-01A-01R-1022-07,17291.86523,21394.08789,21474.84766,15772.69043,16707.36133,9195.992188,7229.638672,3837.279297,4222.540039,6980.313965
TCGA-AA-3492-01A-01R-1410-07,4667.710938,3437.950195,3868.374756,3517.441162,1644.846558,2950.827393,1540.429565,1377.016235,5444.257812,1550.525513
TCGA-AA-3542-01A-02R-1873-07,6349.872559,5595.605469,4869.003418,4483.338867,3533.692627,1044.062622,1885.054443,2371.293457,4273.59668,3433.507812
TCGA-AD-A5EJ-01A-11R-A28H-07,21546.83789,20411.40234,21931.47656,21141.42188,20575.66992,17653.4375,12979.09766,2763.828125,4924.219238,6547.693848
TCGA-A6-5659-01A-01R-A278-07,75.289093,128.361603,138.577347,25.071772,11.705482,22.923187,9.662704,172.084076,704.670654,20.041426
TCGA-D5-6922-01A-11R-1928-07,6759.666504,9604.650391,8316.626953,7940.104004,6911.180664,6173.484375,4778.533203,4345.469727,6836.286621,2986.794922
TCGA-A6-5667-01A-21R-1723-07,12995.89453,9422.47168,12848.91309,12559.19434,14101.30273,10328.5957,7285.025391,4968.583008,6052.112305,8975.444336
TCGA-A6-5659-01B-04R-A277-07,38275.71875,46382.34375,35948.58203,53106.94922,62237.60547,36389.01563,23414.08789,10764.47559,308.418671,18992.2207
TCGA-4T-AA8H-01A-11R-A41B-07,37768.41797,33368.13281,27234.52539,26350.89453,21664.87695,25361.41602,21099.65234,14683.61035,4404.043457,10207.0166
TCGA-A6-2684-01A-01R-1410-07,13668.99805,7400.311523,12208.57422,11153.42383,6599.618652,2294.970947,2380.32251,2436.587158,25662.38672,3155.642822
TCGA-G4-6297-01A-11R-1723-07,12664.64844,9117.043945,14354.23926,11453.80469,9465.669922,10544.42969,5548.053223,4843.554688,6989.746094,4108.856934
TCGA-CM-5860-01A-01R-1653-07,3210.612549,2848.483398,1714.200317,2910.652588,1231.700317,2448.6521,1470.228149,1255.146729,7487.005859,2339.003174
TCGA-CM-6165-01A-11R-1653-07,21089.5918,17282.68164,21948.41211,17981.41406,15562.83594,15867.00293,8575.074219,9245.724609,4179.050293,9663.660156
TCGA-AY-4071-01A-01R-1113-07,26713.48438,18041.57422,16636.67383,13761.5957,18505.10547,9707.289062,7440.61084,12524.26367,7965.522461,11477.04981
TCGA-AA-3710-01A-01R-1022-07,8228.762695,6864.460938,10249.87598,9041.939453,7282.025879,4704.29248,4136.339355,2005.654907,6447.324219,2657.867188
TCGA-AA-3667-01A-01R-0905-07,15285.03125,15659.66699,12032.91016,24376.25,13761.3877,3569.495361,9930.511719,557.099609,17832.19531,5881.867676
TCGA-CM-5862-01A-01R-1653-07,14543.61621,12996.70606,3906.067627,10108.3291,5605.689453,7746.813477,14058.35742,7642.798828,2157.628906,18477.89844
TCGA-D5-6931-01A-11R-1928-07,5531.746582,7169.62207,8530.833984,5321.358887,3876.884521,4227.826172,3026.616455,1560.586548,6134.130371,2573.310059
TCGA-CK-5915-01A-11R-1653-07,12020.16797,12787.81055,9579.514648,13219.84473,9729.333984,11712.70215,6164.264648,5993.091309,5774.20752,3207.644775
TCGA-AD-6895-01A-11R-1928-07,5681.634277,4933.626465,7644.191895,5000.874512,2908.736816,3523.912598,1205.719971,1486.816284,8327.306641,818.705688
TCGA-CA-5796-01A-01R-1653-07,13855.14453,12539.83301,9067.657227,10619.22754,6652.495605,8878.876953,5884.558105,9813.927734,4920.054688,5860.356934
TCGA-D5-6529-01A-11R-1774-07,11573.97656,15632.71484,12126.94629,9940.007812,9942.030273,8300.352539,5300.262695,2260.449951,4952.464355,6336.657715
TCGA-F4-6459-01A-11R-1774-07,13020.39648,9146.017578,11967.54883,15113.36035,10757.81055,14107.36719,7629.101562,5795.187012,8579.908203,8840.589844
TCGA-CA-6715-01A-21R-1839-07,9756.091797,6731.133301,9609.235352,8354.720703,8647.517578,6789.405273,5484.168945,3384.19751,3863.449219,5138.20166
TCGA-A6-2672-01B-03R-2302-07,16856.70313,13913.06836,25674.86914,27873.7168,30279.58594,22409.76172,18157.85742,70620.79688,1910.258789,5795.418457
TCGA-CM-4752-01A-01R-1410-07,15073.41699,13018.03516,8260.907227,9055.536133,6632.273926,3266.676758,4841.472168,6785.117188,6428.500488,5074.768066
TCGA-CM-5341-01A-01R-1410-07,4626.669434,3498.332031,2320.990479,2688.111816,2147.733887,1280.270264,1257.744751,1926.786377,3510.615967,2689.239258
TCGA-AA-3870-01A-01R-1022-07,10198.53125,11971.68359,7759.960449,12030.52734,6904.161133,5813.739746,4444.146973,4244.307129,26425.6875,6344.721191
TCGA-D5-6536-01A-11R-1723-07,15619.00879,12578.39258,13796.43164,14621.06934,10367.55273,12525.24121,3175.712646,6493.306152,4591.458008,3216.608154
TCGA-AA-3522-01A-01R-0821-07,9630.336914,11380.70313,7229.037598,7011.547363,5367.984375,4882.36084,3355.502441,5854.666016,4204.119629,4033.561523
TCGA-CM-6677-01A-11R-1839-07,9786.476562,9015.010742,4923.455078,9618.423828,5509.479492,5987.197754,4050.270752,3227.858154,4642.523926,3474.036621
TCGA-AA-3511-01A-21R-1839-07,45242.75,22030.44336,24595.82813,33424.30469,20793.27539,26980.01172,15458.73145,8536.379883,5184.447266,14040.77734
TCGA-F4-6463-01A-11R-1723-07,11997.77148,14904.66016,17541.01172,14556.5293,11241.75781,12785.05762,5084.339355,7483.715332,4515.041992,5702.006348
TCGA-CA-5254-01A-21R-1839-07,7993.339355,8312.089844,1373.608643,8900.092773,6482.575684,6887.194824,4757.035645,1910.787598,4616.176758,4684.786133
TCGA-CK-4952-01A-01R-1723-07,7746.757324,9933.766602,11362.95606,9519.77832,5688.160156,8550.611328,3100.439209,3895.69873,4283.327148,1989.12439
TCGA-A6-A567-01A-31R-A28H-07,26858.59961,20109.72656,31220.05469,21179.42383,21486.45508,18415.59766,15555.77246,3804.571289,3729.553711,7133.257812
TCGA-AA-3492-01A-01R-1410-07,5261.349121,2051.296631,4874.348145,2525.319824,1980.481445,588.641907,997.494934,789.003296,8207.871094,884.089233
TCGA-CM-6168-01A-11R-1653-07,13550.93555,9202.174805,10862.21094,9797.265625,8398.101562,7843.277344,5028.609375,2113.376953,6378.678223,3849.75293
TCGA-DM-A28K-01A-21R-A32Y-07,13281.16016,22329.27539,18883.99609,9001.389648,8418.128906,6389.275391,4465.415039,7152.376465,4232.796875,3616.82251
TCGA-CM-4748-01A-01R-1410-07,10520.74512,6857.538574,8846.785156,6586.304199,4715.101562,3244.459717,3637.070312,3835.257324,3300.183594,5314.34082
TCGA-A6-6780-01A-11R-A278-07,322.423065,653.659424,1159.228638,119.085876,69.732651,97.019005,52.975174,100.140892,1037.623901,30.639572
TCGA-F4-6856-01A-11R-1928-07,4356.921875,2374.028564,5062.577637,2428.989502,2526.655273,1950.572144,1791.56897,1946.86792,4892.5,1120.436523
TCGA-5M-AAT5-01A-21R-A41B-07,18357.27539,13016.00879,17099.08008,13788.98535,12380.95703,9981.674805,7866.521484,5430.830566,4701.38916,4133.100586
TCGA-A6-2672-01A-01R-0826-07,8056.043945,8149.432617,12609.25586,7443.960449,8006.475098,4380.290039,3376.520264,5742.853027,8630.939453,3106.874512
TCGA-DM-A0XD-01A-12R-A155-07,62977.41797,31373.99805,24065.27734,35336.83984,30855.43555,23112.0957,18020.10156,4838.287598,4311.172852,11888.65918
TCGA-DM-A0XF-01A-11R-A155-07,22889.625,16382.45606,11632.65039,17622.17383,13671.9082,11834.69434,11407.70313,5110.46875,7355.838379,4553.457031
TCGA-AA-A01Z-01A-11R-A083-07,42325.56641,25167.83398,19231.75391,22136.03906,22184.84375,5962.009277,10272.01856,4788.653809,7224.37793,9464.332031
TCGA-F4-6807-01A-11R-1839-07,13135.54199,8441.80957,11941.90234,15565.45508,10766.65527,12301.38184,6945.304199,4063.529297,5492.122559,5045.547852
TCGA-DM-A1D9-01A-11R-A155-07,39766.54297,19240.08203,24341.14648,37709.68359,27013.17969,28189.48438,19539.13086,8646.779297,4561.239258,11371.21973
TCGA-AA-3973-01A-01R-1022-07,12151.60156,13742.49707,11788.60156,10655.22754,9691.238281,6202.18457,6087.888672,11088.79785,3164.726074,7831.926758
TCGA-D5-6929-01A-31R-1928-07,4847.470215,3255.722412,4294.056152,3154.971191,2592.520752,2297.37793,1882.649414,1063.886963,3732.721924,939.799255
TCGA-AA-3819-01A-01R-0905-07,26232.91602,26668.85938,16837.57617,18547.60156,17625.27539,14958.46875,9391.407227,6670.915527,5232.900879,9268.199219
TCGA-A6-2682-01A-01R-1410-07,12767.93164,7320.949707,10398.64258,9632.642578,5806.397461,2597.73584,3233.406494,5945.460938,10601.33691,5538.815918
TCGA-AD-6888-01A-11R-1928-07,8502.541992,6058.026367,6254.612305,3987.952393,3894.292969,2524.705078,1984.226562,5457.830566,5499.086426,1595.522949
TCGA-DM-A28E-01A-11R-A32Y-07,23296.23438,16211.58887,16987.06836,16718.27539,16963.85352,11503.06641,7502.821777,9095.496094,3473.36792,5031.403809
TCGA-DM-A28C-01A-11R-A32Y-07,46311.21875,23386.88672,28475.66602,29417.38477,21906.02344,22023.32617,12365.10938,13334.09961,5007.379395,10962.15527
TCGA-AA-3506-01A-01R-1410-07,8951.94043,6210.912109,5754.942871,5757.034668,3536.95166,945.645569,2236.897949,3222.864746,12842.73242,1071.074341
TCGA-DM-A28M-01A-12R-A16W-07,24606.78125,26804.26563,7909.939453,24677.39063,11130.82813,15459.61719,10103.54785,14749.8418,4916.362305,4074.331055
TCGA-AA-A024-01A-02R-A00A-07,38534.68359,42011.69531,40841.22656,23551.37305,21847.44531,9955.290039,4989.991699,16610.91797,5716.519531,9191.104492
TCGA-AA-3815-01A-01R-1022-07,14480.23926,13251.98926,15117.70117,8708.830078,11148.45117,4360.126953,3966.798828,4003.303955,7657.608887,4900.496094
TCGA-AA-A00K-01A-02R-A002-07,16791.66211,14796.04004,19576.36914,14482.90332,12771.60547,7669.619629,4564.432617,9288.629883,10532.76563,4134.555176
TCGA-CM-6172-01A-11R-1653-07,18752.56055,15830.08301,16332.81641,16279.60547,13335.51563,14750.27148,8777.089844,5674.346191,3096.452637,7636.888184
TCGA-NH-A6GB-01A-11R-A37K-07,20353.38672,18300.95898,20387.05469,15931.87402,14935.34277,15117.64648,10657.36426,4719.52832,3070.161377,9307.006836
TCGA-5M-AATA-01A-31R-A41B-07,25567.49414,35338.20703,8804.431641,24833.52344,17591.15039,18961.96289,22512.01367,6823.457031,4140.977539,7991.283691
TCGA-A6-6137-01A-11R-1774-07,12826.45703,9598.861328,12555.00195,14835.90137,11853.96973,14800.1709,11408.0332,4288.574219,4150.17041,9983.993164
TCGA-CA-6716-01A-11R-1839-07,11782.12793,10142.97266,8626.079102,10753.74316,8258.363281,7881.379883,4133.882812,3286.871582,3724.1875,4058.499023
TCGA-AA-3854-01A-01R-0905-07,19518.9043,17348.9082,16292.53223,13491.85645,15195.78223,10203.28125,8783.136719,3429.464844,5923.984863,8675.038086
TCGA-AA-3489-11A-01R-1839-07,4181.491211,5030.953125,5273.360352,4673.419434,3099.813965,3714.039551,2030.199341,3418.646729,7037.37793,2526.643311
TCGA-AZ-6600-11A-01R-1774-07,19903.99219,30089.15234,20675.37305,14445.15234,16225.8457,14919.64258,9383.537109,11515.39258,6077.168457,7854.670898
TCGA-AA-3662-11A-01R-1723-07,6582.147461,8558.023438,12024.46191,6409.956543,6219.162109,5676.466797,3335.947998,6958.56543,3115.334961,4232.25293
TCGA-AA-3514-11A-01R-A32Z-07,12731.55859,16395.0293,19845.38672,10809.30566,9240.847656,8671.972656,4422.263184,12599.76758,6396.738281,6718.695801
TCGA-AA-3522-11A-01R-A32Z-07,11032.77246,16787.66992,18575.61719,10343.58008,8205.545898,8176.216797,3686.92041,10981.4375,4358.875977,4551.33252
TCGA-A6-5665-11A-01R-1653-07,28817.47266,28725.70508,41478.19922,24672.23047,20188.53516,21501.91797,8389.624023,22030.90234,5459.003418,9863.331055
TCGA-A6-2679-11A-01R-A32Z-07,13866.81738,14246.12012,16068.20703,8767.264648,7414.401855,6134.073242,3842.970459,8676.677734,4972.353027,4594.971191
TCGA-A6-5667-11A-01R-1723-07,16581.53906,16117.79395,24119.26758,17307.01953,13824.40332,14544.80859,7138.553223,8013.539062,5511.540527,7704.869141
TCGA-A6-2675-11A-01R-1723-07,20943.33203,23430.96484,31058.62695,24510.25781,21037.89844,20657.72656,13611.55371,12509.92285,8870.162109,12449.13867
TCGA-AA-3655-11A-01R-1723-07,4289.166504,6097.682129,8635.930664,5323.164551,3712.141357,4379.993652,2181.247559,4346.260742,4742.124512,2571.018799
TCGA-AA-3517-11A-01R-A32Z-07,19495.43945,22412.71094,24724.51758,15305.32129,13767.70117,12466.19336,5495.395996,17123.20508,4373.245117,10741.99316
TCGA-AA-3520-11A-01R-A32Z-07,16102.21777,15713.05566,22481.2168,12051.73535,9954.762695,9435.936523,4540.02002,11063.22363,4559.773438,7438.955566
TCGA-A6-2684-11A-01R-A32Z-07,12079.73145,15684.41797,18253.33398,10233.38965,8964.960938,7887.637695,3202.837158,10024.37305,4022.116943,5188.024902
TCGA-F4-6704-11A-01R-1839-07,21415.33789,18878.57031,14753.62012,16732.78906,15859.33691,12715.21582,7580.723633,7531.439941,8490.49707,9074.625977
TCGA-AA-3516-11A-01R-A32Z-07,21985.53516,21639.94922,31899.22266,14751.8457,14117.60254,12107.54297,9316.140625,14329.74512,6157.821777,10789.45996
TCGA-AZ-6605-11A-01R-1839-07,15933.90234,17084.11328,20374.84766,18883.15625,16286.0166,15855.80957,9484.415039,9772.130859,18623.93359,8496.783203
TCGA-AA-3511-11A-01R-1839-07,14647.92285,14546.1875,20636.83203,13840.90234,10480.68164,11210.41602,6290.722168,7803.951172,4323.411133,7634.607422
TCGA-AA-3663-11A-01R-1723-07,20025.13867,20794.08594,25466.78516,15028.25977,18159.80078,12420.89648,7593.442871,11720.19043,6165.556641,7267.286133
TCGA-AZ-6599-11A-01R-1774-07,16131.09668,17526.60547,23105.07813,15881.15527,15074.07227,13862.53809,7803.42334,7535.33252,4570.928223,8400.893555
TCGA-AA-3531-11A-01R-A32Z-07,23344.66602,25938.75586,36867.56641,19169.85352,17979.27344,15204.7207,8000.841797,22250.78711,5901.645996,11114.46582
TCGA-A6-2685-11A-01R-A32Z-07,11953.68164,14236.32129,18386.7168,9375.010742,9130.204102,7263.556641,4265.706055,9336.419922,6024.241699,4898.165527
TCGA-A6-2683-11A-01R-A32Z-07,15910.69531,15393.63379,21467.14258,11788.62207,11294.95508,10194.13574,6090.240723,10812.21777,4010.635498,8334.728516
TCGA-AA-3496-11A-01R-1839-07,6228.417969,7662.498535,8897.589844,5863.916992,4110.523926,4040.516846,2978.496094,4651.354004,10406.0127,3721.756836
TCGA-AA-3527-11A-01R-A32Z-07,13060.04785,13828.81055,19272.78125,9097.615234,8786.796875,7593.464355,3814.820068,15929.0791,5103.58252,6681.51416
TCGA-AA-3534-11A-01R-A32Z-07,12627.77832,15719.19727,20047.05859,11072.85449,9747.941406,8459.25293,3778.85083,10188.74023,4101.182129,5796.367676
TCGA-AA-3525-11A-01R-A32Z-07,8880.962891,8724.395508,11918.86426,5026.638672,5111.291016,3640.187256,2717.048584,5653.530273,4943.276367,3165.23999
TCGA-A6-2678-11A-01R-A32Z-07,12852.57813,15675.97461,22324.47852,11782.74414,10995.27832,8877.155273,4449.507324,13424.53516,3954.501953,6886.06543
TCGA-AZ-6603-11A-02R-1839-07,14623.93262,12498.89941,15727.99805,15768.33594,11540.99219,11705.97168,7760.00293,6348.963867,7910.016602,6626.291992
TCGA-A6-2680-11A-01R-A32Z-07,13328.30566,19715.03906,21694.08594,13259.6582,11246.04102,11264.65039,9882.203125,9054.667969,4655.861328,9233.539062
TCGA-A6-5659-11A-01R-1653-07,20734.15625,30676.90625,27998.57031,17110.29102,13784.72656,13840.40039,8889.771484,15844.98535,3489.226807,10542.98438
