ENSG,ENSG00000250529.1,ENSG00000211924.1,ENSG00000274182.1,ENSG00000254789.1,ENSG00000264952.1,ENSG00000274172.1,ENSG00000275209.1,ENSG00000239168.1,ENSG00000270460.1,ENSG00000211931.1
TCGA-CZ-5465-01A,0.0,0.340902980378,0.0,0.0227268653585,0.203230622918,0.0,0.0,0.0,0.0,0.0
TCGA-BP-4975-01A,0.0,0.335794378955,0.0,0.0,0.200185110531,0.0,0.0,0.0,0.0,0.0
TCGA-B0-5121-01A,0.0328190335057,0.0,0.0,0.0304899408053,0.272650432201,0.0,0.0,0.0,0.0,0.0
TCGA-CJ-6028-01A,0.0,0.0,0.0,0.0,0.0,0.954435117941,0.0,0.0,2.28321755343,1.3341566164799998
TCGA-AK-3456-01A,0.0,0.0,0.0,0.0,0.405163912602,0.0,0.0,0.0,1.66155547755,0.0
TCGA-BP-4334-01A,0.0,0.0,0.0,0.0,3.60331800935,0.0,0.0,0.863467910074,0.08444007953410003,0.0
TCGA-B8-4151-01A,0.0,0.0,0.0,0.0,0.0,0.0,0.0,0.0,0.0,0.0
TCGA-A3-3387-01A,0.0,0.0,0.0,0.0,0.0,0.688077057401,0.0,0.0,0.65841232622,0.0
TCGA-AK-3447-01A,0.0502356187966,0.0,0.0,0.0466705103659,0.0,0.0,0.0,0.0,0.06845989690899999,0.0
TCGA-BP-4973-01A,0.0272885635823,0.0,0.0,0.0,0.0,0.362727983617,0.0,0.190139668832,0.0,0.0
TCGA-A3-3358-01A,0.0,2.13490944258,0.0,0.0569309184689,0.509093790154,1.01818758031,0.0,0.213490944258,5.678724422669999,1.28094566555
TCGA-BP-5195-01A,0.0,0.0,0.0,0.0,0.0,0.0,0.0,0.0,0.0,0.458844916719
TCGA-CZ-4865-11A,1.05886718763,0.0,0.0,2.0767459679900004,0.325805288501,0.0,0.0,0.0,0.106888801275,0.0
TCGA-CW-5587-01A,0.105409309078,0.489643242168,0.0,0.0,0.0,0.0,0.0,0.0,0.0,0.0
TCGA-CZ-4863-01A,0.0,0.0,0.0,0.0,0.0,0.0,0.0,0.473593612218,0.0,0.0
TCGA-BP-5175-01A,0.0,0.0,0.0,0.0,3.07229408829,0.0,0.0,0.0,0.655164291383,0.0
TCGA-A3-3351-01A,0.0,0.0,0.0,0.0,0.395172090886,0.0,0.0,0.6628693137439999,0.0648231821011,0.0
TCGA-CZ-5466-01A,0.0,1.32741859413,0.0,0.0,0.0,0.949614840415,0.0,0.0,0.0,0.663709297064
TCGA-CZ-5987-01A,0.0,0.0,0.0,0.0,0.556018992443,0.444815193955,0.0,0.0,0.0,0.0
TCGA-B2-5636-11A,7.73032568075,0.0,1.02328809379,1.74509130834,0.300098912121,1.20039564849,0.0,0.0,0.147682745397,0.0
TCGA-A3-3308-01A,0.0,0.0,0.0,0.0437667292756,0.7827511197370001,0.313100447895,0.0,0.328250469567,0.0,0.0
TCGA-A3-3349-01A,0.0,0.0,0.0,0.167352221696,1.12238629455,0.299303011879,0.0,0.0,0.0,0.0
TCGA-BP-5009-01A,0.0,0.0,0.0,0.0282229675739,0.504756920071,0.0,0.0,0.0,0.0,0.0
TCGA-B0-4700-11A,15.7686922782,0.0,0.32941994604,0.82107036013,0.7728698734020001,0.309147949361,0.0,0.0,0.0633899580708,0.0
TCGA-B0-5690-01A,0.0,0.5765304175779999,0.0,0.0,0.0,0.274960660691,0.0,0.0,0.0,0.0
TCGA-CZ-5460-01A,0.0,0.47659758812,0.0,0.0317731725413,0.28412548522500003,0.22730038818000006,0.0,0.0,0.0,0.0
TCGA-B4-5844-01A,0.0,0.0,0.0,0.0755929286894,0.0,0.0,0.0,0.0,0.0554427631555,0.0
TCGA-3Z-A93Z-01A,0.0686298900059,0.956390725244,0.0,0.0,0.0,0.456124807424,0.0,0.0,0.0,0.0
TCGA-CZ-4863-11A,0.326613970742,0.0,0.0,0.455152372131,0.22611736436,0.0,0.0,0.0,0.0370918074029,0.0
TCGA-CZ-5456-11A,1.23183260325,0.0,0.0,4.386913529,0.852807186867,0.0,0.0,0.0,0.209838992352,0.0
TCGA-CJ-4903-01A,0.0,0.0,0.0,0.0,0.0,0.0,0.0,0.0,0.0,0.0
TCGA-B0-5706-01A,0.0,14.4691462674,0.0,0.0,0.0,6.9006697583,0.0,0.0,0.943309220378,11.253780430199999
TCGA-CJ-5681-01A,0.039298720531900005,0.0,0.0,0.0,0.326481678265,0.522370685224,0.0,0.0,1.7673266873900002,0.0
TCGA-A3-3328-01A,0.0,0.0,0.0,0.0,0.0,0.0,0.0,0.0,0.0,0.0
TCGA-CZ-4864-01A,0.0,0.420717389614,0.0,0.0,0.0,0.0,0.0,0.0,0.0,0.0
TCGA-BP-4784-01A,0.125751159714,0.0,3.85911755712,0.0,1.04470194224,0.0,0.0,0.0,0.0571235552013,0.0
TCGA-BP-4961-01A,0.0,0.0,0.0,0.0,0.232152014528,0.185721611623,0.0,0.0,0.0,0.389416282435
TCGA-G6-A8L8-01A,0.0,0.0,0.0,0.0,0.823356549123,0.0,0.0,0.0,2.9713561268,0.0
TCGA-AK-3440-01A,0.0,0.0,0.0,0.0,0.0,0.0,0.0,0.0,0.0,0.0
TCGA-AK-3454-01A,0.0,0.0,0.0,0.0,4.514524927769999,0.0,0.0,0.0,0.0,0.0
TCGA-CZ-5986-01A,0.0,0.0,0.0,0.0,0.0,0.0,0.0,0.0,2.96826889044,0.0
TCGA-B0-4815-01A,0.0,384.733482578,0.0,0.034613898567499995,0.619056262842,13.3716152774,0.0,0.259604239256,0.660066299181,29.5948832752
TCGA-CJ-4894-01A,0.0,1.4958875239700002,0.0,0.0,0.297259700276,0.475615520442,0.0,0.0,0.0,0.997258349313
TCGA-G6-A5PC-01A,0.0,0.787515276507,0.0,0.052501018433800006,0.0,0.0,0.0,0.0,0.0,0.0
TCGA-BP-5191-01A,0.0,1.25406900088,0.0,0.0,2.24285417464,1.49523611643,0.0,0.0,0.0,0.0
TCGA-B0-4821-01A,0.0,0.0,0.0,0.0,6.35560278119,2.28801700123,0.0,0.533050555841,0.052127972337800005,0.0
TCGA-BP-4986-01A,0.0,0.840478226833,0.0,0.0,0.501054327535,0.200421731014,0.0,0.210119556708,2.21918068094,0.840478226833
TCGA-BP-5198-01A,0.0,1.4564348604799997,0.0,0.0323652191218,0.0,0.231535798333,0.0,0.0,0.0,0.0
TCGA-B0-4841-01A,0.0,0.0,0.0,0.0,12.6628289431,0.0,0.0,0.0,0.0,0.0
TCGA-CZ-4854-01A,0.0,0.486558270427,0.0,0.0,0.580127168586,0.928203469738,2.15475805475,0.243279135213,0.095162816298,1.45967481128
TCGA-A3-A8OV-01A,0.0,0.0,0.0,0.0,0.0,0.0,0.0,0.0,0.0,0.0
TCGA-CJ-4900-01A,0.0,4.6179500277,0.0,0.0,0.393286952909,11.326664243800002,0.0,0.0,0.0645139481112,3.95824288089
TCGA-T7-A92I-01A,0.0,0.0,0.0,0.0,0.278688439321,0.0,0.0,0.0,0.0,0.0
TCGA-BP-4776-01A,0.0,0.8823302738519999,0.0,0.117644036514,1.05200917267,2.10401834534,0.0,0.0,0.0,0.8823302738519999
TCGA-B2-5633-01A,0.0,0.0,0.0,0.0,0.0,0.0,0.0,0.0,0.0,0.0
TCGA-CJ-5681-11A,25.4112836723,0.0,1.6694051744999998,3.67915359747,0.0,0.0,0.0,0.0,0.192745203112,0.0
TCGA-CJ-4904-01A,0.0,0.0,0.0,0.0,0.0,0.0,0.0,0.0,0.0,0.0
TCGA-CZ-5463-11A,1.62892051492,0.0,0.0,6.46600237242,0.0,0.0,0.0,0.0,0.161443914527,0.0
TCGA-B8-A54K-01A,0.0,0.0,55.8599787091,0.0426038847369,0.0,0.0,0.0,0.0,0.0,0.0
TCGA-A3-A8CQ-01A,0.0,0.0,0.0,0.0,0.402074193976,0.0,0.0,0.0,0.0,0.0
TCGA-CW-5587-11A,31.5714024483,0.0,0.243559517441,4.92042603623,0.0,0.228571239445,0.0,0.0,0.14060375928,0.0
TCGA-B0-4700-01A,0.0,1.19022595822,0.0,0.0,0.3547788913930001,1.7029386786899998,0.0,0.0,0.989351861171,0.59511297911
TCGA-CJ-4635-01A,0.0,0.0,0.0,0.0,1.32576082086,0.0,0.0,0.741285620265,0.0,0.0
TCGA-B0-5699-11A,35.1991832935,0.0,0.318364574729,0.918807009219,0.0,0.597545817184,0.0,0.0,0.245050335123,0.0
TCGA-CZ-5462-11A,14.6421758619,0.0,0.0,11.266734689000002,0.0,0.312404986905,0.0,0.0,0.032028902442900006,0.0
TCGA-BP-4763-01A,0.0,0.0,0.0,0.0378821624907,0.338753953042,0.0,0.0,0.0,6.8904905022500005,0.0
TCGA-B8-4148-01A,0.042078587764099985,0.0,0.0,0.0,1.04872787966,0.279660767909,0.0,0.0,0.0,0.0
TCGA-B0-4712-01A,0.0,0.0,0.0,0.0695439969296,0.310941909349,0.0,0.0,0.0,0.0,0.0
TCGA-BP-4347-01A,0.0,0.0,0.1953321933,0.0,0.458279376589,0.366623501271,0.0,0.0,0.0,0.0
TCGA-CZ-5464-01A,0.0,0.0,0.0,0.0,0.7772209320260001,0.0,0.0,0.0,0.0,0.869150289578
TCGA-BP-4177-01A,0.275073830903,0.479160866734,47.4840563837,0.0,0.28565359363000004,0.914091499615,0.0,0.0,0.0,0.0
TCGA-B8-5551-01A,0.0,4.98278532688,0.0,0.0,0.0,0.29705066371800004,0.0,0.0,2.8627437781,4.98278532688
TCGA-B0-5702-01A,0.753910058882,0.0,0.0,1.30075541956,0.894750399552,0.0,0.0,0.0,0.0,0.0
TCGA-B0-5097-01A,0.0,0.568398203502,0.0,0.0,0.338852775165,0.0,0.0,0.0,1.38961705904,0.0
TCGA-B8-4154-01A,0.0,0.0,0.0,0.0,0.598643609115,0.0,3.49412392259,0.0,0.0,0.0
TCGA-CZ-5455-01A,0.0,0.349183580331,0.0,0.0,0.208167134428,0.0,0.0,0.0,0.0,0.0
TCGA-B0-5077-01A,0.0,0.0,0.0,0.0,0.256183329217,0.0,0.0,0.0,0.0,0.0
TCGA-A3-3347-01A,0.0,1.88234489803,0.0,0.0418298866228,0.374055716916,1.1969782941299998,0.0,0.0,1.4112638404799998,0.0
TCGA-A3-A6NJ-01A,0.0,0.598913623511,0.0,0.0,0.0,0.0,0.0,0.0,1.7570652046200002,0.0
TCGA-B0-5697-11A,1.59533961271,0.0,1.02710389372,1.88633704353,0.0,0.0,0.0,0.0,0.131763065231,0.0
TCGA-BP-5200-01A,0.0,0.368878665487,0.0,0.0,0.0,0.8796337407770001,0.0,0.0,0.0,0.368878665487
TCGA-BP-4340-01A,0.0,0.895764246144,0.0,0.0298588082048,0.267006650293,0.427210640469,0.0,0.223941061536,0.0,0.0
TCGA-BP-4160-01A,0.0,0.0,0.0,0.0,0.0,0.871892714142,0.0,0.0,2.2347407894,0.0
TCGA-CZ-5461-01A,0.0,0.0,0.0,0.0264662290847,0.23666916393000004,0.0,0.0,0.0,0.0,0.0
TCGA-CW-5589-01A,0.6696355312460001,0.54892324383,0.0,0.146379531688,0.0,0.0,0.0,0.0,2.5229689787400003,0.54892324383
TCGA-B0-5696-11A,1.81885743011,0.0,0.560047334148,3.48975731332,0.32848930176,0.262791441408,0.0,0.0,0.16165404124500002,0.551014312629
TCGA-B2-4099-01A,0.0,0.0,0.0,0.0,1.42176542125,0.0,0.0,0.0,0.0,0.0
TCGA-A3-A8OU-01A,0.0,0.0,0.0,0.04064894339,0.0,0.0,0.0,0.0,0.0,0.0
TCGA-CZ-5463-01A,0.0,0.0,0.993050437244,0.0217118554379,0.388308183794,0.0,0.0,0.0,4.3632610431400005,0.0
TCGA-CJ-4895-01A,0.0,0.595366349199,0.0,0.0,0.0,0.0,0.376660343371,0.0,0.0,0.0
TCGA-CJ-4876-01A,0.0,2.3694380066900003,0.0,0.0,1.0594121856899998,0.565019832366,0.0,0.296179750837,0.0,0.0
TCGA-BP-4993-01A,0.0,0.0,0.0,0.0,0.0,0.0,0.0,0.0,0.222626813098,0.0
TCGA-B0-5099-01A,0.0,0.0,0.0,0.0,0.6679395644380001,0.0,0.0,0.28010368831300003,0.0,0.0
TCGA-CJ-5671-01A,0.0,0.5610452269439999,0.0,0.0,0.0,1.60545249556,0.0,0.0,0.0,0.0
TCGA-CZ-5466-11A,8.23390459385,0.347707408069,0.0,1.7617175342099998,0.0,0.99497812155,0.0,0.0,0.272023461202,0.0
TCGA-CJ-4884-01A,0.0,0.0,0.0,0.0,1.94056297566,0.0,0.588392272503,0.0,0.0,0.0
TCGA-B0-4837-01A,0.0,0.0,0.0,0.0,0.0,0.0,1.07923337948,0.0,0.0,0.0
TCGA-B0-4696-01A,0.0,0.0,0.0,0.0,0.874781682048,0.0,0.0,0.0,0.0,0.0
TCGA-CJ-4920-01A,0.0,0.581406487504,0.0,0.0387604325003,0.6932154274079999,0.0,0.0,0.0,0.0,0.0
TCGA-CJ-5678-01A,0.0,0.676237543174,0.0,0.0450825028782,1.20942483683,0.322513289821,0.0,0.0,0.0,0.0
TCGA-CZ-5462-01A,0.0,0.0,0.0,0.0,0.526759157111,0.421407325689,0.0,0.0,0.0,0.441798002739
TCGA-B0-5694-11A,0.416276569352,0.527365038006,0.804015549748,2.84777120523,0.0,3.01815067905,0.0,0.0,0.0,0.527365038006
TCGA-BP-4351-01A,0.0,0.0,0.0,0.0,0.7206656042149999,0.0,0.0,1.81328764932,0.0,0.0
TCGA-B0-5075-01A,0.0,0.0,0.202839930097,0.0,0.4758936821500001,0.0,0.0,0.0,0.0,0.0
TCGA-B2-3923-01A,0.0,0.0,0.0,0.0,0.0,0.0,0.0,0.0,0.0,0.0
TCGA-CJ-4893-01A,0.0,0.0,0.0,0.0,0.532377772303,0.212951108921,0.0,0.0,0.0,0.0
TCGA-CJ-5686-01A,0.0,1.33735690591,0.0,0.0,0.0,0.850421827351,0.0,0.0,0.0,0.0
TCGA-CZ-4856-01A,0.0,0.401785821136,0.0,0.0,0.0,0.38324186016,0.0,0.0,1.4930716003100002,0.401785821136
TCGA-B0-4710-01A,0.0,1.64272924774,0.0,0.328545849548,0.32643978641,0.261151829128,0.0,0.273788207957,0.0,0.547576415914
TCGA-CW-6090-11A,11.0581452157,0.0,0.997623208347,2.32296027707,0.29257219091,0.0,0.0,0.0,0.0959858291943,0.0
TCGA-BP-4332-01A,0.0,0.0,0.0,0.036415237907800005,1.95381757236,0.260509009648,0.0,0.546228568617,0.0534166739026,0.0
TCGA-CJ-5679-01A,0.0473542111565,0.0,0.33536097081300004,0.26396153831700003,0.393404215761,0.0,0.0,0.0,0.0,0.0
TCGA-B8-A54J-01A,0.0,0.0,0.284820614732,0.0373635645132,0.334116490359,0.0,0.0,0.0,0.0,0.0
TCGA-BP-5010-01A,0.0482143820576,0.0,0.341452672933,0.0,0.0,0.320440200752,0.0,0.0,0.0,0.0
TCGA-BP-4352-01A,0.0,0.0,0.0,0.0,4.08081567138,0.233189466936,0.0,1.2223641412,0.478148749238,0.0
TCGA-BP-4325-01A,0.0397549015543,0.0,0.0,0.0738671719203,0.0,0.0,0.0,0.277001894701,0.0,0.0
TCGA-B0-4945-01A,0.0,0.0,0.0,0.088816291163,1.1913339055,0.317689041468,0.0,0.0,0.130282572211,0.666122183723
TCGA-A3-3359-01A,0.0,0.0,0.0,0.0,0.0,0.33339781969500004,0.0,0.0,0.0,0.0
TCGA-BP-5001-01A,0.0,0.0,0.0,0.0,3.03107638954,0.0,0.0,1.6947954006,0.110491393099,0.564931800202
TCGA-CJ-5689-11A,0.500740736959,0.6978064463429999,0.354622948142,4.93116555416,0.0,0.99839999246,0.0,0.0,0.204719241356,0.0
TCGA-A3-3387-11A,0.376231046797,0.582551298266,0.0,1.35928636262,0.0,0.0,0.0,0.0,0.113937477894,0.0
TCGA-B0-5697-01A,0.0,0.0,0.0,0.0,0.0,0.0,0.0,0.0,0.0,0.0
TCGA-B2-5635-01B,0.0,0.0,0.0,0.0,2.26646245457,0.0,0.0,0.0,0.0,0.0
TCGA-CJ-5680-01A,0.0383654451803,0.0,0.0,0.0356427361675,0.0,0.0,0.0,0.0,0.0,0.0
TCGA-A3-3362-01A,0.401350799093,0.0,0.0,0.186433919579,0.416787368289,0.0,0.0,0.34956359921,0.136737811678,0.0
TCGA-AK-3455-01A,0.0,0.0,0.0,0.0,1.94193470141,0.0,0.0,0.325743885398,0.0,0.0
TCGA-A3-3323-01A,0.0,0.0,0.0,0.0,0.0,0.0,0.0,0.351220996438,0.0,0.0
TCGA-BP-4354-01A,0.0539003759128,0.0,0.0,0.650977443282,0.8955754767049999,0.0,0.0,0.375563909586,0.0,0.0
TCGA-BP-5177-01A,0.0,0.0,0.0,0.0381090446537,0.0,0.817878727568,0.0,0.0,0.0,0.0
TCGA-CJ-4901-01A,0.0,0.54080308202,0.0,0.0,0.32240183735800004,4.12674351819,0.0,0.27040154101,2.00967202088,0.0
TCGA-B0-5081-01A,0.0,1.71869195997,0.0,0.0,0.5123024111460001,0.614762893375,0.0,0.0,1.34459181727,1.28901896998
TCGA-B8-4620-11A,1.6666225345,0.0,0.0,1.26161533795,0.0,0.0,0.0,0.0,0.0,0.860192275872
TCGA-A3-3313-01A,0.14564886718599998,0.0,0.0,0.0,0.302501493386,0.0,0.0,0.507421859874,0.0,0.0
TCGA-BP-5007-01A,0.0,0.0,0.228574183635,0.0,0.0,0.429016160053,0.0,1.12443751627,6.7295989144,0.0
TCGA-A3-3343-01A,0.0,0.532400960401,0.270564422499,0.0,0.634785760479,0.0,0.0,0.0,0.0,1.0648019208
TCGA-BP-4787-01A,0.0,0.0,0.0,0.07772887869560001,1.39015109975,0.0,0.0,0.0,0.114018702188,0.0
TCGA-CZ-5454-01A,0.0,0.0,0.0,0.0500993077496,0.0,0.0,0.0,0.0,0.0,0.0
TCGA-BP-4781-01A,0.0,0.0,0.0,0.072798823554,1.30197895972,0.0,0.345422989312,0.0,0.0,0.0
TCGA-A3-3307-01A,0.0,0.0,0.0,0.0,0.8600495987160001,0.0,0.0,0.0,3.45647693617,0.0
TCGA-G6-A8L6-01A,0.0,0.0,0.0,0.0,0.55176702507,0.0,0.0,0.0,0.0,0.0
TCGA-A3-3374-01A,0.0,0.0,0.0,0.0339549155833,0.910905908436,0.0,0.0,0.509323733749,0.0,0.0
TCGA-B0-5703-11A,0.835684900502,0.6469818584529999,0.328794059214,15.009979116099998,0.385700723309,1.23424231459,0.0,0.0,0.06326951928090001,0.0
TCGA-CZ-5985-11A,20.513617163,0.0,1.20395108429,2.00054380888,0.0,0.0,0.0,0.0,0.231675129784,0.0
TCGA-BP-4790-01A,0.0,0.0,0.0,0.0,0.0,2.8025165384099995,0.0,0.0,0.0,1.30583207883
TCGA-CZ-4859-01A,0.0,0.0,0.0,0.0,0.236382485572,0.0,0.0,0.0,0.0,0.0
TCGA-B0-4694-01A,0.0,0.505283869895,0.0,0.0336855913264,0.0,0.4819630759,0.0,0.0,1.92709210947,0.0
TCGA-BP-4777-01A,0.0,2.05841699009,0.0,0.0,0.306783301407,3.92682625802,0.0,0.0,0.0,0.0
TCGA-BP-4964-01A,0.0,0.4110470609220001,0.0,0.0,0.0,0.0,0.0,0.0,0.0,0.0
TCGA-AK-3451-01A,0.0,0.0,0.0,0.0483746293019,0.0,0.0,0.0,0.0,0.0,0.0
TCGA-BP-4326-01A,0.0,0.0,0.0,0.0,0.569035810961,0.227614324384,0.0,0.0,0.0,0.477255841451
TCGA-CZ-4862-01A,0.0,0.0,0.0,0.0,0.8534707946600001,1.36555327146,0.0,0.0,0.0,0.0
TCGA-BP-4994-01A,0.076160173946,0.0,0.0,0.0235850861252,0.0,0.33744815533,0.0,0.176888145939,0.0,0.0
TCGA-B8-5163-01A,0.0,0.364543688353,0.0,0.0,0.0,0.521577892566,0.0,0.0,0.6773382726809999,0.0
TCGA-AK-3427-01A,0.35957409581699995,0.0,0.0,0.0371173260198,0.0,0.0,0.0,0.0,0.0,0.0
TCGA-BP-4345-01A,0.0,0.0,0.0,0.0,0.916825260323,0.244486736086,0.0,0.0,0.0,0.51263347889
TCGA-CZ-4864-11A,0.509125728159,0.417347845474,0.212094806716,0.500817414569,0.248803523263,0.398085637221,0.0,0.0,0.285692373716,0.0
TCGA-CJ-5683-01A,1.90795541973,0.0,0.0,0.161141102898,0.0,0.0,0.0,0.0,3.84108031159,0.0
TCGA-B0-5402-11A,20.1271546302,0.0,0.660926657733,4.8264228403699985,0.0,0.413502832017,0.0,0.0,0.127181470415,0.0
TCGA-CW-5590-01A,0.0,0.0,0.0,0.0331811558096,0.890148314506,0.0,0.0,0.0,0.0,0.0
TCGA-B0-5088-01A,0.0,0.466210844988,0.0,0.0,0.555866776717,0.222346710687,0.0,0.0,0.0,0.0
TCGA-B4-5378-01A,0.0,0.0,32.9881248879,0.0304751721666,0.0,0.0,0.0,0.0,0.0,0.0
TCGA-B0-5083-01A,0.0,0.0,0.0,0.0,0.0,0.304383458604,0.0,0.0,0.0,0.0
TCGA-A3-3322-01A,0.0,0.0,0.0,0.0,1.63383138042,0.0,0.0,0.342577547507,0.0,0.0
TCGA-B0-4810-01A,0.0,0.991861314714,0.0,0.0330620438238,0.886952906427,0.473041550094,0.0,0.0,2.7158852402900004,0.0
TCGA-CZ-5982-01A,0.0,0.0,0.0,0.0,0.0,0.0,0.0,0.0,0.0,0.0
TCGA-B0-4814-01A,0.0,1.22692568635,0.0,0.0,1.82859116716,0.292574586745,0.0,0.306731421588,0.0599916345061,0.613462843175
TCGA-DV-5567-01A,0.0,0.0,27.512491959499997,0.0316593474727,0.0,0.0,0.0,0.0,0.0,0.0
TCGA-BP-4173-01A,0.036245012758,0.505091790692,0.0,0.06734557209230001,0.602224827364,0.240889930946,0.0,0.0,0.592726013052,0.0
TCGA-AK-3436-01A,0.125221236372,0.0,0.0,0.0,0.3467665007240001,0.277413200579,0.0,0.0,0.0,0.0
TCGA-CZ-5989-11A,13.184259031099998,0.0,0.0,5.85802701411,0.0,0.0,0.0,0.0,0.0,0.0
TCGA-BP-4343-01A,0.0,0.6086075423139999,0.0,0.0,1.08847118145,0.0,0.0,0.0,0.178550477713,0.0
TCGA-CW-6087-11A,42.8299711453,0.0,0.216967418734,9.5349015093,0.254519471976,0.0,0.0,0.0,0.125252484632,0.0
TCGA-CJ-5680-11A,0.160110201623,0.0,0.0,0.966859023995,0.0,0.0,0.0,0.0,0.381840102293,0.0
TCGA-B8-A54D-01A,0.0,0.0,0.0,0.0,0.0,0.0,0.0,0.0,0.0,0.0
TCGA-A3-3311-01A,0.0,0.48473914039,0.0,0.0,0.866937308774,0.0,0.0,0.0,0.0,1.45421742117
TCGA-A3-3357-01A,0.0,0.0,0.0,0.0286243619233,0.7679035554420001,0.0,0.0,0.0,0.0,0.0
TCGA-CJ-5682-01A,0.0,0.709432014051,0.0,0.0472954676034,0.0,0.0,0.0,0.0,0.0,0.0
TCGA-AK-3458-01A,0.0,0.0,0.0,0.0,0.430121220461,0.344096976369,0.0,3.24672147058,0.070556162347,0.0
TCGA-BP-4970-01A,0.0,0.0,0.0,0.0,0.205981036929,0.164784829543,0.0,0.0,0.0,0.0
TCGA-BP-4761-01A,0.0,3.87700019917,0.0,0.0369238114206,0.990552248688,2.9056199294800003,0.0,0.0,0.0,0.0
TCGA-BP-4769-01A,0.0,0.0,0.0,0.0,0.690418998665,0.0,0.0,0.0,0.0,0.0
TCGA-AK-3429-01A,0.0,0.0,0.0,0.0,0.439133381093,0.0,0.0,0.0,6.12293231681,0.0
TCGA-B0-4690-01A,0.0,0.0,0.0,0.0,0.621255559947,0.497004447957,0.0,0.0,1.42673201149,0.0
TCGA-BP-5004-01A,0.0271244027767,0.0,0.0,0.0,0.450682384598,0.180272953839,0.0,0.188995838702,1.84822429015,0.0
TCGA-CJ-4897-01A,0.0,0.709115752168,0.180185150141,0.0236371917389,0.0,0.338193666419,0.0,0.0,0.0346728522354,0.709115752168
TCGA-B0-5107-01A,0.0,0.0,0.0,0.0,1.39035623224,0.0,0.0,0.291526306759,0.0570177634671,0.0
TCGA-CJ-4889-01A,0.0,5.23799791061,0.0,0.0,0.0,19.4853522275,0.0,0.0,0.0,1.0475995821200002
TCGA-A3-3380-01A,0.0,0.0,0.0,0.0,2.3405609336099995,0.234056093361,0.0,0.0,0.191970297394,0.0
TCGA-B8-4622-01A,0.0,0.0,0.0,0.0,1.47264358879,0.294528717758,0.0,0.0,0.0,0.0
TCGA-B0-5095-01A,0.0,0.0,0.0,0.0,1.41969879381,0.283939758762,0.0,0.0,1.63019041308,0.0
TCGA-B8-5159-01A,0.0,0.0,0.0,0.0,0.0,0.0,0.0,0.0,0.0,0.0
TCGA-CJ-4881-01A,0.0,0.5849947870709999,0.0,0.0389996524714,0.6974937845839999,0.557995027667,8.882369828169997,0.0,0.0,0.5849947870709999
TCGA-CZ-5468-11A,14.9880316775,0.5032902980699999,0.0,26.94280729,0.0,0.240030757541,0.0,0.0,0.0,0.0
TCGA-CW-5585-01A,0.0,0.0,0.225785989597,0.029619237345,0.0,0.0,0.0,0.0,0.0,0.0
TCGA-B0-4688-01A,0.0,0.541894794508,0.0,0.0,0.646105331914,0.516884265531,0.0,0.0,0.317957198039,0.0
TCGA-6D-AA2E-01A,0.0,0.0,0.0,0.0,0.0,0.366876029732,0.0,0.0,0.376134730797,0.7692561913729999
TCGA-B0-5707-01A,0.0,0.0,0.0,0.0,0.0,0.960732987005,0.0,0.0,0.0,0.0
TCGA-B0-5100-01A,0.0,0.0,0.0,0.0,5.53281808614,0.0,0.733945256325,0.0,0.0,0.0
TCGA-BP-4756-01A,0.182192092676,0.50778699378,0.0,0.0,0.0,0.242175335495,0.0,0.50778699378,5.61128655903,0.0
TCGA-CJ-4641-01A,0.0,0.0,0.0,0.0,0.0,2.86912685161,0.0,0.0,0.0,1.80477334214
TCGA-B0-5701-01A,0.0,0.0,0.0,0.054690802722,0.48906198588,0.0,0.0,0.0,3.36943652101,0.0
TCGA-B2-5636-01A,0.0,0.0,23.4200126481,0.0,0.34776552374200004,0.5564248379869999,0.0,0.0,0.0,0.0
TCGA-CZ-5989-01A,0.0,0.0,0.0,0.0,0.0,0.0,0.0,0.0,0.0,0.751945157488
TCGA-CZ-4865-01A,0.0,0.341414907803,0.0,0.0227609938535,0.203535810421,0.48848594501,0.0,0.0,1.635991309,0.341414907803
TCGA-CJ-4887-01A,0.0,0.0,0.0,0.0,1.6966747485100002,0.271467959762,1.0803316766,0.28460350620200003,0.0,0.0
TCGA-BP-4159-01A,0.0,0.0,0.0,0.0,0.8019368494269999,0.0,0.0,0.0,0.0,0.0
TCGA-B0-4834-01A,0.0,0.0,0.0,0.0,0.0,0.0,1.73689109342,0.0,0.0,0.0
TCGA-B0-4718-01A,0.0,0.0,0.0,0.0,3.08258591054,0.0,0.0,3.4471928462,0.0842767967131,0.0
TCGA-CJ-4918-01A,0.0359488330745,0.0,0.0,0.033397625566,0.0,0.955685900812,0.0,0.0,0.0,0.0
TCGA-CJ-4888-01A,0.0,4.11460555127,0.0,0.06095711927810001,1.36274329155,1.96235033984,0.0,0.0,0.0447082972624,5.028962340450001
TCGA-CJ-4637-01A,0.0,0.0,0.0,0.0,2.9919295975300004,0.598385919505,0.0,0.0,0.0,1.8820202307
TCGA-AK-3460-01A,0.0,0.843778474096,0.0,0.0,3.0181306958,0.0,0.0,0.421889237048,0.0,0.0
TCGA-B0-5116-01A,0.0,0.0,0.0,0.0347378418576,0.310636470457,0.248509176366,0.0,0.0,0.0,0.0
TCGA-B8-4146-01B,0.0,0.0,0.0,0.040812579019699986,0.0,0.0,0.0,0.0,0.0,0.0
TCGA-B0-5084-01A,0.0,0.0,0.0,0.0315601834889,1.41110435792,0.0,0.0,0.0,0.0,0.0
TCGA-CJ-6030-01A,0.0,0.474591738212,0.0,0.0316394492141,0.282929690088,0.67903125621,0.0,0.0,0.0,0.0
TCGA-B8-A54H-01A,0.0,0.0,0.0,0.0,0.0,0.21119108731,0.0,0.0,0.0,0.0
TCGA-A3-3335-01A,0.0,0.0,0.25389991185,0.0,0.297844127362,0.47655060378,0.0,0.0,0.048857711744,0.499609503963
TCGA-B0-5712-01A,0.0,0.0,0.0,0.103307589698,0.0,0.0,0.0,0.0,0.0,0.0
TCGA-B4-5838-01A,0.0,0.0,0.0,0.0,0.0,0.0,0.781122450942,0.0,0.0,0.0
TCGA-BP-5176-01A,0.0,0.0,0.0,0.0,0.258350652377,0.0,0.0,0.0,0.0,0.0
TCGA-A3-3373-01A,0.0,0.0,0.0,0.0539978312713,0.482865221946,0.0,0.0,0.0,0.0,0.0
TCGA-B0-4811-01A,0.07440976689170001,0.0,0.0,0.06912907375749999,2.4726937920900003,0.0,0.0,0.518468053181,0.15210576954500002,0.0
TCGA-BP-5000-01A,0.0675421505071,0.0,0.0,0.0,0.0,0.0,0.0,0.0,0.0,0.0
TCGA-CJ-4643-01A,0.0,0.0,0.0,0.0345996676046,0.0,0.247520699017,0.0,0.0,0.0,0.0
TCGA-B0-5700-01A,0.052416037448,0.0,0.0,0.0486961896291,0.0,0.0,0.0,0.0,0.0,0.730442844437
TCGA-MM-A84U-01A,0.0,0.0,0.0,0.0,0.432515984982,0.0,0.0,0.0,1.27708189887,0.0
TCGA-CZ-5457-11A,0.157942029806,0.0,0.0,4.78350364338,0.0,0.0,0.0,0.0,0.0,0.0
TCGA-B0-5691-01A,0.479924440543,0.0,0.0,0.501598447535,0.0,1.19611937489,0.0,0.0,0.0817536901871,0.835997412558
TCGA-B8-5162-01A,0.0,8.05154508989,0.0,0.0,0.639994609709,1.02399137554,0.0,0.0,0.0,1.6103090179799997
TCGA-B8-A54E-01A,0.0,0.0,0.0,0.0,0.0,0.0,0.0,0.0,0.0,0.0
TCGA-AK-3428-01A,0.0,0.0,0.0,0.0,0.6139868277080001,0.0,0.0,0.0,0.201434164295,0.0
TCGA-BP-4804-01A,0.0,0.0,0.0,0.0,1.40935737492,2.25497179988,0.0,0.394013889763,0.0,0.7880277795270001
TCGA-A3-3378-01A,0.0367730167788,1.02489956442,0.0,0.0,0.610997817248,0.488798253799,0.0,0.256224891104,0.0,3.07469869325
TCGA-BP-4798-01A,0.0,2.7132154740400005,0.0,0.0,0.970496304175,1.29399507223,0.686609630165,0.0,0.0,9.224932611729999
TCGA-MW-A4EC-01A,0.0,0.0,0.0,0.0,0.0,0.297861334766,0.0,0.0,4.27529676084,0.6245479599930001
TCGA-BP-4801-01A,0.0,0.0,0.0,0.0,0.310102458733,0.248081966986,0.0,0.0,0.0,0.0
TCGA-BP-5186-01A,0.0,0.0,0.0,0.0344602147304,0.308153843262,0.24652307461,0.0,0.0,0.0,0.0
TCGA-CZ-5468-01A,0.0,0.0,0.0,0.0,0.0,0.0,0.0,0.0,0.0,0.0
TCGA-B0-4693-01A,0.0,3.41371609251,0.0,0.09103242913360003,1.62807998258,3.90739195819,0.0,0.0,0.0,0.6827432185019999
TCGA-BP-4962-01A,0.0,0.0,0.0,0.0,0.7871286903020001,0.419801968161,0.0,0.0,1.80766462631,0.0
TCGA-A3-3325-01A,0.0,0.0,0.0,0.0,0.221960613721,0.0,0.0,0.0,0.0,0.0
TCGA-B2-5635-01A,0.0,0.0,0.0,0.0,0.0,0.0,0.0,0.0,0.0,0.0
TCGA-CZ-5467-01A,0.0,0.0,0.0,0.0,0.0,0.0,0.0,0.0,0.0,0.0
TCGA-BP-4960-01A,0.0,0.0,0.0,0.0,1.7261082379599997,1.1507388253,0.0,0.4825678944820001,0.0,0.965135788964
TCGA-A3-3365-01A,2.06399272095,0.0,0.0,0.3751661383380001,0.372761227195,0.0,0.0,0.0,3.54652322151,0.0
TCGA-BP-4355-01A,0.0,0.0,0.0,0.0378464068586,1.69217107589,0.0,0.0,0.56769610288,0.0,0.0
TCGA-B0-5699-01A,0.0,0.0,0.0,0.0,0.0,0.0,0.0,0.0,0.0,0.0
TCGA-DV-5573-01A,0.0,0.0,0.307238776369,0.5642621828369999,0.0,0.288331774746,0.0,0.0,0.0,0.0
TCGA-CJ-4870-01A,0.0,0.0,0.0,0.0,0.7085261607950001,0.0,0.0,0.0,0.0,0.0
TCGA-BP-4771-01A,0.0,0.0,0.0,0.0336011209783,0.901414687783,1.44226350045,0.0,0.504016814674,0.0,0.0
TCGA-B2-3924-01B,0.0,0.0,0.0,0.0,1.63607730558,0.0,1.73624530388,0.6860969345990001,0.0,1.3721938692
TCGA-CJ-4636-01A,0.0,0.0,0.0,0.0,0.419761997936,0.0,0.0,0.0,0.0,0.0
TCGA-B0-5713-01A,0.0,0.0,0.0,0.0,0.301483820032,0.241187056026,0.0,0.0,0.197819036488,0.0
TCGA-CZ-5982-11A,9.13804851387,0.0,0.519802088089,0.8523636390710001,0.0,0.0,0.0,0.0,0.250062518718,0.0
TCGA-CJ-4885-01A,0.0,0.0,0.0,0.0,0.586724619726,0.0,20.547335662200002,0.0,0.673715336215,0.0
TCGA-DV-5575-01A,0.0,0.0,0.0,0.0,0.0,0.0,0.0,0.0,0.0,0.0
TCGA-DV-5574-01A,0.7115623140270001,0.0,0.0,0.0330532171677,0.0,2.12811867457,0.0,0.0,0.0,2.47899128758
TCGA-CZ-5455-11A,8.44489073666,0.0,0.0,10.2467130215,0.0,0.0,0.0,0.0,0.163821987639,0.0
TCGA-CJ-5689-01A,0.0782583065689,0.0,0.0,0.18176122816,0.325072965748,1.04023349039,0.0,0.0,0.0,0.0
TCGA-CW-5584-01A,0.0,0.0,0.0,0.102876213326,0.0,0.0,0.0,0.0,0.0,0.0
TCGA-BP-4803-01A,0.0,0.0,0.0,0.0,0.302763826091,0.0,0.0,0.0,0.0,0.0
TCGA-A3-3316-01A,0.0,0.0,0.0,0.059435958189199986,3.1889677566900003,0.0,2.25614045371,0.0,0.0,0.0
TCGA-B2-5633-01B,0.0,0.0,0.0,0.0,4.957819204730001,0.0,0.0,0.0,0.0,1.38605698197
TCGA-AK-3434-01A,0.0,0.0,0.0,0.0,2.32526937232,0.0,0.0,0.0,0.15257287995,0.0
TCGA-B8-5165-01A,3.36421698746,0.0,0.0,0.147427646438,0.0,0.210934940288,0.0,0.0,0.0865032878153,0.0
TCGA-CJ-6030-11A,0.920950490899,0.401059084746,0.8152676476809999,4.35817538758,0.478185831813,0.0,0.0,0.0,0.0,0.0
TCGA-CJ-4905-01A,0.0,0.0,0.0,0.0,0.0,0.0,0.0,0.0,0.0,0.0
TCGA-CJ-4875-01A,0.0,0.0,0.0,0.0424904041514,0.7599245357850001,0.0,1.20967579166,0.318678031136,0.0,0.0
TCGA-CW-5591-11A,0.0,0.0,0.0,0.0,0.0,0.0,0.0,0.0,0.0,0.0
TCGA-A3-3385-01A,0.0,0.0,0.0,0.0,0.268211370764,0.0,0.0,0.0,0.0,0.0
TCGA-AK-3425-01A,0.0,0.6509649290899999,0.0,0.0,0.388075246188,0.310460196951,0.0,0.0,1.90977092761,0.0
TCGA-B0-5705-01A,0.0,0.0,0.0,0.0,0.260012057841,0.0,0.0,0.0,0.0,0.0
TCGA-BP-4982-01A,0.0286609961826,0.399404850028,0.0,0.0,0.476213475034,0.190485390013,0.0,0.0,0.039058518457,0.0
TCGA-B0-5703-01A,0.0,0.0,0.0,0.0,0.398553212938,0.318842570351,0.0,0.0,0.0,0.0
TCGA-B0-5812-01A,0.0,0.969559228824,0.0,0.0,0.0,0.0,0.0,0.0,0.0,0.0
TCGA-CZ-5461-11A,18.9703758101,0.364636367072,0.0,4.3270182225900005,0.0,0.17390349814199998,0.0,0.0,0.035658445991300004,0.0
TCGA-CJ-4891-01A,0.0,0.503100052971,0.0,0.268320028251,2.69932528421,0.0,24.5081597233,0.0,0.0,0.0
TCGA-B0-4838-01A,0.0,0.594667951322,0.0,0.039644530088199986,1.0635407591,0.0,0.0,0.0,0.05815364823660001,0.0
TCGA-CJ-4912-01A,0.0,0.672930634298,0.0,0.0,0.802340371663,0.6418722973300001,0.0,0.0,0.0,0.0
TCGA-B0-4707-01A,0.0,1.71048280617,0.0,0.0,4.0788436147199985,0.407884361472,0.0,0.0,6.60721197526,5.13144841851
TCGA-B8-5550-01A,0.0,0.0,0.0,0.0,0.0,0.0,0.0,0.0,0.06966604419200001,0.0
TCGA-CZ-4866-01A,0.0,0.968300083018,0.0,0.0,0.192418606241,0.61573953997,0.0,0.0,0.0,0.0
TCGA-EU-5904-01A,0.0,0.0,0.264116765022,0.0346475756266,0.309829282046,0.247863425636,0.0,0.0,0.0,0.0
TCGA-BP-4981-01A,0.0,0.0,0.0,0.0,1.96124590641,0.0,0.0,0.0,7.29228761836,0.0
TCGA-B0-5690-11A,37.1188413837,0.0,0.0,2.71830952187,0.0,0.0,0.0,0.0,0.0463654144109,0.0
TCGA-AK-3450-01A,0.0407728963997,0.56819004015,0.0,0.0,0.677457355563,0.270982942225,0.0,0.0,10.1127072761,0.0
TCGA-BP-5174-01A,0.0,0.0,0.0,0.0,0.609851505854,0.243940602342,0.0,0.0,0.0,0.0
TCGA-B0-5399-01A,0.0,0.0,0.0,0.0,0.0,0.249384189387,0.0,0.0,0.0,0.0
TCGA-CJ-4916-01A,0.0,0.889002177005,0.0,0.0,0.0,0.423985653648,0.0,0.222250544251,3.69482765995,0.889002177005
TCGA-B0-5102-01A,0.0345687910629,0.963465660592,0.0,0.0,1.1487475184,0.22974950368,0.0,0.0,1.50750462982,0.0
TCGA-B8-5553-01A,0.0,0.0,0.0,0.0363119551556,0.324712675911,0.259770140728,0.0,0.0,1.59795512435,0.0
TCGA-BP-5183-01A,0.0,0.0,0.0,0.0,0.363435161173,0.290748128939,0.0,0.0,0.0,0.0
TCGA-BP-5199-01A,0.0,0.0,0.0,0.0,0.0,0.652493568934,0.0,0.0,0.0,0.0
TCGA-CZ-5451-11A,20.8355153987,0.0,1.03912983748,1.0905276574,0.0,0.0,0.0,0.0,0.0399917476885,0.0
TCGA-DV-5576-01A,2.3221376574900003,0.0,33.151642061,0.0684870092531,0.612431909667,0.0,0.0,0.0,0.0502310083639,0.0
TCGA-CZ-5987-11A,0.0,0.0,0.0,1.9797726725,0.0,0.0,0.0,0.0,0.0,0.0
TCGA-CZ-5465-11A,7.257675011439999,0.0,0.202356757773,8.096446190049999,0.0,0.0,0.0,0.0,0.07787862602010001,0.0
TCGA-CZ-4857-01A,0.0,0.0,0.0,0.0427065530566,2.29137082746,0.0,0.0,0.0,2.19258407254,0.640598295849
TCGA-B8-4622-11A,0.192855033734,0.671882053008,0.0,0.671882053008,0.0,0.96130816815,0.0,0.0,0.0,0.0
TCGA-CZ-4858-01A,0.0,0.0,0.0,0.0,0.754904167739,0.603923334191,16.4230172002,0.316572715504,0.0,0.0
TCGA-B8-5552-01B,0.0,0.955790270385,0.0,0.0,0.569798045806,0.91167687329,0.0,0.0,0.0,0.477895135192
TCGA-A3-3358-11A,1.7992412622799998,0.0,0.326722246871,7.84344181038,0.0,0.0,0.0,0.0,0.125741684916,0.0
TCGA-BP-5194-01A,0.0,0.388734981151,0.0,0.0259156654101,0.0,0.185396683318,0.0,0.0,2.66105649558,0.0
TCGA-BP-4335-01A,0.0,0.921580520177,0.0,0.0,0.0,0.87904603463,0.0,2.76474156053,0.0,10.137385721900001
TCGA-B4-5836-01A,0.0,0.0,0.0,0.0335532424925,0.30004341844300003,0.0,0.0,0.0,0.0,0.503298637388
TCGA-CJ-6031-01A,0.034585453527500004,0.963930059604,0.0,0.0,0.287325306228,1.60902171488,0.0,0.0,0.0,0.481965029802
TCGA-BP-5184-01A,0.0,0.0,0.0,0.044141117543400006,0.0,0.0,0.0,0.0,2.13673643124,0.0
TCGA-A3-3363-01A,0.0,0.0,0.0,0.0320425094284,1.14613591417,0.0,0.0,0.0,0.0,0.0
TCGA-B0-4703-01A,0.0,0.0,0.0,0.0715565385804,0.0,0.511904468306,0.0,0.0,0.0,0.0
TCGA-B4-5843-01A,0.0,0.0,0.0,0.0,0.0,0.0,0.0,0.0,0.0,0.0
TCGA-B2-3924-01A,0.0,0.0,0.0,0.0,0.0,0.0,0.0,0.0,0.0,0.0
TCGA-BP-4329-01A,0.0,0.0,0.0,0.0,1.7115067866799998,0.0,0.0,0.0,0.0935839673054,0.0
TCGA-B0-4701-01A,0.0,0.0,0.0,0.0,0.735428166735,0.588342533388,0.0,0.308405360244,0.0,0.6168107204869999
TCGA-CJ-4869-01A,0.0,0.0,0.0,0.029749822336400007,0.0,0.212825652099,0.0,0.0,0.0,0.0
TCGA-B0-4843-01A,0.0,0.0,0.0,0.149031711684,2.6653748435900004,0.0,0.0,0.0,0.0,0.0
TCGA-A3-3383-01A,0.0,0.0,0.0,0.14674314622,1.74962982032,0.0,0.0,0.7337157311020001,0.0,0.0
TCGA-B0-4823-01A,0.0,0.0,0.0,0.0,0.0,0.0,0.0,0.0,1.3845131924899998,0.0
TCGA-B0-5106-01A,0.0,0.0,0.0,0.0,1.38773918552,0.277547837104,0.0,0.0,0.0,0.0
TCGA-CZ-5453-11A,0.652281702363,0.0,0.0,6.72098823877,0.0,0.0,0.0,0.0,0.0404051757127,0.0
TCGA-MM-A564-01A,0.0,0.0,0.0,0.0,0.933302808358,0.0,0.0,0.0,0.0,0.0
TCGA-CW-5581-01A,0.626609477774,0.0,0.0,0.19404680602,0.0,0.231363499486,0.0,0.0,0.711606977914,0.0
TCGA-CJ-5672-11A,19.6270339256,0.0,0.0,6.40103733825,0.262569015728,0.210055212582,0.0,0.0,0.258427548602,0.0
TCGA-CJ-4644-01A,0.08468589563989999,0.0,0.0,0.07867592885250001,0.0,0.281417745511,0.0,0.0,0.0,0.0
TCGA-BP-4789-01A,0.0,0.0,0.0,0.0,0.29174243597,0.0,0.309604217764,0.0,0.0,0.0
TCGA-BP-4774-01A,0.0,0.0,0.0,0.0,0.910406066245,0.0,0.0,0.7635663781409999,7.56661361472,0.0
TCGA-B0-4714-01A,0.0,0.0,0.0,0.0,1.60002273312,0.0,0.0,0.670977275181,0.0,0.0
TCGA-CZ-5467-11A,0.161851732988,0.0,0.0,2.70657865745,0.268922879426,0.0,0.0,0.0,0.0441135322718,0.0
TCGA-CZ-5453-01A,0.0,0.0,0.0,0.0,0.0,0.0,0.0,0.0,0.0,0.0
TCGA-CW-5584-11A,0.0,1.75497115337,0.0,0.7409878203129999,0.697488535315,2.23196331301,0.0,0.0,0.114414523143,1.16998076891
TCGA-B0-5080-01A,0.0,11.4959005123,0.0,0.145979689046,0.6526976481360001,1.56647435553,0.0,0.0,0.428268488367,0.547423833921
TCGA-CW-5581-11A,10.492290804400001,0.0,0.328787873748,4.70131305925,0.0,0.61710954765,0.0,0.0,0.189804987053,0.0
TCGA-BP-4163-01A,0.0,0.751806045432,0.0,0.050120403028800005,0.0,1.07566095731,0.0,0.0,0.0,0.751806045432
TCGA-CJ-4872-01A,0.0372185791426,0.518658909343,0.0,0.0,0.92760151094,0.0,0.0,0.0,0.050720587348999986,0.0
TCGA-A3-3329-01A,0.0,0.0,0.0,0.0386659037497,0.34576240853100004,0.276609926825,0.0,0.0,0.0,0.0
TCGA-BP-4985-01A,0.0,0.0,0.0,0.0,0.253358762932,0.202687010346,0.0,0.0,0.0831208559777,0.42498889266
TCGA-A3-3306-01A,0.0,0.765717054468,0.0,0.0510478036312,0.0,0.36518813367,0.0,0.0,0.0,0.0
TCGA-CJ-4886-01A,0.040067676600900014,0.0,0.0,0.0,0.332869928684,0.0,0.0,0.0,0.0,0.0
TCGA-BP-4337-01A,0.0,1.15095134963,0.0,0.07673008997510003,0.34307203690800003,1.0978305181,0.0,0.0,0.0,0.0
TCGA-B8-5164-01A,0.0,0.0,0.0,0.0,0.0,0.205134359159,0.0,0.0,1.21980525872,0.0
TCGA-CZ-5985-01A,0.0,0.474838287565,0.0,0.0,0.0,0.6793840114390001,0.0,0.0,0.0,0.0
TCGA-B0-4847-01A,0.0,0.0,0.0,0.0,2.18375498795,1.04820239421,0.0,0.0,0.0,0.0
TCGA-CJ-4907-01A,0.0,0.0,0.0,0.146125990513,0.0,0.0,0.0,0.0,0.0,0.0
TCGA-B2-4102-01A,0.0,0.0,0.0,0.0368457277344,0.329485834548,0.527177335277,0.0,0.0,0.0540481495158,0.0
TCGA-B8-A54F-01A,0.0,0.0,0.0,0.0,0.0,0.0,0.0,0.0,0.0,0.0
TCGA-B8-5552-11A,0.0,0.0,0.0,0.132911454301,0.0,0.0,0.0,0.0,0.0,0.0
TCGA-B0-5698-01A,0.0,0.479153656866,0.0,0.0,0.0,0.0,0.0,0.0,0.0,0.958307313733
TCGA-BP-4995-01A,0.0259186026144,0.7223765373819999,0.0,0.0481584358254,0.215323775566,0.17225902045299998,0.0,0.0,0.0353212502505,0.361188268691
TCGA-CJ-6033-11A,44.921721707399996,0.616754609172,0.0,10.6081792778,0.0,0.0,0.0,0.0,0.180940626666,0.0
TCGA-CZ-5451-01A,0.0,0.0,0.0,0.0434555717425,0.0,0.0,0.0,0.0,0.0,0.0
TCGA-B0-5119-01A,0.0,0.0,0.0,0.0,0.64045435574,0.0,0.0,0.0,0.0,0.0
TCGA-BP-4344-01A,0.0,0.5774547136029999,0.0,0.0,0.688503696989,0.550802957591,0.0,0.0,0.0,0.0
TCGA-CZ-5452-11A,16.6662485058,0.0,0.0,12.4402926212,0.299045495702,0.0,0.0,0.0,0.147164344888,0.0
TCGA-BP-5173-01A,0.0,0.0,0.0,0.0,0.0,0.235111857276,0.0,0.0,1.01239017407,0.0
TCGA-CJ-4902-01A,0.0,0.387250763685,0.0,0.025816717579,1.61602722538,0.184688825758,0.0,0.193625381843,0.0,0.387250763685
TCGA-B0-5709-11A,12.650672733599999,0.0,1.1545315660200002,1.48425584982,0.0,0.21669669393,0.0,0.0,0.35546460834,0.0
TCGA-A3-3376-01A,0.0,0.0,0.0,0.0,0.429261892401,0.17170475695999998,0.0,0.0,0.0,0.0
TCGA-B0-5110-01A,0.0,0.0,0.0,0.038721666034400005,0.692522104076,0.277008841631,0.0,0.580824990516,0.0,0.0
TCGA-DV-5566-01A,0.32192644161600004,0.0,0.0,0.498466748309,0.0,0.0,0.0,0.0,0.0731189394207,0.0
TCGA-B2-5641-11A,0.459166491759,0.0,0.0,3.02872142693,0.0,0.0,0.0,0.0,0.187722325968,0.0
TCGA-B0-5402-01A,0.0,0.0,0.0,0.0269619409671,0.0,0.0,0.0,0.0,4.3504835346,0.0
TCGA-CW-5580-11A,27.8272312367,0.0,0.210997365364,11.9020664376,0.247516140139,0.396025824222,0.0,0.0,0.203010083395,0.0
TCGA-BP-4170-01A,0.0,0.0,0.0,0.0,0.536160202687,0.0,0.284493168773,0.0,4.17765205248,0.0
TCGA-B0-4698-01A,0.0,0.0,0.0,0.091100124765,1.08619379528,0.0,13.5441716105,0.227750311913,0.0,0.0
TCGA-CJ-4642-01B,0.0,0.0,0.0,0.0,40.0439693462,0.0,0.0,235.09685229,5.10900975885,0.0
TCGA-BP-4968-01A,0.0,0.42209957199,0.214509618552,0.0,1.0065451332100002,0.201309026641,0.0,0.0,0.0,0.0
TCGA-CJ-4873-01A,0.0,2.34256191116,0.0,0.0,0.931018195462,0.0,0.0,0.0,3.512611235880001,0.0
TCGA-BP-4762-01A,0.0,0.0,0.0,0.0,0.0,2.00810511386,0.0,0.0,0.0,0.0
TCGA-B0-5712-11A,4.79987994924,0.495471478631,0.0,1.58550873162,0.0,0.472603564233,0.0,0.0,0.193812187225,0.0
TCGA-BP-4991-01A,0.0,0.0,0.0,0.0,0.45954206376,0.367633651008,0.0,0.192711188028,0.0,0.0
TCGA-BP-4164-01A,0.0599109120711,0.0,0.0,0.0,0.995442846721,0.0,0.0,0.417443774431,0.0,0.0
TCGA-B4-5377-01A,0.0,0.0,0.0,0.0,0.237142889866,0.379428623785,0.251661842307,0.0,0.0,0.0
TCGA-B0-5117-01A,0.0,0.0,0.0,0.0408274981423,0.0,0.0,0.0,0.0,0.0,0.0
TCGA-B2-5639-01A,0.0,0.0,0.0,0.196534848104,0.0,0.937320044803,0.0,0.0,0.0,1.96534848104
TCGA-BP-4965-01A,0.0237841457183,0.0,0.0,0.0,0.197591364429,0.0,0.0,0.0,0.51859941705,0.0
TCGA-B0-4819-01A,0.0,1.81475201277,0.0,0.120983467518,2.52436658186,0.576998075854,0.0,0.0,0.0,0.0
TCGA-BP-4976-01A,0.0,0.0,0.0,0.0241586734395,0.216034291334,0.172827433067,0.0,0.0,0.0,0.0
TCGA-AK-3461-01A,0.103989993647,0.0,0.36822686275,0.0966100586139,3.0237090460400005,0.0,0.0,0.724575439604,0.0,0.0
TCGA-B8-5549-01A,0.0,0.0,0.0,0.0,0.0,0.0,0.0,0.0,1.7247078140799998,0.0
TCGA-AK-3431-01A,0.0,0.0,0.0,0.0520486411249,0.0,0.0,0.0,0.0,0.0,0.0
TCGA-BP-4341-01A,0.0,0.0,0.0,0.0,2.65752681187,0.0,0.0,1.67167009134,0.0,0.0
TCGA-CW-6097-01A,0.0,1.1964910263600002,0.0,0.0,0.0,3.70912218171,0.0,0.0,0.936056071094,1.1964910263600002
TCGA-B0-4712-11A,6.3414522547,0.403521486821,0.0,23.700161992600002,0.0,0.192448709099,0.0,0.0,0.236766550627,0.0
TCGA-B0-5692-01A,0.0,0.0,0.0,0.0,0.0,0.853877305852,0.0,0.0,0.0,0.0
TCGA-B0-4836-01A,0.331733203252,2.6416358305000003,0.0,0.220136319209,1.18111602037,1.88978563259,4.17809748702,0.0,2.90621607536,0.6604089576259999
TCGA-CZ-5986-11A,23.1797141395,0.666021716545,1.35388021068,3.5077143738,0.0,0.0,0.0,0.0,0.0651314612394,0.0
TCGA-B0-4833-01A,0.0,0.8596223040690001,0.0,0.0,3.07480285686,0.0,0.0,0.8596223040690001,0.08406401080800001,0.0
TCGA-BP-5190-01A,0.0,0.0,0.0,0.0,0.0,0.502356682671,0.0,0.0,0.0,0.0
TCGA-DV-A4W0-05A,0.0,0.0,52.5924678012,0.0,0.663387207583,0.0,0.0,0.0,0.0,0.0
TCGA-BP-4963-01A,0.0,0.0,0.0,0.0,1.22156424578,0.0,0.0,0.256134438631,0.0,0.0
TCGA-EU-5905-01A,0.0,0.0,0.0,0.0,0.505889955336,0.0,0.0,0.0,2.8214935048400003,0.0
TCGA-B8-4143-01A,0.0,1.35988416414,0.0,0.0,1.21605026217,0.0,0.0,0.0,0.0,2.03982624621
TCGA-BP-4795-01A,0.0,0.943796501641,1.1990857193,0.0,0.0,2.02553249198,0.0,0.0,0.0,0.0
TCGA-AK-3465-01A,0.424644845184,0.0,0.0,0.0986271898491,0.0,0.0,0.0,0.0,0.0,0.0
TCGA-B0-5701-11A,0.800631556339,0.0,0.0,12.1714779708,0.604672783808,0.483738227047,0.0,0.0,0.049594613183000014,0.507144915452
TCGA-EU-5907-01A,0.0,0.0,0.0,0.0,0.0,0.0,0.0,0.0,0.0,0.0
TCGA-AK-3433-01A,1.70381212331,0.0,0.0,0.0510611749755,0.456604737762,0.0,0.0,0.0,0.0,0.0
TCGA-BP-4967-01A,0.0586815957529,0.817756431137,0.0,0.0,0.975017283278,0.0,0.0,0.0,4.3583580139,0.0
TCGA-CZ-4860-01A,0.0,0.481996730685,0.0,0.032133115379,0.574688409662,0.45975072773,0.914810121503,0.0,0.235676634877,0.0
TCGA-A3-3317-01A,0.0,0.0,0.0,0.0,0.65142961251,0.260571845004,0.0,0.273180160085,0.0,0.0
TCGA-B0-4691-01A,0.0,0.564792147191,0.287025517425,0.0753056196254,0.33670301082500004,3.23234890392,0.0,0.564792147191,0.0,2.25916858876
TCGA-CW-5591-01A,0.370103895566,0.5730640963600001,0.0,1.60457946981,0.0,0.0,0.0,0.0,0.112081936827,0.0
TCGA-B4-5832-01A,0.0,0.0,0.0,0.0,0.0,0.0,0.0,0.0,0.407173506086,0.0
TCGA-CJ-4882-01A,0.0,0.7820045855500001,0.397412166427,0.15640091710999998,0.932390082771,0.745912066217,0.0,2.73701604942,0.305894538196,3.1280183422000003
TCGA-A3-3372-01A,0.0,0.509578566922,0.0,0.0339719044615,0.911361667764,0.0,0.0,0.254789283461,0.0,0.0
TCGA-A3-A8OW-01A,0.0,0.0,0.0,0.0410762541749,0.0,0.0,0.0,0.0,3.01269056646,0.0
TCGA-CJ-5675-01A,0.0727942933267,0.0,0.0,0.0338141233517,0.302376295357,0.0,0.0,0.0,0.148803476579,0.0
TCGA-B8-5158-01A,0.0,0.8678386109690001,0.0,0.08678386109689999,0.0,0.0,0.0,0.0,0.0,0.0
TCGA-CJ-4878-01A,0.0,0.0,0.0,0.0,0.449653248459,0.0,0.477183039181,0.377128530965,0.0,0.0
TCGA-CZ-5469-11A,11.938548901099999,0.0,0.0,3.3708843956,0.0,0.388948199492,0.0,0.0,0.0398763926924,0.0
TCGA-BP-5178-01A,0.0,0.444078246273,0.0,0.0592104328363,1.0589558180299998,2.9650762905000003,0.0,0.0,0.0,0.444078246273
TCGA-AK-3445-01A,0.0,0.0,0.0,0.0,1.20646587336,0.0,0.0,0.0,0.0,0.0
TCGA-BP-4349-01A,0.0,0.509433044323,0.0,0.0,0.911101406194,0.0,0.0,0.0,0.0,0.0
TCGA-B0-5096-01A,0.0,0.631179651162,0.0,0.0,0.376280176654,0.301024141323,0.0,0.0,1.35793224635,0.0
TCGA-AS-3777-01A,0.0,0.0,0.0,0.0291796384804,0.0,0.208746644514,0.0,0.0,0.214014698634,0.0
TCGA-BP-4972-01A,0.0,0.0,0.0,0.043377160867300014,0.0,0.155156767718,0.0,0.0,0.0,0.0
TCGA-CJ-5676-11A,5.11285759501,0.0,0.444283311082,5.04142127081,0.0,0.0,0.0,0.0,0.213732507697,0.0
TCGA-B0-4844-01A,0.0,0.0,0.0,0.0468433867816,0.418887977951,0.335110382361,0.0,0.0,0.0687134853421,0.0
TCGA-B0-4822-01A,0.0,0.726247245563,0.0,0.0,3.0306856209099995,0.0,0.0,0.363123622781,0.142042048028,0.0
TCGA-B0-4697-01A,0.0,1.80919956995,0.0,0.0,1.07856128208,102.679034054,0.0,0.0,0.0,16.2827961295
TCGA-GK-A6C7-01A,0.0,0.0,0.0,0.0,0.0,0.0,0.631105966795,0.0,0.0,0.0
TCGA-BP-4971-01A,0.0,0.0,0.0,0.0,0.5233288586129999,1.04665771723,0.0,0.219460489096,0.0,0.0
TCGA-BP-4342-01A,0.0,0.0,0.0,0.0,1.3805310999200002,0.441769951975,0.0,0.926291834787,0.0,0.0
TCGA-DV-5568-01A,0.0,0.0,0.0,0.0369739926411,0.33063281880999995,0.0,0.0,0.0,0.0542362983537,0.0
TCGA-BP-4174-01A,0.0,0.0,0.0,0.0,0.0,0.0,0.0,0.0,0.11346116609,0.0
TCGA-B8-A54I-01A,0.0,11.7815360925,0.0,0.0,0.0,4.91652563862,0.0,0.0,0.0,19.1449961504
TCGA-B8-5545-01A,0.0,0.0,0.0,0.0,0.0,0.25439234005100003,0.0,0.0,1.3040616800700002,0.0
TCGA-CZ-5470-11A,39.9262448506,0.0,0.0,12.0244354675,0.0,0.0,0.0,0.0,0.230065662833,0.0
TCGA-B0-5094-01A,0.0,0.0,0.0,0.0,0.298536341399,0.0,0.0,0.0,0.0,0.0
TCGA-CJ-5684-01A,0.0,0.0,0.0,0.11123809799,0.331575099778,0.265260079822,0.0,0.0,0.054390868102400014,0.0
TCGA-CJ-6033-01A,0.033478471075900004,0.0,0.0,0.0,0.0,0.222503069305,0.0,0.0,0.547483892926,0.0
TCGA-BP-4989-01A,0.0321550098091,0.0,0.0,0.0,0.8014017829350001,3.63302141597,0.0,0.0,3.2865057344300004,0.0
TCGA-CZ-5988-11A,28.7739135088,0.0,1.05949347693,1.11189853063,0.0,0.331431292783,0.0,0.0,0.0,0.0
TCGA-BP-5182-01A,0.0,0.0,0.0,0.0,0.258476048687,0.0,0.0,0.0,0.042399856566900006,0.0
TCGA-BP-5006-01A,0.0,0.0,0.0,0.0290571088518,0.519675216003,0.0,0.0,0.0,0.0,0.0
TCGA-BP-4169-01A,0.0,0.0,0.0,0.0534258469403,0.23887518103100006,2.48430188273,0.0,1.20208155616,0.4310302951100001,0.400693852053
TCGA-B2-A4SR-01A,0.0,0.0,0.0,0.0,0.7270697812100001,0.0,0.0,0.0,0.0,0.0
TCGA-BP-4983-01A,0.0,2.31600155546,0.0,0.0,0.8284159409899999,1.32546550558,0.0,0.0,0.0,3.24240217764
TCGA-B0-5108-01A,0.0,1.53071013772,0.0,0.0,0.304179578649,0.0,0.0,0.0,0.0,0.510236712572
TCGA-A3-3331-01A,0.0,0.0,0.0,0.0951312090732,0.850692542674,0.0,0.0,0.0,0.0,0.0
TCGA-B0-5706-11A,30.183304207800003,0.0,0.0,6.26804708255,0.0,0.0,0.0,0.0,0.18146948531,0.0
TCGA-BP-5202-01A,0.0,0.0,0.0,0.0,0.248093542293,0.0,0.0,0.0,0.0,0.0
TCGA-B8-4153-01B,0.0,0.0,0.0,0.0,0.0,0.0,0.0,0.0,0.0,0.0
TCGA-B0-4846-01A,0.0,0.0,0.0,0.105520086643,0.6290620549889999,0.251624821996,0.0,0.791400649825,0.0,0.0
TCGA-CJ-4890-01A,0.0,2.76608141532,0.0,0.030734237948,0.8245050372589999,0.219868009936,0.0,0.0,0.225416729429,1.38304070766
TCGA-B8-A54G-01A,0.0,0.0,0.0,0.0,0.0,0.0,0.0,0.0,0.0,0.0
TCGA-CJ-5676-01A,0.0,0.0,0.0,0.0,0.400503411,0.0,0.0,0.0,0.0,0.0
TCGA-CJ-4908-01A,0.0,0.44346646332,0.0,0.0,0.528748475497,0.0,0.0,0.0,0.0433673828483,0.0
TCGA-A3-A6NI-01A,0.0,0.0,0.0,0.0,0.629363977566,0.0,0.0,0.0,0.0,0.0
TCGA-DV-5569-01A,0.340261009375,0.526855756452,0.267746368033,0.035123717096800004,0.314087085577,0.0,0.0,0.0,1.95784252713,0.0
TCGA-B0-5709-01A,0.0,4.60138102721,0.0,0.0,0.27431309969900003,2.852856236870001,0.0,0.0,0.0,1.3804143081600002
TCGA-CJ-5672-01A,0.0,0.7922482457719999,0.0,0.0,0.0,0.0,0.0,0.0,0.0,1.58449649154
TCGA-B0-5113-01A,0.0,0.0,0.0,0.0,0.293070593749,0.703369424996,0.0,0.491602286288,2.35565890496,0.0
TCGA-CJ-6027-01A,0.0366957920052,0.0,0.0,0.0,0.30485734896600003,0.487771758346,0.0,0.0,2.5004072785900004,0.0
TCGA-B0-5696-01A,0.104913677228,0.0,0.0,0.0,0.290530183092,0.232424146474,0.616635490645,0.0,3.86029378923,0.0
TCGA-BP-4998-01A,0.0,0.406543583225,0.0,0.0,0.4847250415380001,0.0,0.0,0.609815374838,0.0,0.406543583225
TCGA-CW-6088-01A,0.0,0.0,0.0,0.029039500515900006,0.0,0.0,0.0,0.0,0.0,0.0
TCGA-A3-3352-01A,0.0,0.0,0.0,0.0,0.860985272302,0.17219705446,0.0,0.0,0.07061708857999999,0.0
TCGA-BP-4327-01A,0.0,0.580102055823,0.0,0.0773469407764,1.38332028696,0.0,0.0,0.580102055823,0.0,0.0
TCGA-CJ-4639-01A,0.0,0.860766610053,0.437438769044,0.0,0.0,0.0,0.0,0.0,0.0,0.0
TCGA-CZ-5984-01A,0.0,1.37033462907,0.0,0.0,0.0,0.217848069236,0.0,0.0,0.0,0.0
TCGA-CJ-5677-11A,4.3159318194599985,0.0,1.02740462654,1.48255592345,0.0,0.0,0.0,0.0,0.197702467567,0.0
TCGA-B0-5098-01A,0.0,0.0,0.0,0.0,1.0884905113,0.0,0.0,0.456463762805,0.0,0.0
TCGA-A3-3367-01A,0.029991340358000006,0.8358876796539999,0.0,0.0278629226551,0.0,0.0,0.0,0.0,0.0,0.0
TCGA-B8-4621-01A,0.0,0.0,0.0,0.08467423110539997,0.504788685436,0.0,0.0,0.0,0.538228945355,0.0
TCGA-BP-5170-01A,0.0,0.0,0.309841165621,0.0,0.0,0.581548033935,0.0,0.0,0.0,0.0
TCGA-CJ-4874-01A,0.0379456078865,0.0,0.0,0.0,0.0,0.0,0.0,0.0,0.0,0.0
TCGA-CZ-5452-01A,0.0376188318331,1.04847324851,0.0,0.0,0.0,1.75014380713,0.0,0.0,0.0,0.0
TCGA-B8-5546-01A,0.0514178539029,0.0,0.0,0.0955376898324,0.427163709347,0.683461934955,0.0,0.0,0.28028407427200003,0.0
TCGA-CZ-5988-01A,0.0,0.0,0.4121814812470001,0.0,0.0,0.0,0.0,0.0,0.0,0.81106678568
TCGA-BP-4999-01A,0.0265151883568,0.0,0.0,0.0,0.0,0.0,0.0,0.0,2.24032430583,0.369501979682
TCGA-DV-5565-01A,0.0,0.0,0.8895429741869999,0.0,0.6956682234020001,0.0,0.0,0.0,0.0,0.0
TCGA-BP-4782-01A,0.0,0.0,0.0,0.0,0.0,0.0,0.0,0.0,0.0,0.0
TCGA-B2-5641-01A,0.0,0.0,0.0,0.0,0.0,0.0,0.0,0.0,0.0,0.0
TCGA-EU-5906-01A,0.0,0.0,0.0,0.0996998167504,0.0,0.0,0.0,0.0,0.0,0.0
TCGA-B0-5695-01A,0.0640720879675,0.0,0.0,0.17857510969,0.0,0.212916476938,0.0,0.0,0.08731590536890001,0.0
TCGA-CW-6087-01A,0.0,1.99332837061,0.0,0.0531554232162,0.0,0.0,0.0,0.0,0.0,1.19599702236
TCGA-BP-5180-01A,0.0,0.0,0.0,0.0,0.276433733927,0.0,0.0,0.0,0.0,0.0
TCGA-BP-4158-01A,0.0,0.0,0.0,0.0,0.362371663865,0.0,0.0,0.303924621306,0.0,0.0
TCGA-B0-5085-01A,0.0,0.0,0.0,0.0,0.33054600459000005,0.0,0.0,0.0,0.0542220575353,0.0
TCGA-BP-5008-01A,0.029711129587400006,0.0,0.0,0.0276025978103,0.0,0.394929476362,0.0,0.0,0.0404896150845,0.0
TCGA-BP-4799-01A,0.0,0.0,0.0,0.0,1.0416028627,0.277760763388,0.368458155515,0.0,0.0,0.0
TCGA-B0-4842-01A,0.0,0.0,0.0,0.243615359773,0.0,0.697114721812,0.0,0.0,0.0,0.0
TCGA-CJ-4892-01A,0.0,0.5306814380899999,0.0,0.0353787625393,0.3163677804,0.0,0.335737236342,0.0,0.0,0.0
TCGA-CZ-4853-01A,0.0,0.0,0.0,0.0,0.697982578238,0.18612868753,0.0,0.0,0.0,0.0
TCGA-B0-5115-01A,0.0,0.0,0.0,0.0,0.929054519314,0.0,0.0,0.0,0.0,0.0
TCGA-B0-4827-01A,0.0,0.0,0.0,0.14770769934699998,0.264169539217,1.47934941962,0.0,0.0,1.12667891805,0.0
TCGA-B8-4619-01A,0.0,0.0,0.0,0.0382810787106,0.0,0.27385694769900004,0.0,0.28710809032900003,0.0561536328089,0.5742161806580001
TCGA-B2-4098-01A,0.0,2.37248776638,0.0,0.0,0.471455902293,0.754329443669,0.0,0.39541462773,0.0,2.37248776638
TCGA-BP-4338-01A,0.0,2.3395908745700003,0.0,0.0,0.0,0.371934959548,0.0,0.0,0.0,0.0
TCGA-B8-A7U6-01A,0.0,0.807617327754,0.0,0.0,0.0,0.0,0.0,0.0,2.6062855719,0.0
TCGA-BP-4165-01A,0.0,0.0,0.0,0.0,0.394715012911,0.0,0.0,0.0,0.0,0.0
TCGA-BP-5168-01A,0.0,0.0,0.0,0.0,0.0,0.0,0.0,0.0,0.0,0.0
TCGA-CJ-4638-01A,0.0,0.0,0.0,0.0,3.89035695723,0.0,0.0,0.407860003581,0.159541452505,0.0
TCGA-B4-5834-01A,0.0,0.0,0.230175582075,0.0301950763582,0.540027327176,0.0,0.0,0.0,0.0,0.0
TCGA-B0-4824-01A,0.0,0.0,0.0,0.0,1.7743286532099998,0.0,0.0,1.11610995928,2.91057066142,0.0
TCGA-BP-4992-01A,0.0,0.61076520495,0.0,0.0,1.45644010411,0.0,0.0,0.916147807425,0.0597278276134,0.0
TCGA-BP-5181-01A,0.0,0.0,0.0,0.0,0.315706017496,0.0,0.0,0.0,0.0,0.0
TCGA-BP-4167-01A,0.0,0.0,0.0,0.043728388898599986,1.17309812526,1.25130466695,0.0,0.0,0.0,0.0
TCGA-BP-4770-01A,0.0,0.0,0.0,0.0,0.491489482636,0.0,0.0,0.0,0.120934320649,0.0
TCGA-BP-4346-01A,0.0,3.50922719767,0.0,0.0,0.697346430306,1.67363143274,0.0,0.584871199612,0.0,0.0
TCGA-A3-3382-01A,0.0,0.0,0.0,0.0,0.68741388835,0.0,0.0,0.0,0.0,0.0
TCGA-BP-4959-01A,0.0,1.21905667378,0.0,0.0,0.0,0.0,0.0,0.0,0.0,0.0
TCGA-B0-5711-01A,0.0,1.0442223464700002,0.0,0.0696148230982,0.0,0.747020601708,0.0,0.0,0.0,0.0
TCGA-B2-4101-01A,0.0,2.4262275680500003,0.0,0.121311378402,0.361601224084,0.578561958535,0.0,0.0,0.0593162891242,0.0
TCGA-B0-4706-01A,0.336708570075,0.5213552052780001,0.0,0.382327150537,0.932423732516,0.0,0.329836966604,0.26067760263900003,0.0,0.5213552052780001
TCGA-B0-4813-01A,0.0,0.0,0.0,0.0,0.0,0.0,0.0,0.419391994324,0.0820261944735,0.0
TCGA-BP-4331-01A,0.0,0.4985790574140001,0.0,0.0,0.594459645379,0.0,0.0,0.0,0.0,0.0
TCGA-CJ-4634-01A,0.0,0.0,0.0,0.0,0.674944303292,0.0,0.0,0.0,0.0,0.0
TCGA-CW-6090-01A,0.0,0.446990191456,0.0,0.0,0.5329498436600001,0.213179937464,0.0,0.0,0.08742394911769999,0.0
TCGA-A3-3320-01A,0.0,0.0,0.0,0.0730081340233,0.32643059923900003,0.261144479391,0.0,0.0,0.0,0.0
TCGA-BP-5185-01A,0.0,0.0,0.0,0.0,1.8737062164,0.0,0.0,0.0,4.37986216514,0.0
TCGA-CJ-4868-01A,0.0,0.0,0.0,0.0,1.19825452085,0.319534538894,0.423872347513,0.0,0.0,0.0
TCGA-BP-4797-01A,0.0,0.0,0.0,0.0,0.501737623759,0.0,0.798684380678,0.0,0.205759908797,0.0
TCGA-BP-4977-01A,0.0,0.0,0.0,0.0272632695466,1.21898272492,0.0,0.0,0.408949043199,3.39930829284,0.0
TCGA-CJ-5678-11A,23.1151812182,0.0,0.0,3.43188235644,0.0,0.0,0.0,0.0,0.0996861227314,0.0
TCGA-BP-4766-01A,0.0,0.0,0.0,0.0296433268492,0.265079749709,0.0,0.0,0.0,1.6088752001299995,0.0
TCGA-CZ-5470-01A,0.0,0.0,0.0,0.0,0.257680849759,0.206144679807,0.0,0.0,4.64963552246,0.432238844757
TCGA-B0-4845-01A,0.0,0.0,0.0,0.0,0.767699469806,0.0,0.0,0.643876974676,0.0629658871135,0.0
TCGA-B0-4817-01A,0.0,0.0,0.0,2.51734680173,1.76555997407,1.05933598444,0.0,0.0,0.0,0.0
TCGA-B8-4620-01A,0.0,0.0,0.0,0.0,0.965099921524,0.0,0.0,0.269812881286,0.0,0.0
TCGA-BP-5192-01A,0.0,0.0,0.0,0.0,0.277681579931,0.0,0.0,0.0,0.0,0.0
TCGA-BP-4759-01A,0.0,0.0,0.0,0.0,0.296664179921,0.0,0.0,0.0,0.0,0.0
TCGA-B0-4816-01A,0.0,0.0,0.0,0.0,0.256517751029,0.0,0.0,0.0,0.0,0.0
TCGA-CZ-5469-01A,0.0,0.0,0.0,0.0,1.24914815747,0.24982963149300005,0.331406654022,0.0,0.0,0.0
TCGA-B8-4619-11A,16.0881477036,0.0,0.0,0.606680775205,0.0,0.789109260056,0.0,0.0,0.161804737866,0.0
TCGA-CJ-5679-11A,4.09140097691,0.0,0.24555226757800006,3.38228445986,0.57610339701,1.15220679402,0.0,0.0,0.28350829632,0.0
TCGA-B2-3923-01B,0.0,0.0,0.0,0.0,0.0,0.0,0.0,8.387555271510001,0.0,0.0
TCGA-B0-4852-01A,0.0,0.329622229709,0.0,0.0878992612559,0.0,0.157204448015,0.0,0.164811114855,0.0,0.0
TCGA-CZ-5459-01A,0.0,0.0,0.0,0.0,0.0,0.0,0.0,0.0,0.0,0.0
TCGA-BP-5187-01A,0.0,0.0,0.0,0.0,1.07894317792,0.863154542335,0.0,0.0,0.0,0.0
TCGA-CW-5588-01A,0.0816004404314,0.0,0.0,0.0,0.0,0.0,0.0,0.0,0.0,0.0
TCGA-CW-6093-01A,0.0,0.0,0.0,0.0335615028381,0.0,0.0,0.0,0.0,0.0,0.503422542572
TCGA-BP-5169-01A,0.0,10.9348376603,0.0,0.0,2.53510659433,3.18699114716,0.0,0.303745490565,0.0594076353786,21.2621843395
TCGA-A3-3326-01A,0.0,1.3645456205500002,0.0,0.0,3.25391647977,0.0,0.0,0.0,0.0,0.0
TCGA-BP-4166-01A,0.0,0.0,0.0,0.0,1.08389078065,0.0,0.0,0.0,0.0,0.0
TCGA-B8-5549-11A,8.194218447899999,0.0,0.254522747303,7.57930426217,0.0,0.0,0.0,0.0,0.0489775633612,0.0
TCGA-CJ-4899-01A,0.0,2.03281286102,0.0,0.0,0.242373841122,0.77559629159,0.0,0.0,0.0,0.0
TCGA-BP-4775-01A,0.0,0.0,0.0,0.069176707348,0.6185994022460001,0.742319282695,0.0,0.259412652555,0.0,1.5564759153299998
TCGA-G6-A8L7-01A,0.0,0.0,0.0,0.0,0.67576325094,0.0,0.0,0.0,0.0,0.0
TCGA-DV-A4VX-01A,0.0,0.0,0.0,0.0523148263172,0.935630547596,0.0,0.0,0.7847223947579999,5.52523780788,0.0
TCGA-BP-4353-01A,0.0,0.0,0.0,0.0,0.662324666616,0.0,0.0,0.0,1.6296947632799998,0.0
TCGA-AK-3453-01A,0.0,2.11788500121,0.0,0.0,2.52517057837,0.0,0.0,3.17682750182,0.207111782453,11.648367506700001
TCGA-CW-5580-01A,0.0,0.0,0.0,0.0529012197499,0.0,0.189223593721,0.0,0.0,0.0,0.0
TCGA-CZ-5458-01A,0.0,0.0,0.0,0.0,0.0,0.439478765571,0.0,0.0,0.135170913701,0.0
TCGA-CW-5585-11A,15.9949363006,0.0,0.0,2.48155902638,0.0,0.422683130866,0.0,0.0,0.26001012782,0.0
TCGA-B4-5835-01A,0.144891800219,0.0,0.0,0.0269218312665,0.240743298826,0.0,0.0,0.0,0.434401157502,0.0
TCGA-DV-A4VZ-01A,0.0,0.0,0.0,0.0,0.0,0.0,0.0,0.652872299768,0.0,0.0
TCGA-B8-A8YJ-01A,0.0,1.3849924367700002,0.0,0.0,0.0,0.0,0.0,0.0,0.0,0.6924962183840001
TCGA-AS-3778-01A,0.0,0.0,0.0,0.0,0.0,0.0,0.0,0.0,0.0,0.0
TCGA-A3-3370-01A,0.0,1.18477835441,0.200700158398,0.0526568157517,0.0,0.0,0.0,0.0,0.0,0.0
TCGA-CW-5583-01A,0.0328609320403,0.0,0.0,0.030528865895500006,0.272998512335,0.0,0.0,0.0,2.1047582465200003,0.457932988433
TCGA-B0-5104-01A,0.0,0.45146074741,0.0,0.0,0.538280121912,0.0,0.0,0.225730373705,0.0441491582641,0.0
TCGA-CZ-5984-11A,5.40365075324,0.0,1.00048307099,4.72486198689,0.0,0.234728720503,0.0,0.0,0.0,0.0
TCGA-BP-4161-01A,0.038325182603300006,0.5340799640199999,0.0,0.0,0.955181474113,0.509430119527,0.0,0.0,0.0522286400146,0.0
TCGA-B0-5092-01A,0.0,0.0,0.0,0.0441557474267,1.18456283962,0.0,0.0,0.3311681057,0.0,0.0
TCGA-B0-4848-01A,0.0,0.0,0.0,0.0,0.420039242956,0.336031394365,0.0,0.0,0.06890233638389999,0.0
TCGA-A3-3324-01A,0.0,0.0,0.0,0.0,1.1847943385600002,0.0,0.0,0.0,0.0,0.0
TCGA-BP-4162-01A,0.0,0.6637680222469999,0.337324732617,0.0,0.7914157188330001,0.0,0.0,0.33188401112300003,0.0,0.6637680222469999
TCGA-B0-4828-01A,0.0,0.0,0.0,0.0,3.19047322216,0.364625511104,0.0,1.14680604299,0.0,0.0
TCGA-BP-4987-01A,0.0,0.0,0.0,0.0,0.278370718233,0.0,0.0,0.233472215292,0.0,0.0
TCGA-B0-4839-01A,0.0,0.0,0.0,0.0,0.32731020241000003,0.0,236.545079342,0.0,2.52348938388,0.0
TCGA-AK-3426-01A,0.0,0.914788610072,0.0,0.0,2.18141899325,0.0,0.0,0.0,3.4888940996099995,0.0
TCGA-CJ-5677-01A,0.0,0.0,0.0,0.0,0.0,0.0,0.0,0.0,1.50443106721,0.0
TCGA-AK-3443-01A,0.0,0.0,0.0,0.0,0.0,0.0,2.9704343651,0.0,0.0,0.0
TCGA-B0-5711-11A,4.2483518807800005,0.0,0.445728721918,9.82328589723,0.0,0.0,0.0,0.0,0.128656713109,0.0
TCGA-B0-5705-11A,23.014823475300002,0.0,0.0,3.27520292306,0.0,0.0,0.0,0.0,0.135971313543,0.0
TCGA-B0-5691-11A,5.84078623752,0.393208610661,0.599481980187,1.33690927625,0.0,0.562590781407,0.0,0.0,0.269168039474,0.0
TCGA-BP-4758-01A,0.0,0.0,0.0,0.030345192921,0.8140681562459999,0.217084841665,0.0,0.0,0.0,0.0
TCGA-BP-5189-01A,0.0,0.325177496389,0.0,0.0,0.0,0.0,0.0,0.0,0.0,0.0
TCGA-B0-4818-01A,0.0,2.50947078792,0.0,0.0,0.897618397219,1.43618943555,0.0,0.0,0.0,0.501894157585
TCGA-A3-A8OX-01A,0.109695119125,0.0,0.0,0.373671115471,0.0,0.0,0.0,0.0,0.498299594764,0.0
TCGA-B0-5694-01A,0.0,0.0,3.50570921651,0.0,1.37082219364,0.0,0.0,0.0,0.0,0.766481226549
TCGA-B0-4849-01A,0.0,0.0,0.0,0.0,1.44422515394,0.0,0.0,0.403761870994,3.07979875099,0.0
TCGA-DV-A4W0-01A,0.0,0.0,0.6967418252969999,0.0,0.0,0.0,0.0,0.0,0.0,0.0
TCGA-CZ-5456-01A,0.0,0.5144797337070001,0.0,0.0685972978276,0.0,0.736101772842,0.0,0.0,0.0,0.0
TCGA-B0-5710-01A,0.0,0.558201964711,0.0,0.0,0.332774248193,0.0,0.0,0.0,0.0,0.0
TCGA-A3-3319-01A,0.0,0.0,0.0,0.0,0.519592065235,0.207836826094,0.0,0.0,0.127849151698,0.0
TCGA-B0-4713-01A,0.0,0.0,0.0,0.0,0.448324251282,1.4346376041,0.0,0.376013888172,0.147084296951,0.0
TCGA-BP-4176-01A,0.0,0.0,0.0,0.0,0.312548089821,1.25019235928,0.0,0.0,0.410157745633,0.524274215184
TCGA-CJ-4640-01A,0.0,0.0,0.0,0.0,1.83788503963,0.245051338617,0.0,0.0,0.0,0.0
TCGA-CW-6088-11A,1.22257132268,0.0,0.0,6.666700284119999,0.0,0.0,0.0,0.0,0.0,0.0
TCGA-A3-A6NN-01A,0.0,0.0,0.29839120867,0.0,0.0,0.280028672752,0.0,0.0,0.0,0.0
TCGA-BP-4768-01A,0.0,0.0,0.0,0.0,0.0,0.0,0.0,0.0,0.0,0.0
TCGA-CZ-5454-11A,13.5547549849,0.0,0.166946661538,10.271348473,0.0,0.94003812497,0.0,0.0,0.192752296918,0.0
TCGA-B0-5109-01A,0.0,0.610535051312,7.13625396042,0.203511683771,0.0,4.658852083859999,0.0,0.305267525656,0.0,0.610535051312
TCGA_ID_NA,0.0,0.0,0.0,0.0,0.0,0.0,0.0,0.0,1.8674610313,0.0
TCGA-CW-5589-11A,32.2398575099,0.0,0.505136313806,1.88855802484,0.0,0.237025501094,0.0,0.0,0.0972028868838,0.0
TCGA-CZ-5457-01A,0.059902654018,0.417386234448,0.0,0.0,0.0,0.0,0.0,0.0,6.57152900987,0.417386234448
TCGA-BP-5196-01A,0.0398136827685,0.0,0.0,0.036988195604300014,1.65379913038,0.0,0.0,0.0,2.5500852206,0.0
TCGA-BP-4330-01A,0.0,6.24264608788,0.0,0.0,0.28627519042,0.0,0.0,0.240101772611,2.2071185028,1.44061063566
TCGA-B0-5400-01A,0.0,0.0,0.0,0.394227406855,0.0,0.256385656207,0.0,0.268791413765,0.0,0.0
TCGA-CZ-4861-01A,0.0,0.0,0.0,0.06460616321219999,0.0,0.231091276105,0.0,0.0,0.0,0.0
TCGA-CJ-4871-01A,0.0,0.0,0.0,0.033925456962,0.0,0.0,0.0,0.0,0.0,0.0
TCGA-MM-A563-01A,0.0,0.0,0.393541962387,0.0,0.923309988678,2.21594397283,0.0,0.0,0.0,0.0
TCGA-B0-5120-01A,0.0,0.0,0.0,0.0,0.0,0.0,0.0,0.0,0.0,0.0
TCGA-CZ-5458-11A,11.4220722308,0.0,0.16474692677000002,4.99236332284,0.0,0.0,0.0,0.0,0.0317020900095,0.0
TCGA-A3-3346-01A,0.0,0.0,0.0,0.07135515888380001,0.0,0.0,0.0,0.0,0.0,0.0
TCGA-BP-4765-01A,0.0330067355926,0.0,0.0,0.0,0.54841960677,0.219367842708,0.0,0.0,0.0,0.0
TCGA-A3-A6NL-01A,0.0,0.6631311770489999,0.0,0.0,0.395328201702,0.0,0.0,0.0,0.7133366920309999,0.0
TCGA-B0-4699-01A,0.0706888855157,0.0,0.0,0.0218907516436,0.978769184064,0.0,0.0,0.0,0.0,0.0
TCGA-BP-5201-01A,0.0,0.0,0.240220307755,0.0630255431098,0.0,0.0,0.0,0.0,0.0,0.0
TCGA-B0-5693-01A,0.0,0.0,0.0,0.0402322025225,0.359768734096,0.0,0.0,0.0,0.0,0.0
TCGA-BP-4760-01A,0.0,0.0,122.10979978200001,0.0,0.0,0.0,0.0,0.0,0.0,0.0
TCGA-BP-4974-01A,0.0,0.359209172113,0.0,0.0718418344226,0.642431788586,0.0,0.0,0.0,0.0,0.359209172113
TCGA-BP-4969-01A,0.103958763175,0.482905222489,0.490821701546,0.0,0.0,0.0,0.0,0.482905222489,0.0,0.0
TCGA-CJ-6032-01A,0.0,0.0,0.0,0.0,0.0,0.415465185925,0.0,0.0,0.0,0.0
