ENSG,ENSG00000198938.2,ENSG00000198712.1,ENSG00000198886.2,ENSG00000198804.2,ENSG00000198840.2,ENSG00000198899.2,ENSG00000198727.2,ENSG00000210082.2,ENSG00000142515.13,ENSG00000263639.4
TCGA-HC-A8CY-01A,7433.99116543,7329.32168574,5597.40037084,7058.71982523,5744.1980571,4778.48364242,5974.49486041,4026.80633752,7330.63920989,322.763393066
TCGA-EJ-5502-01A,4812.84711996,5079.51315955,5212.35398953,5179.93310186,2774.39363546,3250.84009063,3123.21562451,2324.29175078,3875.09235422,2438.55357029
TCGA-G9-6379-01A,8398.16787679,8401.34118231,2358.87062711,3705.82262407,3814.72585774,2236.24272924,1514.04390348,4688.90961993,5120.95300788,20094.8345738
TCGA-EJ-7782-11A,1776.67261143,1441.06635829,1461.89853425,2057.63580966,1433.30405769,1257.38968084,1203.87214457,1666.89042191,4207.10960297,27302.080685
TCGA-HC-8258-11A,7409.35806139,5948.64408726,4636.06845905,7494.92222075,3212.28669081,2979.24447004,2678.39092006,4131.50439996,6.47560231609,4.34749633139
TCGA-KK-A8ID-01A,3951.78123245,3404.62982226,3417.95957159,3132.34741827,2696.75857733,3019.18501008,3483.22494312,923.037377325,5723.26427261,562.786234931
TCGA-EJ-5514-01A,3423.10963903,3456.90443448,2948.6849391,4089.42299075,2326.35224761,2497.36685905,1735.2159405999996,1582.05523307,375.23046377400004,2075.45477775
TCGA-EJ-7331-11A,3645.09632553,3219.40412431,4324.7448861,4296.06111722,1767.21696947,2479.55578176,2677.68140827,1980.02410808,3512.22724639,8665.40458402
TCGA-EJ-7785-01A,3579.9516474,3189.20322263,3461.35678182,4115.57061752,2109.45339546,2911.1277692,2918.13614635,1647.82845824,3060.2996777,654.161490609
TCGA-YL-A9WI-01A,13539.93682,12772.516851,7198.47838445,6932.76511897,4460.744493,7393.14423559,7333.55469365,3566.434892,2919.18790389,337.016007705
TCGA-EJ-7784-11A,2858.26342699,2669.19949433,2454.69315609,3067.95050463,2293.13132481,2291.6992518,1661.03736666,2393.22594712,2711.5273281,12681.9413379
TCGA-V1-A8WN-01A,3834.11388229,4239.56441962,4515.52782408,5726.22321473,2048.83836394,2777.17851421,2927.83184507,2288.98118918,5353.46018529,3260.16392603
TCGA-EJ-7783-01A,5594.80701344,6173.27935829,6165.66539675,6432.11355956,3691.91244443,4722.205161399998,3203.36035768,2581.86629953,1960.0076913,2208.39480509
TCGA-EJ-5542-01A,2324.50284177,2835.94567016,2336.3863895,2811.93864898,1736.84235428,2106.94409716,1553.91468732,1468.95283504,3207.9240059,2504.55363023
TCGA-V1-A8MF-01A,31005.6057373,28490.4766741,25427.9153431,15928.501894,21560.0780972,17183.1682278,19531.8828724,23287.419192400004,3669.20144974,16862.8583932
TCGA-KK-A59Z-01A,31486.0995153,26805.7658382,29120.283103900005,15641.0479658,17748.3550069,19294.1006314,22105.4445236,9456.549889,2558.60664546,176.367583284
TCGA-J4-A67S-01A,7302.8363454,6756.55995635,2453.70636036,3755.20791169,3730.54487225,2209.10437459,2125.07222078,4009.905545,9326.64126977,4288.66153614
TCGA-QU-A6IL-01A,10014.9210959,11610.1054573,2118.09797646,6239.55622147,6479.72473664,2276.9727141,2203.63894269,4945.13161814,10491.034475700002,1527.75198364
TCGA-XK-AAIV-01A,6556.66073273,6574.5269224,5572.65656659,3232.3354055,3323.86678411,4290.0188298,3746.61254869,2216.39239264,1423.18092283,1738.86828525
TCGA-2A-A8VT-01A,3663.12228861,3881.24897463,4192.37225135,4069.94998211,2637.37493696,2476.61221235,2831.23416931,1444.65913073,1503.49399166,1340.10578649
TCGA-HC-7748-01A,3075.30565423,3132.97925061,3067.6092435,4207.90286707,2128.94304537,2412.26402801,1938.33124436,2140.45741013,4271.13743051,2604.459963
TCGA-CH-5750-01A,5509.14746886,6523.08195907,6922.74478116,5399.78431507,5688.46619106,4922.80369728,4664.19884896,3742.05161598,3294.10999446,675.069392556
TCGA-G9-6333-01A,7181.42875555,7746.17544782,9072.70947236,6599.30212369,6158.89339322,5975.57796751,7281.32726011,4877.57348201,8255.00697849,3571.87854351
TCGA-VN-A88P-01A,13524.6328353,11546.6267014,11410.9538075,4854.56696649,13955.0773968,9299.77395189,10560.2898168,6305.1575090000015,4663.45298843,18792.8562004
TCGA-XK-AAJU-01A,8743.88728545,8576.20336609,7031.34622198,8144.37658583,4938.036723800001,5780.37902411,4860.66554074,4008.78071611,3462.02691615,14677.9420826
TCGA-2A-AAYF-01A,9437.07182182,10045.746835700002,9734.8480705,7576.58404244,5214.59610864,6148.78114943,4169.86394765,3381.69724385,8455.70113325,478.231696989
TCGA-FC-A66V-01A,7069.2582618,6826.53148581,2103.39901236,4088.91792066,3247.14519071,2775.01230307,1711.19268995,3846.78912826,6893.04590697,48532.518062
TCGA-EJ-A7NN-01A,9994.28955563,10229.391168,9294.1195001,9699.54460419,7689.67304632,7428.35713155,6130.59836783,5396.24533973,3243.2909514000007,642.947909286
TCGA-M7-A721-01A,9849.92659846,10954.218207,9715.36714196,8502.13926026,4293.83845169,7341.64047016,5779.50446979,3864.69399027,5388.52687684,5841.60959974
TCGA-J4-A67M-01A,4746.22561805,4746.34567939,1373.29861316,1530.94714347,2385.92074988,1428.42227894,986.798709019,1905.4730832,7056.343231399998,6650.07165159
TCGA-4L-AA1F-01A,16781.432463999998,13347.2937714,11392.2951816,12181.4545401,5669.68140166,8374.17879256,7363.74529016,6265.73883976,226.581596586,73.5011640762
TCGA-M7-A71Z-01A,13912.510824399998,14282.332917500002,14087.8564338,7863.89293873,11301.2164952,9389.25933598,7081.87742151,7479.48388524,3637.06189698,1449.87656314
TCGA-HC-8265-01A,9569.033285,12911.0984481,12160.6239269,14267.0693292,12460.3736507,11016.3927131,7541.38364002,11520.9909007,2813.16379195,1706.66845093
TCGA-EJ-A8FP-01A,9725.25276567,9183.84011092,8008.622561399998,9710.23463108,8667.64432257,7400.80174526,5686.27561201,4902.93977305,5441.77333282,20017.9733315
TCGA-G9-7522-01A,5967.06499194,6328.40105736,6152.14704394,4456.4924758,3988.30432961,4949.36307338,3847.25444467,2282.60546826,6979.44403425,4645.18599349
TCGA-HC-A48F-01A,9386.04185356,7334.47149887,8464.46422102,4182.79332904,4531.73093083,7961.89953723,6405.36289784,1946.81046358,2051.17621919,339.850533011
TCGA-KK-A6E5-01A,10255.4648985,10460.6861079,6588.16371486,8772.56634107,6858.07178538,4298.04847919,6264.34420175,4505.01514591,6491.54224726,10439.9423953
TCGA-HC-8260-01A,8983.45222739,9129.83883812,6766.82214776,6177.63497421,5683.24722525,6843.99892718,4661.65520483,3223.2111769000007,5626.40704983,18552.5825276
TCGA-YL-A9WL-01A,8277.46728514,7348.93665649,6068.98096354,2560.16295448,4444.74882967,4482.86195804,3191.44068788,3069.94348878,3165.01814989,1107.03357563
TCGA-XJ-A83G-01A,8753.46933418,9476.80383125,8991.132839,5348.84955148,6974.34055922,7542.08497788,7094.72662505,4830.19507875,9531.34495665,1637.02651049
TCGA-KK-A6E6-01A,8212.62884098,6746.88459196,5608.00710597,9470.86375345,4274.44076681,4649.06655972,4831.42645282,3250.52161181,3953.68603871,3072.23982009
TCGA-J4-8200-01A,6881.78900087,6535.97608548,5983.49182843,3844.70229359,4507.41765074,3431.35108566,3521.72174678,3957.73151524,5411.537136999998,7590.26071916
TCGA-HC-7817-01B,6812.75958314,5967.56852497,4830.70421143,3529.9246774000007,4414.02642533,3744.71710373,3306.00026243,2502.07966389,1565.87340334,1756.32179497
TCGA-V1-A9O9-01A,7408.49399096,6577.37635447,5103.17528494,2109.37322517,4608.18860633,5220.51590837,4247.63507118,3718.17912199,1544.53941556,950.240090239
TCGA-KK-A8I9-01A,6876.29071297,7469.878367899999,5215.16420408,2530.04112655,4414.12518963,4702.68129737,4520.83721435,4342.72027183,2306.80251909,2567.86715709
TCGA-EJ-5505-01A,4177.83202361,4303.10846738,3989.77881426,4754.42862651,4185.11820696,3074.30007747,2803.95920485,2492.61029382,5491.18075415,7055.61260886
TCGA-VP-A875-01A,8805.45770707,6325.95940534,5163.41726694,6895.42680163,3979.5411023,3825.68729176,5506.69992323,2698.04657196,5638.75800406,130.796409931
TCGA-HC-8266-01A,7732.12794012,6093.40414801,5731.20109964,6505.12765966,4850.63665757,4901.18612218,4593.13548863,5245.68497163,2969.18172329,7323.68730494
TCGA-KK-A8IL-01A,8952.70349671,9071.43610744,7959.64460663,6293.58520328,6063.34480318,5120.34861925,5745.84116919,3230.86325203,1390.75037988,1521.15754256
TCGA-YL-A8SC-01A,4702.02460604,4954.84262641,3743.85168311,4098.66725948,1611.74093573,3433.17136382,3249.79519368,2192.88297723,4506.79669204,694.6115199330002
TCGA-EJ-7791-01A,3655.5740736,3778.05547964,3133.82910438,4588.25939385,2491.66890687,2650.12164283,2326.1545308000004,2089.24737812,4615.93652947,4318.51912977
TCGA-HC-A76W-01A,10091.4130186,10871.370335,11320.7810689,13108.0605492,7186.684041600001,8432.75171266,9704.20537679,6816.17381621,2248.68983577,1039.99597627
TCGA-V1-A9O5-06A,3573.49943552,4096.166927400001,3262.98076698,4068.86047764,1804.88440403,2182.15788565,1929.09710101,1673.43339698,2425.88689034,10.9511046071
TCGA-J4-A67R-01A,9913.90174561,9056.20078388,2974.6715212,4641.7130663,5388.9328243,3368.67672279,1994.24467031,4178.64467013,4828.82567882,23030.9861588
TCGA-G9-6361-01A,12364.9657815,9842.83919373,9478.14933905,5323.86218151,3407.22555637,7397.99757005,4390.98343661,7939.71125163,4221.02876757,2813.92907355
TCGA-ZG-A9NI-01A,17134.3524415,15747.2419664,12286.7043179,11673.5305479,10782.3971446,9747.30137124,9401.95368968,5391.62674991,3566.54592113,83.8701987888
TCGA-FC-A5OB-01A,3898.94104037,4507.94603971,3474.83519837,1396.26360483,1918.1547428,2387.46239168,1929.46449977,1337.27173951,6418.33418526,1052.03291011
TCGA-G9-7525-01A,12844.7336817,12103.2414033,11433.4896432,10046.8116616,10112.638953,11318.3042084,6181.06453684,8336.42881275,4064.9908503,663.725119136
TCGA-EJ-7330-11A,6342.73886833,5378.09381429,6621.09246089,6474.81116036,3273.70543979,4706.90473388,3960.48270812,3889.61137334,1531.03670355,3594.07726919
TCGA-EJ-8470-01A,4175.1308949,5112.30649865,5402.53486396,5932.84215758,3460.75210703,3571.76510308,3083.24448278,1309.26334038,5579.61092685,5900.05924346
TCGA-XK-AAIR-01A,8286.98705129,10065.127164799998,8785.92679708,5582.56313525,3523.89325471,4476.90564739,3603.88100233,2759.55262897,5199.01979224,973.467588693
TCGA-VP-A87J-01A,3697.55397749,3959.99843423,3345.27318897,3374.36538806,1551.03699641,1439.93364058,2278.39204254,1154.87220986,5954.79997317,102.109518965
TCGA-G9-6363-01A,1849.11095465,1676.65776246,1205.26149287,699.2065156230002,1518.08839664,920.8622314360001,761.136436397,1917.8754342,3406.53257911,370.041659651
TCGA-J9-A52C-01A,14414.7514069,15264.4147936,10867.0496746,11305.01625,7491.22874044,9367.92014194,7614.02066341,7142.52534041,2785.39779202,1061.71477454
TCGA-J9-A52E-01A,18272.1498934,14147.717663100002,9639.0160172,4228.75686912,11904.5872593,8644.18839388,10338.8605912,5920.36777341,820.086128845,52.02911394310001
TCGA-EJ-8472-01A,9961.17581642,9170.56227004,8804.09842313,9306.24494161,5762.54369325,7761.25851261,6467.89968371,3379.90020932,3274.92768825,695.929759872
TCGA-KK-A8IG-01A,15770.9325929,16254.8591441,13204.430534,4363.11359399,12303.8417213,10294.6195234,9771.4461077,5554.40297384,5456.38874069,2068.14768819
TCGA-EJ-7794-11A,2730.54623837,2338.23512455,2789.77500851,3056.88054974,2223.5912937,2220.06338818,2213.51242498,1932.16298279,1458.00744475,2105.66428681
TCGA-HC-8258-01B,12821.6036351,15518.8240674,29880.0016175,13944.3083545,9119.87670083,14697.1613314,17234.3723402,40094.8014874,1281.27708049,327.076325098
TCGA-G9-6366-01A,10753.2812031,9321.72343703,5621.36552277,9211.30655891,5310.49640777,6213.47507014,5801.25857452,4258.73602037,4283.48156746,7210.08328674
TCGA-EJ-7328-11A,4949.7398626,3836.37306096,5450.78278243,5277.12145817,3164.48525181,3778.22176557,3399.29729194,3931.49887476,1313.73349507,5104.33903407
TCGA-CH-5764-01A,5309.41625722,4840.42028822,5187.64081516,5457.61344777,4610.61087551,4234.40937074,4837.34216868,2367.37475551,2846.6787004000007,817.8754571110001
TCGA-EJ-5506-01A,6445.32651811,6926.7530957,6325.49577788,7877.262876299998,4181.62279598,4891.74182982,5416.22644885,3954.45245585,2155.65086219,5711.47093408
TCGA-CH-5744-01A,7856.43138796,7823.91969914,8369.71872281,7962.65537132,4380.82628451,6763.40056929,5949.50214608,5212.17660875,7786.88508612,2209.93542615
TCGA-EJ-7786-01A,6297.74346913,5932.91315081,5553.62229498,6963.6910978,4592.36850493,4794.37676098,3855.13178582,2577.05828312,5444.32740487,1260.86094175
TCGA-G9-7510-01A,9752.52345418,11332.1753279,10258.4308714,8073.17956602,6824.0752747,7846.09503933,6231.87174975,3275.11349331,4919.35860934,5496.2160077
TCGA-V1-A9OT-01A,43373.2082981,41163.8965652,36944.8339768,31337.9839869,30837.84249,33179.9229417,23683.6247775,14270.3163732,1961.9629106,3737.28586634
TCGA-CH-5743-01A,7908.40576607,5556.02962194,7178.62530672,8489.17467496,5669.00823975,5874.1964818000015,5294.44465263,5278.45822688,1249.45384088,2933.51376798
TCGA-G9-6369-01A,22798.5505899,28604.4210873,22381.0630915,18056.6202214,12306.4964674,12266.1731285,13287.21527,18361.254896,5753.51916309,333.198469489
TCGA-G9-7523-01A,16707.5780395,14190.1977683,16926.7329083,13872.6824367,10391.2133366,7289.77480807,9642.7254672,14811.5818122,1852.3197096,403.592651354
TCGA-HC-7819-11A,5123.77634849,4664.42246706,6185.42955685,6744.35200146,4089.25313433,4768.76600488,3766.55385493,2769.04527644,4433.19827482,7886.85873972
TCGA-HC-7749-01A,6766.53507716,6548.70028578,4724.87848212,1959.47279617,5629.63600806,4413.24538823,4237.8340508,3459.29200766,6006.81013379,456.668619813
TCGA-VN-A88M-01A,18453.0663868,20339.854851400003,16885.1647982,17285.379756,9478.56991986,10271.9368649,12094.4667249,9363.81441129,5159.49680836,2245.35257578
TCGA-J4-A67N-01A,6409.08778186,6322.36214153,1714.70237563,2803.5187168,3639.68682614,1720.34027009,1187.38529601,2811.39526252,4567.74790657,1850.83592183
TCGA-Y6-A8TL-01A,7546.36891789,6928.91413258,6249.91749202,7071.65834603,5751.12903066,5154.0655713,4978.55558329,2647.24934615,5228.42628578,3208.49348519
TCGA-YL-A9WH-01A,10274.0897982,7936.33109416,6024.37417255,9803.46198603,2819.70479319,4810.49050319,4749.46593436,6429.24117611,836.085270512,9696.76445545
TCGA-V1-A8WV-01A,15528.124304299998,12811.9243339,10311.4246215,7413.44509632,5763.36214661,8256.24170044,6774.8276345,10331.870080600003,1326.56949426,563.324272471
TCGA-XJ-A83F-01A,12616.1115225,14113.1280871,10363.052772600002,6403.96129002,11546.0876749,9608.01329898,9675.38520317,6710.15261727,5723.19651355,326.216210123
TCGA-KK-A8IM-01A,6699.4878901,7007.12481376,6259.46087289,7823.17969532,4179.50913151,4830.75182767,4164.05368034,3437.96740135,3826.59970025,1554.14944053
TCGA-EJ-A46F-01A,3144.58867355,5959.16455134,1642.73321823,2314.57997272,4004.4967907,2080.13965871,1303.71219434,1237.49033286,7851.55367512,244.155180274
TCGA-VN-A88I-01A,9370.02485943,8451.61983694,6714.476002500001,1797.68088897,7244.35406491,5171.00059822,4264.28331751,6807.64365129,1601.25603184,6990.762839899999
TCGA-KK-A8IH-01A,9112.83826876,7167.61482975,5775.24771734,9412.10064817,3192.10138284,5347.42307734,3552.12403309,4244.19768924,3472.58751874,1079.35557719
TCGA-EJ-5503-01A,4075.37567086,4324.32389057,4003.95708628,4313.06331788,3216.44067372,2871.77718069,2673.26404247,1865.69430358,4569.51666295,11753.0767371
TCGA-CH-5789-01A,4709.36768762,4246.4271804,5019.43171117,5491.98244217,4002.50669846,3976.48018725,3674.63751195,3367.83820451,4630.97430042,18965.9091921
TCGA-EJ-A7NM-01A,6083.67802293,5833.62077088,5117.82660924,4168.88023974,3735.98579089,3941.02650386,2257.62782949,1712.31499814,2393.20361676,327.203022012
TCGA-EJ-7312-01B,6518.90116066,6469.28907337,7548.81998429,5262.51078563,5924.24496201,5795.82956139,6069.32719522,3470.56291936,10150.4817366,5404.13403077
TCGA-G9-6343-01A,22935.821936400003,25281.0235934,23975.3125857,17716.886186099997,29361.6543676,16939.7558553,16462.8333085,11130.454436,9760.68042331,2060.30387638
TCGA-VN-A88K-01A,3750.25785179,5503.25138995,4226.04409792,715.4153887639999,4034.51182236,2725.75679278,2524.90587013,3271.0061314,4407.38694675,2118.50940912
TCGA-ZG-A9L5-01A,9235.45084568,7684.38796594,5562.32458864,5241.33353942,6653.8272915,5430.58926187,5724.28243477,2925.46390842,4131.67135213,37.1461879278
TCGA-EJ-7789-11A,1970.36637023,1643.03292545,1389.0763466,2000.38438807,1557.58506524,1184.99770651,1199.82457364,1663.08666748,5492.00820292,8334.10573474
TCGA-EJ-7797-01A,6318.52657346,6587.13756992,6509.50682972,6754.01806163,4373.81894665,5067.14357115,3555.7007898,2258.85940881,4040.70812142,4919.38322137
TCGA-EJ-7327-11A,2116.34091946,2206.47990932,2439.60530036,2429.48711027,2236.5532639000007,1789.68479642,1916.66590494,1073.34020776,5846.36886112,10875.6565549
TCGA-KK-A59X-01A,6888.36843558,8457.19269735,6050.08091663,4307.99161892,2775.02039053,4026.59164537,2866.62955699,3570.21619112,3812.68464202,766.7562939669998
TCGA-CH-5792-01A,6673.20448724,6765.22383992,7479.46028028,7421.45409835,4902.51757986,4721.12487611,3916.88189436,3561.06116896,2613.23726983,3693.98044805
TCGA-G9-6348-01A,9790.84176908,11162.6178567,12165.9815247,3445.11770485,6547.22951993,6332.97215388,4210.61970054,7804.89878376,5000.99057905,2632.90430742
TCGA-X4-A8KS-01A,46194.0656089,46129.3075268,43785.5851239,47778.5804184,32365.7941431,33432.1295585,33478.6416105,22530.0398105,2888.41091201,2679.76302286
TCGA-M7-A71Y-01A,10743.5872445,9679.97704774,9805.60557619,6749.78557114,6798.76138195,7561.42656651,6276.19875486,4512.70433741,2932.82004295,1544.57265112
TCGA-EJ-A65B-01A,6883.70668504,9001.67244556,2195.78930678,3698.46244289,4326.41227167,2419.03971365,1662.78072205,2309.28423371,3446.60681467,23716.211366
TCGA-EJ-5531-01A,4217.94452028,4147.91983987,4302.27218673,3990.55360434,4330.73739324,3060.94333089,2960.40643328,2506.89211645,3360.36789041,1733.62418841
TCGA-2A-A8VL-01A,8025.74495222,7707.56886416,8641.86243483,9234.71291091,6149.68700927,6775.43639946,6435.32063666,3937.59923155,5607.32461491,30421.0730593
TCGA-G9-A9S0-01A,12139.3276462,10941.7385674,10190.9019291,10186.3858183,7226.90625666,8289.44997064,6364.83159011,4527.91660078,696.257383578,2867.75491953
TCGA-HC-A8D0-01A,20002.2071227,13099.9039258,12355.7957259,8177.77889837,7376.86727589,10518.3349054,7885.99300379,8276.18553537,1845.50273446,5018.69579613
TCGA-EJ-7318-01B,5965.44862856,7463.57982096,5518.79570357,4367.36750762,5626.69649098,3554.86855598,2979.60894641,2595.42601925,8500.99471584,855.117094625
TCGA-HC-8258-01A,8620.88501492,7634.56568027,7695.44470251,8526.67149604,4397.11940619,5038.3012574,3336.9175217,4687.11892831,4552.92262333,2164.84475168
TCGA-G9-6371-01A,6776.94506946,8108.15369555,7101.65765863,7030.52864281,5622.35614541,5517.64071076,4160.11287705,4766.94923437,8568.60311214,807.485400526
TCGA-ZG-A9M4-01A,15725.568077000002,13392.418558299998,12328.3094894,11035.0431857,13218.7958801,11825.5532064,7897.69070179,5191.07165628,264.652144367,1.09148116357
TCGA-G9-6384-01A,6286.66558946,5613.627793399999,6447.43591161,5665.489839399998,4108.23747485,5064.21345826,3673.51570638,3924.29137088,3549.78926555,11150.5791009
TCGA-CH-5741-01A,5144.16674353,5673.64591748,5767.58304266,5408.09386979,4170.70061607,4510.94887533,3047.07752473,3621.71861542,5758.92330004,1798.91169457
TCGA-G9-6342-11A,8473.52343503,6430.32725315,5810.06129841,8081.58688007,6530.76492045,4495.5409485,4510.60794561,4977.79125651,6642.28541755,7985.01566579
TCGA-ZG-A8QW-01A,9403.10009378,11434.4218522,8027.74755225,8130.91556243,6440.38644175,6383.23729711,5396.561449600002,5687.90490743,1955.82639868,1819.94959904
TCGA-ZG-A9L2-01A,8084.63666953,6398.52654459,5489.0216971,7077.58256102,4315.95121605,4625.84100728,3627.74112632,3453.20595775,3157.29322338,78.0086431195
TCGA-J9-A8CM-01A,6444.68898611,6335.82719164,4678.55618963,1290.50937311,5039.86480903,6268.05918972,3694.84797373,2355.52563413,2253.45378388,198.10486990400003
TCGA-EJ-7781-11A,3866.61673157,2549.60669417,3211.60493463,3351.3209061,2876.24958659,2463.4404156,2524.81002505,2117.5439152,618.654625151,1727.42185298
TCGA-V1-A8X3-01A,5460.92396432,5213.21040859,5305.17140641,4687.18590483,3178.10935885,3961.5069415,3489.74542397,2109.32680452,7709.33772679,487.119899682
TCGA-EJ-7794-01A,4247.82525094,4349.59708762,4374.81048132,4690.5467444,3904.17354261,3333.74573041,2889.85526222,2049.19001406,4284.92470794,1316.5443856
TCGA-G9-6365-01A,14118.522204299998,13899.8566059,15452.0944539,9472.83164229,7792.79077575,8753.01925887,5601.80108927,9019.06983019,1950.8272296,376.897563384
TCGA-ZG-A9KY-01A,9696.15235202,9282.06456689,9002.56686766,10728.1737766,7943.01419971,6520.73702496,7339.73536358,4234.07474554,3361.27689344,187.17862765700002
TCGA-KK-A6E1-01A,7268.02571427,5480.00145784,5798.75148034,5859.16469564,2094.78193848,3416.77736829,2914.17740569,2315.22293914,5241.31189334,3107.63628951
TCGA-HI-7170-01A,16438.9828479,14868.9800572,16399.0287299,6045.234876600001,17773.6099877,13129.1167486,13441.7801386,6873.70482773,1671.61321801,2412.71865723
TCGA-KK-A8I6-01A,7204.35276599,7674.54842742,5985.23712902,7308.1805801,4106.45502823,5024.76116762,4465.9339399,3233.02995013,4525.53506344,3058.29504497
TCGA-H9-7775-01A,5786.44785044,4031.25367795,5186.50134118,3871.16216909,3538.85879262,3996.52031305,3341.58177927,3560.64284902,4866.33086869,8921.36741474
TCGA-EJ-5501-01A,4859.00823309,4570.89538153,4235.37555703,4216.59461464,3357.02175974,3751.74888123,3466.6532143,1458.34679126,3409.88275067,9896.36096167
TCGA-J9-A8CL-01A,11447.6826806,12915.3343063,11919.017836799998,5123.56205417,12637.5497795,10333.3399584,9476.32349976,5388.43659318,4971.286613,188.874495663
TCGA-SU-A7E7-01A,5577.88237598,5794.13856166,6206.72094057,5228.96617896,4878.55358882,4572.37408875,4101.71605854,3100.97193745,4484.72009512,8081.5937317
TCGA-CH-5738-01A,3744.39304687,3526.36308686,3601.18049689,4190.6168683,3371.6360002,2818.62130594,2571.80414897,1942.30564134,2843.45541621,709.0008471489999
TCGA-G9-6348-11A,19568.173376,16928.374465200002,23483.8127592,10946.8524674,12390.0943532,16070.248631,14676.438198700003,9977.13226678,3044.98518121,6138.62475084
TCGA-G9-6363-11A,8717.65964917,7379.41169755,7050.39168206,2718.96447248,3575.93201288,4582.71357423,3738.10324379,4829.674947,2209.87027914,424.233265406
TCGA-HC-7079-01A,4854.23647817,4164.43187117,3851.72356852,5636.35779048,2861.26832577,3055.5927919,2567.74019053,2772.7090705,448.23196812300006,545.491252702
TCGA-YL-A8SJ-01B,13180.9346205,11936.4855698,12138.233380299998,11861.7875716,6347.67497763,7803.520993100001,8817.96083182,6967.44915545,1271.81285219,324.690701236
TCGA-HC-8262-01A,12050.2491359,16064.1463764,12833.730501200003,12408.1336029,11682.921612200002,10200.6349886,7266.44142282,5509.41420971,4361.51681778,4137.38241394
TCGA-EJ-5499-01A,8799.00004942,11008.422366600002,7150.39007377,9059.99083006,7003.71300362,4961.27368672,4723.169958899999,5458.50288555,2570.11197471,2468.57914326
TCGA-HC-7738-01A,8865.34317905,9096.80678605,8842.41640783,10079.2408356,3408.5591019000008,5784.59904481,4757.90892767,4056.69137318,5270.51592766,1427.5244533
TCGA-EJ-A7NF-01A,14910.1237849,15234.6495051,14058.5984157,12640.3811227,12176.2302089,10178.0078595,9806.53164876,6494.98216608,6178.12457955,1646.13213823
TCGA-EJ-8469-01A,1909.43020816,2164.98189253,2051.0905697000007,1741.10007203,844.6144612630002,1090.66396428,826.422832288,527.221766927,2561.26790234,88.1835564153
TCGA-HC-8259-11A,9096.238132,8153.57688664,8536.38666329,9986.89184766,5929.57292415,5832.02678704,5346.94590999,3531.51927693,6393.54237393,22718.6825625
TCGA-HC-7211-11A,15798.231123,11935.177081299998,11665.884298,16989.7422252,7685.386867199999,8158.62023245,8464.72181874,11351.7714783,70.2679205717,5.78548500786
TCGA-KK-A5A1-01A,14818.3974421,16242.1657116,12120.4537453,9181.86388254,13091.9980629,4998.53984798,11895.6368717,2615.71762163,3044.7104134,150.314039085
TCGA-CH-5752-01A,5457.46984655,5675.58971755,4470.05824263,4873.28614865,2370.94039078,3921.81685527,2438.28887405,2336.10965418,1127.41740014,13.0534452644
TCGA-ZG-A9LS-01A,9219.37945633,8829.98248851,8657.12024163,8269.28591688,6269.17783056,5988.26418007,6002.94222284,6364.49376002,1406.88098685,1177.20765165
TCGA-V1-A9ZR-01A,7575.02770361,6470.47122814,6470.13968527,7043.112485100001,5594.96355119,5271.72626867,4207.80261613,6771.987169600001,1199.47765104,167.26624802
TCGA-KC-A7F3-01A,11164.703201200002,9960.21600948,5959.912632199998,5894.6674006,5039.93407102,6615.46512455,5668.17052726,4866.66613393,4143.74226415,8098.52270909
TCGA-HC-7232-01A,6629.53478695,5801.40446466,5465.44531682,6494.75257526,2945.42967656,4208.07376857,3282.72332566,3522.13141277,3641.85761569,1761.39435255
TCGA-CH-5745-01A,3968.120645,4539.19586725,4691.26726301,4847.20968324,2797.13786182,3380.68912548,3598.50754456,2341.91872968,3691.96408242,2437.83509421
TCGA-VP-A87C-01A,3603.32590942,4289.30284877,2935.97720406,3701.2596973,1901.27403439,2390.99064948,2794.73724959,2575.20111873,1626.26535308,4672.84139462
TCGA-G9-6354-01A,12149.436686,14089.6643128,12239.4845614,13272.2717589,8458.13013233,8547.42964557,5761.43688579,5245.56169074,8088.10830491,10283.1071398
TCGA-G9-6370-01A,8778.18173383,7007.94462294,7131.65305563,7548.18113881,6353.97423022,5743.52741207,5115.30171521,5206.70688053,3052.24783282,2585.60207207
TCGA-V1-A8MU-01A,5072.38382936,5058.82451106,3379.33387089,2161.95692157,2995.16092137,2522.60403556,3534.28875967,2936.05275275,6534.32918775,4657.02293664
TCGA-YL-A8SH-01B,9047.12723281,11542.9950057,9942.76005071,9365.52883602,10217.07734,7941.816898800002,7718.14849581,5568.60865066,2506.27425328,185.93236213
TCGA-V1-A8MK-01A,7159.07238668,6790.0963257,6789.60147894,8377.57864288,3471.56061837,4313.65597588,4635.46036398,4135.5060005999985,5116.19890562,11536.0529315
TCGA-EJ-A65E-01A,5214.84994942,5049.81259225,4715.44995907,5448.73418149,2812.44944313,3441.51441848,3119.35708557,2872.26047041,5925.60971185,3234.57204542
TCGA-KK-A8IF-01A,9991.08115341,11198.194485200003,10447.5854137,4547.68235127,5712.41766304,5923.82522012,6536.70234728,4041.19967083,1207.68595894,578.797849609
TCGA-YL-A9WX-01A,6614.95832579,5577.32771096,5066.99929041,6396.58148202,4296.95352259,4278.30366395,4193.9624881,4061.64730448,3287.82188339,9431.00588707
TCGA-G9-6384-11A,10755.9773783,9452.79836934,12648.1997361,9865.616199200002,7357.94634576,9921.44761754,8042.18367173,10480.9005097,5214.96758881,13265.4558188
TCGA-EJ-7781-01A,4470.38075283,5260.95794337,4868.43515693,5787.83822832,3901.33297602,4015.84364814,4050.82258394,1345.93136786,4452.64341942,1353.56300132
TCGA-KK-A8I4-01A,13455.9016934,10124.6917399,9335.38666943,4359.95622645,5575.61527416,7387.21215414,6891.55635262,3143.03916184,1726.05227764,253.042500587
TCGA-ZG-A8QX-01A,9038.32781976,11675.0671459,9490.53240219,10660.7502304,9767.76851732,7672.29819756,8507.51838783,5065.58708811,3737.35141533,300.363080722
TCGA-KK-A7B2-01A,10530.4404078,11072.1345431,6543.04592717,4341.04687706,7352.20271743,6449.94684968,4327.36820367,4005.07409325,4905.244818,8483.14908495
TCGA-KK-A8I8-01A,7041.68628825,7066.17405148,5684.46633899,6453.09888267,4417.67983647,4025.51433333,3746.29121868,3563.63669403,3550.42120921,252.601060543
TCGA-J4-A67O-01A,4545.30347399,8733.08949728,1407.3536422,1908.30061482,4387.12246805,1701.09959366,1121.36572806,3398.50335613,9011.60176117,22658.6997352
TCGA-G9-6338-01A,18685.8293564,23659.3313832,22517.0293061,20212.0632982,15706.0970448,16572.1885745,16320.7305013,15415.520571599998,2842.11473852,158.463461212
TCGA-HC-7821-01A,8049.01069269,8310.23054634,7579.86663667,9092.20971354,4470.55125549,6558.7867561,6824.19009253,4712.62615964,3607.99016634,7141.70682389
TCGA-KK-A7AY-01A,9940.2168278,10262.1038688,4742.82171288,5411.08253906,9891.42407648,5438.74094956,3496.4873692,4798.93540941,3787.19889717,208.37619621
TCGA-G9-A9S7-01A,6732.22127537,6284.43369547,4182.86306976,2322.64788114,4080.95376899,4279.04468851,3571.35948889,1693.62246995,3875.27223184,918.717746078
TCGA-EJ-5527-01A,4616.22343026,3752.9842785,3851.50033399,4243.49571628,2575.68593701,3122.92593889,2000.2848715,2750.76451206,2785.39376963,3647.31746949
TCGA-HC-7213-01A,3092.08964116,2855.13860749,2574.8271824000008,3466.34918224,1238.28651454,2074.34284196,1836.07353231,1381.60934463,2837.72894276,1260.29085281
TCGA-V1-A9ZK-01A,5342.74523401,6131.51607127,4966.74212453,3960.44727822,3728.2820033,4113.46829986,3839.12192656,3741.75477536,2977.24002848,11052.1236662
TCGA-KK-A6E8-01A,18216.2380937,23739.5278416,10335.4662695,9752.7409217,7795.46678448,8812.85654875,5417.22542317,5636.90695095,6873.59952298,396.650353848
TCGA-G9-6499-01A,9729.55980268,9719.50014343,8582.33064868,10231.2708169,7207.03416395,6473.11891811,6743.00087012,4549.31386691,5043.16022192,2572.94536941
TCGA-VP-A87B-01A,14389.1352417,16867.521525699998,11594.6923008,13214.1302687,9396.14261623,5910.00263823,12240.1726179,5911.02573225,6836.8406477,210.86452288799998
TCGA-HC-7819-01A,6005.62077335,6296.96843591,6395.74196226,6485.71186953,2888.32189278,5108.20620364,3666.58178117,1735.55264909,5729.94917228,1288.76886687
TCGA-HC-8257-01A,8203.20452107,11429.1996131,7965.85689012,4472.89354008,8503.64564857,4635.97151368,5999.43251444,8393.28498917,2725.55614773,4639.63500579
TCGA-ZG-A9L1-01A,6835.78437496,6803.94978622,5598.24625538,6264.44744836,5417.658766600001,5286.25069445,5577.204908899998,2142.08765682,2600.53511983,13.604462655599999
TCGA-X4-A8KQ-01A,25456.230426,25534.1017447,24289.5485298,25613.1134135,19470.8386313,16633.614057299998,19579.5846281,13887.4651652,4108.13663947,1365.94341479
TCGA-VN-A943-01A,7328.61906526,8288.86962181,6220.40090245,3350.80575407,4637.49192457,5621.70256602,3579.75170427,2855.1220916,9226.72958367,383.709421768
TCGA-V1-A9OF-01A,5775.92104923,6347.78250656,7020.67061882,4841.47175566,5714.89419008,5036.50051433,4567.33343965,3695.6472956,5401.09998027,2942.71896691
TCGA-EJ-A6RC-01A,8742.68847142,8184.12274697,8892.916608900001,8366.980375399999,5794.56792783,5835.71857297,4991.18507372,4230.37943297,4140.16212769,3945.54151653
TCGA-H9-A6BY-01A,9039.51083642,11336.9992003,2882.15718156,4261.09258419,4599.54309587,2156.17938709,1443.13261797,6256.65753198,5261.10256447,1139.79693334
TCGA-J9-A52B-01A,9120.41846812,7186.0923406,4594.81515666,4002.71336526,4688.99437232,5473.38953693,3395.29924726,1701.60905786,1472.2693906,4804.2627297
TCGA-EJ-5495-01A,5018.85299561,5721.74989266,5455.68465338,7294.92014612,2290.30253829,3976.09416067,3178.98114294,3200.04283171,1446.29067294,1337.91680271
TCGA-YL-A8S9-01A,19803.9020533,11332.1248518,14482.3955988,12833.3167208,7167.72939323,7954.48846487,5675.64800143,8453.5972423,5665.57240701,342.72651355
TCGA-CH-5748-01A,4835.47220469,5093.19763459,5373.51975072,5266.97883281,5273.13631664,4232.26322754,3936.87889756,2669.83020756,5331.06065834,1367.94187285
TCGA-XK-AAJP-01A,5675.70995494,7884.02448014,7856.70765428,3804.15361012,6000.52737351,6096.0646726,5407.38111476,2482.87386945,5235.97525584,755.1201239610001
TCGA-YL-A8S8-01A,12927.444876,16246.4071325,13483.7125845,12426.26942,8259.24679357,8861.78580316,9026.2225955,5410.19689386,2545.27011366,254.65870537799998
TCGA-V1-A8WS-01A,28832.057532,25654.447696,14446.484653799998,5482.18153066,9142.57360926,13921.5525907,9498.86652504,3209.86304574,2123.23386764,732.392602536
TCGA-ZG-A9N3-01A,17185.6431745,13727.5950909,6390.91810363,10568.4640949,6840.4562375,6955.62503704,5400.49523148,7390.5803531,316.766434403,433.322303742
TCGA-J4-A6G1-01A,6200.14819396,4765.99142829,4107.03048489,3101.19727658,3540.93811522,3258.2171510000007,3485.58761221,2128.1953984,2272.94555139,3100.38956256
TCGA-G9-7509-01A,6559.47735647,6321.76830121,6100.37872851,7085.06043448,3946.57018641,4399.18096538,3671.59845848,2965.70167121,6219.9057974,8232.69472686
TCGA-HC-7736-01A,3321.64851232,2860.52536949,3100.30331995,4205.77359378,1873.06743513,2544.93649,2099.58978963,2116.86904202,1274.4871697,9906.01215396
TCGA-CH-5765-01A,18233.7596398,13159.1869327,9584.73574081,11705.2474969,4146.09183414,8114.67217825,4541.78183343,6486.50830271,4401.17444145,1143.49832288
TCGA-EJ-7789-01A,9607.0243725,10181.918518,9529.48363623,12535.445966,6250.09913738,5108.54885341,6247.93472654,9780.52583296,4559.47691917,71.2857480742
TCGA-CH-5791-01A,3871.76413138,3016.129291,2988.15311526,4073.44284409,3048.53761346,3058.36403059,2904.85557152,1992.51978793,3171.16171094,1498.6222666
TCGA-EJ-7788-01A,8139.33852117,9916.41260793,7291.82353177,2492.39886352,6451.62149671,5894.23898037,3997.44500642,2748.67953214,3514.45613813,477.411937663
TCGA-CH-5753-01A,6755.82606261,5547.76975204,6318.04554323,6937.50286218,4040.34574719,4709.92364394,5269.53640459,3761.78657508,5496.87717066,208.88927262299998
TCGA-EJ-A46H-01A,6970.62476155,5498.918590300002,8141.056714899999,7081.96178963,3302.10954129,5141.48158087,5153.24633675,2475.58482544,1957.26453138,140.347998578
TCGA-VN-A88Q-01A,6102.84494503,6184.8375866000015,5657.07768133,5463.35958261,3865.11506764,4186.24584714,3796.41945496,2318.89708251,3261.44994496,2395.71362437
TCGA-KK-A8IJ-01A,5745.98918221,5560.03741044,5147.24947125,4712.99948065,4084.37175619,4089.54605797,4002.30000482,3708.56635309,8170.7162457,726.167728762
TCGA-J4-A83N-01A,6848.68483822,8216.43603053,5917.30703809,6288.57323977,4812.60784807,5001.69164587,3897.93229908,3589.56669102,7256.11653719,1734.96115777
TCGA-KK-A8I7-01A,8483.40895508,9413.61106775,7802.63325209,9262.77484901,7162.86854615,6348.37897536,5909.7542573,5189.01940434,4747.7109163999985,7933.64490114
TCGA-TP-A8TV-01A,12846.7742272,14131.3036056,10990.9898655,3115.01092538,10582.2711646,9295.9441258,8723.48461722,3705.18428808,3380.74571697,5878.52983039
TCGA-YL-A8HO-01A,13726.8950143,15872.7374918,10745.885335299998,8316.60945106,7106.72330258,6242.43638353,9471.20170307,4304.66782313,4117.31239824,5348.71774914
TCGA-HC-A8D1-01A,9929.48908873,8653.24478403,8153.64044312,6348.46652599,12941.7242462,8206.71247983,6122.17874311,2668.38996592,4617.92790771,13946.082764899998
TCGA-J4-A67Q-01A,11769.6949511,13098.333167,3865.89129656,5521.31860314,7789.51570815,3971.26512744,2936.0028262,8864.0735783,2874.49780106,1719.12873928
TCGA-VP-A87H-01A,7412.50932535,7945.63343215,6090.19879365,5421.1417308,4527.03987225,5031.01047061,6444.18324053,2784.63303435,2885.90939023,1336.11792449
TCGA-J4-A83L-01A,7995.98353636,8738.81761678,8170.44606914,7969.13048343,6794.03944761,6414.02377939,6705.80721597,3454.5880936,3268.74089105,8422.12175861
TCGA-HC-7742-11A,6052.95273627,5997.57962901,6173.87480851,6395.24691047,5465.99598448,4861.95856779,4290.27367365,4116.64588588,4008.01173794,9122.13071843
TCGA-EJ-7331-01A,3739.65261234,5016.39594655,4933.41048834,4736.56450317,1981.77998651,3730.71649806,3032.75536669,2137.98927922,5362.06379697,3556.67983494
TCGA-G9-6332-01A,7528.09803136,7884.25954086,7343.64819125,5602.74706205,3701.81995938,4568.62621691,4448.94930968,3803.70914052,8253.10832518,702.561805165
TCGA-EJ-AB20-01A,16829.03821,14728.4953791,7927.36628868,9738.75061485,11272.6889162,8933.482506999999,7281.72965812,7269.09347317,1235.5060545999995,1583.51953885
TCGA-ZG-A9LZ-01A,9178.98674193,9306.95684547,6343.79204542,8642.02710852,3402.9268738000005,5461.99347797,4226.24055889,3539.86079669,1868.8980773,860.182778781
TCGA-ZG-A9LN-01A,12111.3715357,12461.5294551,10869.8623161,10783.985414700002,8274.01534909,10029.3944304,8594.0729454,7634.12697711,2738.42652231,2311.38003694
TCGA-CH-5761-11A,7035.69979124,6333.99896504,5676.10828581,5537.10848047,4898.81050566,4510.54385363,4185.18821574,4127.36535669,2910.40524685,9648.20311055
TCGA-EJ-A8FS-01A,9695.12834191,10138.3085789,9120.47793712,8112.85584001,6343.14817202,6734.87530259,6350.93669382,3275.54180548,5212.60426904,321.585370013
TCGA-HI-7171-01A,6849.92132442,5346.53117632,5027.7417644,1404.04955232,4103.64040642,3966.38492867,3265.01874936,3731.08322121,3367.43971544,524.0024242669999
TCGA-KC-A7F5-01A,6963.93166085,7150.5167061,7064.20984269,4722.67793577,4494.00444451,5229.10011088,4430.65628789,3599.26534113,4085.30058065,607.977469416
TCGA-HC-7077-01A,4997.03627641,6243.54259562,5007.27875523,4663.54920022,2813.80587853,3283.79340724,2965.99706503,1656.1409692,5518.43913121,277.563657023
TCGA-V1-A9OA-01A,15091.1782369,16236.9678751,16916.4959618,18377.1988818,12565.6925638,12175.1116765,10250.2641354,11140.9066154,1427.50946742,948.581481234
TCGA-HC-7740-01A,9224.2182385,10001.0557474,10704.4844663,10969.4412823,6866.62562032,8143.13594095,7682.61397965,8664.18397991,4096.27477847,6192.59586261
TCGA-VN-A88R-01A,5765.77985915,7704.02152985,6733.90112721,2462.12343278,3973.30305764,5207.81353166,4185.25949837,2062.96245798,5163.81834206,851.741709359
TCGA-KK-A8IA-01A,9857.33486283,9430.21748967,7970.1194418,8784.97550287,6347.49847283,5841.03152283,6273.13670509,3175.46804839,3625.85461456,127.05721163
TCGA-HC-A632-01A,7258.67207319,6540.48858248,7836.22673173,2326.57783394,10515.2841606,4831.56659278,5984.9790081,2485.46445336,2560.47983121,34.1878076478
TCGA-YL-A8SP-01B,9140.70004311,6437.64848037,5539.29767494,1505.65390644,4855.61674102,4462.8130548,4199.29334539,2873.38844321,2118.74033915,434.81393938699995
TCGA-G9-6356-01A,10720.072279,8616.00562454,9347.95860121,9480.63779158,7763.77486756,7374.03235527,6126.40066763,5378.38584446,2342.96532808,3882.96379762
TCGA-J9-A52D-01A,6227.80261347,5988.13490811,5905.10285097,4629.48129724,5043.98863573,4543.32124456,4638.5006704,1911.1833367,4177.04574804,344.68867913300005
TCGA-2A-AAYO-01A,17022.6981977,18831.5144112,15952.5659909,4579.19020772,16804.366526700003,12625.99011,9382.23143044,7387.80953608,5062.91962879,677.989188998
TCGA-G9-6342-01A,7620.34812669,6316.25485498,6211.88361506,6637.34930001,4533.10173848,4870.84093409,4655.25994546,3103.91963541,4474.21178728,9038.6466793
TCGA-YL-A8SO-01B,12841.5696961,18005.1527449,10544.731055700002,3410.51752972,7397.06033896,8753.14517984,8739.91902397,3360.24729689,3096.0209113,1775.03245719
TCGA-HC-7744-01A,899.652501227,708.7707881539999,949.7663213410001,664.26821895,1242.33006217,1197.35707916,806.362051472,2871.7106201,1760.19156787,1099.90135117
TCGA-EJ-5526-01A,3861.07054002,4427.24822263,4739.260735800001,4605.090547600002,3782.39220509,3479.18984567,3583.01183626,2267.37546793,4472.89058251,5080.82718116
TCGA-M7-A725-01A,8242.52247912,6796.34016629,6759.49923918,6707.43159444,2174.41440749,4280.77028541,3998.6315837,2868.64472792,3875.97741751,465.49557594099997
TCGA-J4-A83J-01A,5923.84634372,6031.29128087,5944.05021364,6275.00540157,3522.08469086,4812.26648935,3858.78961177,2955.55659319,4350.38566836,1316.65131225
TCGA-KK-A7AQ-01A,21223.66461,21263.7235295,16846.282301,10539.3946778,15920.522879499998,16359.2073956,12463.0459446,6921.28161121,5788.20529318,2845.52261741
TCGA-XK-AAJR-01A,7079.73153932,6354.93887428,5557.77063227,4352.26632617,4575.92808671,4141.04968105,4429.40939596,2765.67500923,8649.21760393,4780.27324934
TCGA-HC-A76X-01A,7415.43929021,8407.16573748,6951.91657334,7847.46165008,5573.27053861,5392.91668229,5021.82621395,3601.11129267,5022.54172425,672.360218569
TCGA-V1-A8MM-01A,10556.108964799998,10712.5761408,9085.42957966,3582.65015436,7166.55463073,7067.60976378,5996.26172737,4436.54911794,3675.23683993,800.086029719
TCGA-HC-7752-11A,16712.1600871,12587.8929672,13881.9470376,12808.5938689,12977.1629541,10765.8617143,11169.9199287,13733.1644972,2571.8959865,1961.86336209
TCGA-HI-7168-01A,12353.3940852,13769.4178206,14070.930213799998,12202.591139700002,8964.69213045,9567.00698099,10044.6916904,6665.57769812,2809.00818651,715.868275199
TCGA-VP-A87D-01A,3402.23548622,3847.62071313,3262.68340122,3751.70073299,2047.12412316,3054.2483071999995,2998.23885125,1508.08566224,5360.9001181,2587.35825479
TCGA-J4-A83M-01A,9841.14732217,10800.99518,10106.3533072,9348.42774023,6494.43628976,6709.97235169,7568.16098053,5788.5074749,6417.31029593,412.06739167
TCGA-J4-A6G3-01A,7254.19216658,6671.65951191,6411.34964472,7083.58384004,4446.87914936,4867.20507767,4254.75356775,2644.18122372,2164.72750814,3006.24042281
TCGA-FC-7961-01A,3226.74945365,3008.42359616,2946.68583243,1557.70368027,2350.60192323,2237.83397773,1559.22980147,1556.22913169,2107.76826774,351.54654807599997
TCGA-YL-A8SB-01A,10436.3227135,10970.4458696,11356.0616838,11423.7514822,9310.31102356,8227.05390343,8187.0584364,5190.15355089,3309.49399299,23318.1677527
TCGA-FC-A8O0-01A,14180.2856826,17425.4565628,16216.919094600002,8010.042844,12254.2531553,7796.78989312,10073.6195103,9244.934721,4522.0735599,750.4843473880002
TCGA-ZG-A9L6-01A,13189.8996473,14163.943191,10779.4691278,12029.2508472,11265.499829200002,10159.2338177,9983.686539899998,8239.24891533,5579.09555249,11965.8419248
TCGA-CH-5740-01A,5200.78186778,4594.9955114,4130.83536941,4800.9522947,4402.47303479,3541.94504682,2925.90456785,4412.00369247,2539.11826574,3866.62059553
TCGA-J4-A67T-01A,7869.07022942,8018.07433409,8268.91445113,7776.26980333,4802.97998703,4812.7881824,5031.673411600002,2554.24117724,6390.82913425,7920.4384565
TCGA-EJ-7321-11A,3080.12415315,3301.71718597,3323.03038329,2968.72887013,1699.83670241,1722.83281584,1802.55569035,1715.23514427,3943.75294494,21275.5533667
TCGA-ZG-A8QZ-01A,7385.91850768,5588.99656907,5208.22506132,6793.22436727,3353.56754288,4138.46245035,3625.67799746,2857.42681749,4009.16055998,3258.71861665
TCGA-CH-5769-01A,11379.1607714,8105.68162424,7151.46724209,7666.04137333,4088.94151975,5621.75144057,4604.29150349,5008.19134934,1988.39939305,2584.27902754
TCGA-EJ-7783-11A,3734.67544288,3134.71159177,3200.52391472,3269.5914441,2842.13488177,2444.22752459,1816.35240839,3860.56433397,278.87152210799997,326.15483970900004
TCGA-KK-A6E4-01A,4449.3108407,4170.51876152,948.697273649,2603.2203351,1210.00570384,1097.53450565,946.150685214,1668.93828729,6253.4374542,385.35856389099996
TCGA-Y6-A9XI-01A,4295.72547246,3724.43499428,4699.36340693,4459.78544459,3283.87846493,3564.9078090000007,3460.19942011,2121.28653273,8339.93747649,4055.07187472
TCGA-V1-A9OL-01A,4393.05248866,4646.20082468,4164.18867858,1809.51296007,3612.0451252,3688.64409241,3007.79162902,1107.3233521,3796.96776325,808.5083077810001
TCGA-EJ-5525-01A,3902.23260007,2993.53169036,2946.21864512,1793.40558501,2112.20322775,2321.8641249,1727.56791409,1309.6834211,1655.42176279,4.471974990990001
TCGA-J9-A8CP-01A,5618.93197839,6230.85894899,7664.98897484,4199.05871414,3749.62135352,4318.85189451,4262.76238692,2576.2268416,9648.27821746,747.975006945
TCGA-EJ-A7NK-01A,9038.67993434,7786.33624896,8148.91641832,8123.38575579,6161.48156309,6723.81069549,5248.0243669,4919.25317235,4964.59901343,10602.2744961
TCGA-EJ-7123-11A,8235.88081162,5963.88145011,8286.79539402,7171.903702,4844.75328484,5951.72960661,5681.56612064,5686.65026545,1107.07261779,3666.84557288
TCGA-HC-7740-01B,5251.801491100001,5425.60449267,9065.60948134,8522.17644898,1227.67881601,4607.67562717,4936.58400713,46847.4688708,1366.64323065,770.869188305
TCGA-HC-8260-11A,5341.75817663,5187.14642314,5023.33869072,4803.71546162,4572.58784871,4045.35133645,3691.18695352,3355.85182001,6503.9178341000015,10220.9632866
TCGA-KK-A7B0-01A,10811.447596,15608.9543211,5659.22288385,2677.98587934,11510.2208825,7396.06872243,4337.29937673,4045.73173069,2782.08105136,716.9217357999999
TCGA-VN-A88N-01A,7261.44372237,7778.47723121,9222.73692046,6035.48875895,4608.13092719,6433.31615196,6124.66224769,3789.56244764,10103.2035981,960.963674996
TCGA-KK-A8II-01A,6686.74669498,5854.90600372,4989.28205108,6799.00243762,3126.10040273,4534.11698483,4164.75904965,2517.93058608,4018.1730884,536.389960159
TCGA-HC-7747-01A,5321.96695661,6381.02331566,4949.71292739,5486.57782818,4927.18755131,3969.44285291,3738.0398378,3202.85043121,3288.83479004,16452.0441212
TCGA-HC-7737-11A,9485.46238828,6847.50693869,7881.59286155,10754.7073659,3245.19651866,5150.76288281,5167.87721752,4923.23286657,5.08929812515,2.38184754913
TCGA-J9-A8CN-01A,15860.2428988,23351.2782289,19857.3251982,18892.6137438,14760.6070295,13857.1057115,12797.4440058,11816.6498666,9149.30012178,363.821112392
TCGA-EJ-5522-01A,3699.13329456,3670.35751092,3568.44188227,3664.33287814,2995.32302951,3029.35470141,2643.548838,2012.59597068,3271.88181743,6337.55777138
TCGA-KC-A7FD-01A,3386.50551403,4629.39999873,4538.9844696,2538.37705263,2788.17294382,3225.98110542,3300.48920374,1252.11241433,5929.33941003,1453.74001399
TCGA-G9-6494-01A,9532.33660951,9473.04018288,9293.75343004,7759.24377204,3637.86108045,9350.55847845,3407.42793705,5026.85297254,7760.25210605,5426.16448103
TCGA-HC-A631-01A,15751.7464794,15013.3468967,14336.5500186,14767.994186700002,8523.0934135,8907.60340901,7301.81006319,7088.34774948,1435.19427271,5853.22345282
TCGA-V1-A8WL-01A,6852.70471446,7330.44629863,5298.55963247,2016.27806307,4895.06948426,4160.35188751,3895.37683963,3410.52910935,9133.38909612,441.06925676099996
TCGA-HC-7081-01A,6669.33314677,6003.42919525,5940.88487976,6607.72510171,2935.6555285,4708.577448800002,4166.38285406,4221.56029981,2510.80402004,911.259422838
TCGA-YL-A8HK-01A,8379.10099065,6758.53476421,6155.68283337,6738.18443821,3274.90558001,5226.08382184,5232.85503592,2810.21999943,2730.3024763,1332.95879583
TCGA-TK-A8OK-01A,13299.5135527,12834.932620799998,15284.154781,14227.7444081,8153.94243986,9845.27072178,9170.14017692,8363.95343383,1672.75104202,1953.18877878
TCGA-V1-A9Z9-01A,8374.72092253,8579.79289505,8002.91982089,7636.35645955,5208.80719299,5375.025207899998,4331.89673292,3088.59006454,6188.74941327,7379.20001241
TCGA-KK-A7B4-01A,10732.2773195,8597.91385078,7174.95554252,10668.8777052,2830.54933514,5005.3200781999985,4709.37146458,4966.15478306,2632.83881728,560.535093703
TCGA-EJ-A46B-01A,7716.56287575,7550.79218525,8468.93565633,7637.98736771,5705.33408952,6589.0125683,6097.29328087,4237.3218011,5569.71043385,12885.0169968
TCGA-CH-5767-11B,15244.6461935,12634.7519089,13609.0538146,12744.2386944,6179.36488612,12699.4294409,9520.17883101,8599.26696136,1806.56080466,12163.1247538
TCGA-EJ-A46I-01A,9845.32652819,8399.52002989,9711.69172709,10122.5744466,4732.42401832,5827.55612128,6441.36012587,4187.8501233000015,4029.00687153,2105.82385569
TCGA-WW-A8ZI-01A,18595.9413208,18898.493119,25590.857697400006,17309.669528,19789.1417382,14020.9964992,14539.1182189,14245.094551499997,1082.47448495,41.6005435445
TCGA-ZG-A9LU-01A,21314.99434,15461.4934378,13937.9122396,16736.5950347,8913.04689341,10564.1551448,8687.37802359,8748.93693344,1641.78239311,14589.357197799998
TCGA-ZG-A9L0-01A,10270.7195406,21616.6180821,11378.2821836,4102.23496361,5272.74074012,15760.530437799998,9602.73234681,3600.92187452,2358.37751809,94.83968552799999
TCGA-EJ-A6RA-01A,8442.34175662,7942.2216596,6170.02018744,5890.34822507,8691.99062075,5781.83775273,4194.93097655,4336.6820895,5381.1362079,18302.7514648
TCGA-EJ-7315-01A,4417.38191938,4392.885180899999,4290.36076282,4849.79096437,3758.27809331,3245.18117372,2386.61388301,1946.68910908,3955.07078553,433.797725114
TCGA-EJ-5530-01A,3196.98384704,3042.56057924,2815.09795068,3272.77907413,1503.68409287,2281.01652534,2090.45312678,1297.44962875,5240.95296449,2908.49589744
TCGA-V1-A9O7-01A,11986.1261107,12057.4772736,8959.08673443,8616.95658524,6542.14690177,6624.72026334,6519.84888422,3433.13425641,1270.79904546,1156.97599348
TCGA-2A-A8W1-01A,13061.3214922,15397.148152000002,11522.6728627,3562.30583634,7128.96127526,8274.410437800001,8281.7837705,10803.4757497,7531.34595891,204.266260801
TCGA-CH-5762-01A,5684.91363,5469.43538254,5545.31994813,6134.40491881,3176.64786849,4548.61889134,4064.75938943,3070.64310559,2819.53103242,1660.82647128
TCGA-KK-A8IK-01A,9800.81558976,8100.69761703,6715.3034316,1559.07369651,10734.6435009,5555.96662593,7533.07255377,6460.93142378,2969.62582344,260.785091725
TCGA-J4-8198-01A,5728.36691863,7831.0476375,4836.14145523,3277.78850297,2585.31022858,4061.66718196,3507.87698333,3222.46589556,3555.94354584,297.454615258
TCGA-HC-8261-01A,12157.154982,12333.9255986,9947.393101,10415.3762473,6344.75422993,6252.52980988,7447.98109891,3907.30885641,4520.48847892,504.401912569
TCGA-EJ-7786-11A,3166.94091003,2284.69872893,3251.29148481,3427.03593149,2006.18911659,2441.17789334,2178.82448963,2252.31939185,1861.16417324,3707.32600736
TCGA-G9-6499-11A,14486.1644879,13288.0769716,12547.2019161,17656.373320299994,10539.341063700002,9505.76708251,12565.298028799998,9849.00150232,1604.02084014,767.272764085
TCGA-XQ-A8TA-01A,9400.92685651,10574.4326997,13180.7719735,8266.98341336,8325.61350222,5851.17385784,6873.77251417,3963.7224413,117.31752062700001,43.666646633599996
TCGA-EJ-5532-01A,3281.43760023,4798.38571973,4547.67763212,3902.37743993,3471.87607037,2314.3938468,2466.88700483,1819.74776426,6735.02245223,415.85128714800004
TCGA-EJ-5517-01A,8181.05021544,7911.3872324,7635.85368828,6789.57804853,11869.8090423,6094.40542423,5344.22300835,5872.87241268,9057.04666979,474.38807249900003
TCGA-M7-A720-01A,7004.63702647,6412.90691113,7233.77041013,6703.80440833,4318.03168038,5122.22656567,4520.01010971,3849.01861506,3251.92701047,10960.4318533
TCGA-EJ-A65J-01A,7361.268721799999,8053.96154534,8338.63882523,7038.41678256,4656.32057649,5783.5065975,5813.68954747,3179.18370146,6861.42090911,295.631193835
TCGA-CH-5754-01A,8494.65462932,7087.40228204,6702.51043136,5910.44801923,3831.72060828,5207.50455695,4592.00581501,1370.65887362,2586.58429554,633.394494815
TCGA-G9-6336-01A,10761.7809084,13413.3339554,13400.0316577,9015.81020127,8099.80908715,9445.73412326,6884.72057318,5913.86584585,5975.94627503,6575.1590428
TCGA-HC-A4ZV-01A,14481.2133644,9682.73176195,8972.94292947,8426.81599997,3794.80481295,5903.40825024,7155.58428105,3392.9783926,1523.79203803,58.5610941021
TCGA-FC-A6HD-01A,4871.26403111,6021.70598239,1048.06172781,1397.46644179,2403.87423701,1222.4089383,801.220167435,2946.70184939,6500.89654644,7069.48247052
TCGA-XK-AAK1-01A,8815.4157756,9850.59221694,7012.66173678,1592.39783032,9370.53545262,6484.06886917,3774.25257697,2372.49327804,11019.3998544,667.253034431
TCGA-CH-5772-01A,11625.1182384,10315.3869078,11869.8907244,10810.2826408,5610.57542667,7732.66405118,4588.98963036,10174.1023906,4068.7380647,1550.31657107
TCGA-HC-A6HY-01A,7517.31653093,6327.74319801,4027.10823408,4582.3431243999985,5655.46557533,3330.60149162,2670.20790282,2513.23137506,4939.00871478,10772.2978345
TCGA-TP-A8TT-01A,7246.57876211,8013.81431922,5568.15664025,2595.47986303,4193.66605437,5082.25116827,3291.48474831,6874.34574474,4159.24379198,2018.11866928
TCGA-ZG-A9L4-01A,8860.28392497,10425.992626,8739.53124683,13380.6025896,5051.47177747,6332.68337541,4088.29857161,4878.94295731,1783.2010042,2148.22364312
TCGA-EJ-A8FU-01A,8539.53781958,7710.89445807,7966.27022494,7571.26267756,5565.18653975,6112.00426575,5793.22727101,4247.51771438,3634.21906119,6096.71750268
TCGA-HC-7747-11A,5876.41522363,4682.32801846,4854.49671795,6992.336794499999,3665.2165116,3364.21611522,3757.88620537,3403.3971393,2.23591738011,12.496064866300001
TCGA-EJ-5521-01A,4968.75051208,5174.99962763,4186.19225656,4357.0856101,4224.1947162,3830.61411632,3113.50538255,2798.04591702,4198.66077288,2196.91508301
TCGA-KK-A6E0-01A,11630.9193895,8894.36017826,7514.70398737,2058.71333464,3639.23004493,5079.574551,3902.9960474,3288.84514013,4478.30832992,1565.67138683
TCGA-G9-6378-01A,16015.7303606,17789.7152856,25705.820039200004,16638.593616799993,9366.56136331,11327.612377,9766.97897612,21185.9557763,3914.73503997,1100.36264017
TCGA-VP-AA1N-01A,5528.66446065,7058.17011068,5382.4092552,5225.2055908,3786.35673712,4481.26764645,3410.12822486,5177.74612375,4020.92143825,980.339047029
TCGA-EJ-A65M-01A,6188.62640369,7608.24813717,4358.38903448,3659.16726081,8771.45259383,4070.93544479,3261.50687474,2344.34151372,6457.84838514,2691.95848198
TCGA-2A-A8VV-01A,7261.39016747,7556.53012243,6604.57265787,5874.74391689,4911.51677037,4946.88321535,6004.20812108,4054.94125764,5854.65501704,3145.96389923
TCGA-EJ-7317-11A,3431.47965941,3214.35811003,3285.10005459,3571.41784595,3229.93988905,2766.85101204,2240.87080476,1955.31786452,5141.80580265,27623.8464561
TCGA-CH-5739-01A,4033.66608481,4782.15848535,5053.89601566,4793.19607793,4700.62745533,3639.99245644,3233.80019002,2698.47067701,2897.53485146,843.993439549
TCGA-KC-A4BL-01A,8367.17013067,6546.50702057,5906.95988555,8068.06169477,3811.00201129,3203.28954479,4931.1662131,5491.44781979,1624.74280833,1793.38211024
TCGA-EJ-A7NJ-01A,5631.06120395,5946.55044704,5616.91457245,6676.94929836,3807.79220667,4588.89985116,3725.90698617,2962.46918114,7005.9132884,2711.40413422
TCGA-EJ-A46E-01A,9078.59990785,6620.20214813,7225.826053300001,7910.29126289,5744.66463763,5048.05818695,5409.23390067,4762.44080852,1041.21041733,4060.27257863
TCGA-G9-6339-01A,12126.5180354,11896.7549611,12176.1358887,6790.42649719,9587.87510083,7823.12062412,7485.06620776,4975.06715614,4700.86700455,1808.71181962
TCGA-2A-A8W3-01A,15668.7889352,14163.324043900002,11505.9132277,12258.9680908,5841.57739011,7995.082794600001,7722.55421371,4805.04753288,2675.23093442,1006.71008753
TCGA-KC-A7F6-01A,10561.2324149,11214.1066313,8128.11333664,5188.00558761,4778.85455113,5572.0866515,4057.5121113000014,3836.10463098,2918.358703300001,1596.67767831
TCGA-EJ-5504-01A,5789.20976786,6379.92377991,5522.45129252,6465.59212255,4121.27349442,5643.17917886,3850.63066075,3244.11599159,4303.06510444,1542.62861089
TCGA-EJ-A8FO-11A,7592.6045016,6681.51807586,6950.69754477,6388.19358139,5077.87480965,5015.73414402,4896.12439893,4061.60512686,1047.70327104,3928.78693815
TCGA-V1-A9OH-01A,12693.9941464,12569.363698,11169.5076963,8512.16429066,9575.67881877,9153.10299666,7956.07230649,6235.59370996,4797.02079771,316.65703144599996
TCGA-FC-A4JI-01A,8687.93136561,13671.9219215,8090.78069096,8579.46833421,6224.50168247,6749.49210468,4020.38871275,5303.27196749,849.277471117,29.8136542686
TCGA-2A-A8VX-01A,12823.4014946,15046.5095658,16057.4172482,6881.8730822,14699.273081600002,12885.3567529,12864.4967989,12370.3907246,3309.15506326,429.94085702800004
TCGA-EJ-5516-01A,4430.72224278,4148.64204547,4402.73953246,4224.3886024,3704.28333502,3355.4213724,2839.32323898,2127.84986835,3617.92269077,6912.36143375
TCGA-V1-A9ZI-01A,20862.4886664,18235.517602,15508.7511822,11770.3971159,20077.3258237,13031.6222098,12254.4734316,5787.28481384,1619.42880001,180.131528533
TCGA-G9-6356-11A,9921.31301591,8299.80161489,10215.0645412,8877.59027989,5953.48673722,8029.30661258,6391.8658882,7903.44001049,4964.95393636,9540.61938652
TCGA-EJ-7793-11A,4438.68683843,3991.59500543,3916.43367576,4628.81962318,3372.48651711,3162.07974133,2350.22408407,2696.66646738,3702.37455122,6252.47136288
TCGA-G9-7521-01A,6085.61066578,5275.63444841,6348.76621722,5218.800703800001,3551.36224324,5349.53491872,4710.02156942,3704.66596256,4492.19940372,220.935630494
TCGA-KK-A6E2-01A,8071.58661281,4685.40693177,6145.07288956,7042.0601816,2795.74227805,4620.41085466,4822.28456928,3649.57232248,3159.42326722,77.5012750967
TCGA-KK-A8I5-01A,6102.64055642,9860.19979165,8013.42677684,4228.01602598,4958.19637061,5227.931471800001,5295.89519804,2279.10990429,4159.32563509,1356.68385605
TCGA-KC-A4BR-01A,9254.16335076,8463.14307305,8193.54265898,7147.16444194,6028.01487975,6633.72466548,5592.94663119,6694.7002132,3884.16347671,6019.69161845
TCGA-ZG-A9LY-01A,11912.305376200002,9008.16394012,9592.68466026,10178.2273163,4922.58964567,6541.40451156,6110.18067563,7020.00242759,4183.26374808,1319.5937635
TCGA-EJ-5507-01A,4206.13092966,3787.30256195,3213.56138707,5399.45622526,1665.92409217,3024.01152069,1769.81337192,2824.0895221,2806.22664734,1864.02580002
TCGA-J4-A83I-01A,4611.74754708,3947.88030262,4617.40710263,3906.32535914,2761.28441235,3571.01612388,3172.00931933,1817.68944549,5210.1222437,1696.78769896
TCGA-EJ-5498-01A,3979.79205592,3233.85878987,3588.86357002,3737.90289599,2715.73958756,3111.42801356,2858.65487706,2630.94897214,2297.09934813,6627.3577827
TCGA-YL-A8SR-01B,5894.77540636,5317.77428356,5986.70385504,4156.68087293,5263.73015615,4604.48327758,4791.50276152,2086.55346155,7766.08505153,3678.32250152
TCGA-HC-7078-01A,14233.0522348,15686.7268041,21864.3445542,11889.656311,11705.8188691,13628.4983196,11397.3721368,6545.88218684,6418.45045173,2883.50549375
TCGA-YL-A8SK-01B,9066.68951948,7363.40054154,8255.90384322,8487.01240647,5673.78422391,5970.71334865,6052.93704986,3909.30488012,1713.58733541,2906.8435403000008
TCGA-EJ-5497-01A,3864.02913446,3975.0245815,4128.95453739,4841.93330185,3351.86766074,3410.94485721,2721.79606088,2198.86837295,4860.04456564,6458.9092706
TCGA-XJ-A9DI-01A,6652.99890102,5542.18815384,6120.99283528,6079.19175482,4844.01593712,4754.18434427,4711.88196983,3188.60824184,2194.74604018,1195.66090647
TCGA-G9-6496-01A,18115.1971107,28082.3161867,26778.3151271,17647.386337,14724.412613799996,19017.094994,16892.8873909,13156.1384907,5066.33593567,2103.08174304
TCGA-KK-A7B1-01A,8952.54671863,9169.54966306,10433.9811107,4500.90934553,5960.23530208,6248.90158389,5248.4982122,3044.46431673,4632.93710622,4224.10225964
TCGA-J4-A83K-01A,6880.52953416,6284.14444225,6066.75215226,4356.3921508,3090.3176886,4381.29084303,4266.05624633,2118.33982044,4655.87374408,5960.44044556
TCGA-YL-A9WY-01A,8378.18870713,7744.5832213,6598.29645778,5040.920642800002,4550.37693582,5312.09703247,4853.04232848,3377.49404327,2413.74883212,740.38562585
TCGA-HC-7750-01A,14297.9857409,13920.153053,15066.9338303,7443.3590758,9255.12617396,11219.070443,8693.50726231,8139.74642563,4825.41334754,327.743640414
TCGA-KK-A7AP-01A,6444.9447867,9081.90012002,5658.93394724,587.420720082,7061.47171401,4678.53829222,5605.40393305,1209.41556635,4481.70171436,20.2240219008
TCGA-G9-6377-01A,8299.13545469,9656.83471736,8772.43986693,7873.30244477,5094.29976804,6609.53785338,6361.82250295,3082.91942015,5986.03486082,1351.1623529
TCGA-EJ-7218-01B,7139.18042775,7183.86885846,5997.33787483,6089.69915295,5139.35391899,5019.69750027,3589.13354855,3745.43566509,6403.02610449,2365.93613539
TCGA-V1-A9ZG-01A,7924.92901507,11601.8183842,5944.70735761,7569.3742509,3661.39038478,4676.53601269,4449.59512605,7629.20198381,2744.94397539,343.144403556
TCGA-EJ-7123-01A,6375.43210204,6652.32995683,6614.63280163,6237.57898504,4844.67732889,4880.60816117,4616.98490587,1994.10819609,5290.05945674,1235.41976238
TCGA-G9-6362-01A,15047.325355,14680.1390558,12679.979347700002,12514.1944161,18886.7467512,12689.3048929,12155.5828436,16344.645759,5829.61713612,5079.1131479
TCGA-HC-8216-01A,7572.26854584,6298.78594332,5721.9958044,5639.64268234,7683.80306802,4274.00632325,4409.22045353,4040.65235596,6198.73254647,7401.13488649
TCGA-KK-A7AW-01A,7604.23380175,8701.88303349,2764.03677468,1495.69325001,5803.19748551,3985.95845396,2201.0644139,2139.07472541,11122.8138425,676.233987284
TCGA-HC-7742-01A,5962.40908427,6218.01748824,6827.25070046,8346.23440508,4587.06235604,5707.69110103,4979.13944787,4065.21540051,6221.70901897,982.2073638
TCGA-XJ-A9DQ-01A,13454.863204799998,12084.0789401,13799.9508586,7764.53797405,10225.0508369,10232.4259607,8983.0037075,9024.52010477,4682.5833283,6493.94493602
TCGA-EJ-7125-11A,4430.249579300002,3778.26050265,2937.47886053,4092.19258413,3392.71897509,2450.03225136,2410.71960236,3103.92023757,4969.98759226,31025.187538
TCGA-VP-A87K-01A,5171.85767706,4639.78689932,4123.942895800001,5088.1778181,3390.04898176,3445.80047158,3326.11779226,2067.00355789,4062.87518754,402.641204618
TCGA-HC-A6AQ-01A,6721.16710666,7441.78266472,2189.3723519,3173.92031337,4553.62999221,2073.40960541,1747.76241116,3365.74504441,7833.69602345,13956.2756826
TCGA-KK-A7AV-01A,6162.96389761,6379.19940452,5719.53338184,3234.83016869,4650.92963698,4635.30298913,5084.08510391,2467.59555795,4821.33884212,3335.11325481
TCGA-G9-6385-01A,10686.890089700002,9160.59218831,11057.2327241,10186.6677819,4652.81139627,9009.19385877,6672.24339368,5340.61622387,5558.04562526,4674.70970887
TCGA-EJ-5511-01A,2965.31334917,3310.33233017,3033.28132305,3845.28837921,1465.54251017,2777.27595636,2136.25400069,1346.31140238,5882.62102858,2497.54972532
TCGA-HC-7820-01A,4193.80873388,5562.51262962,5899.15772782,6211.65927352,3647.11865471,4202.48566113,3289.14357231,3514.00671894,5769.12407496,8687.42582017
TCGA-2A-A8VO-01A,16255.5111814,19925.6784348,16110.3201766,8662.43824496,13621.0023028,11540.032664,10018.5462031,8744.95467137,6133.53337705,2381.3501562
TCGA-HC-8256-01A,6048.5526719,7626.85273853,6315.69922997,7375.60002938,3279.3903431,4217.75645238,2529.79830842,3697.6750928,6527.81789659,3434.08908122
TCGA-EJ-5508-01A,4689.29512738,3910.5104436,4065.39026371,5441.3155892,3982.51296416,3494.8639770000004,3735.99419533,2189.83544556,3468.24339574,4919.70917619
TCGA-ZG-A9LB-01A,25826.0033851,20295.7606849,13671.6705537,14978.506332799998,13240.8110088,12449.7855819,9887.09485632,11193.7715744,2518.30790655,2007.78439406
TCGA-HC-8262-11A,7291.14315814,5378.21756484,5915.81504464,8101.0741074,4745.92532775,4952.84927549,4158.41930267,6226.77252378,1627.52226733,3275.6930729
TCGA-CH-5790-01A,7540.10741868,6548.05206527,6660.3688357,8077.66853205,4943.52237316,5166.34814829,4714.99571492,3593.64882857,2390.87189794,522.8779207380001
TCGA-V1-A9O5-01A,4840.19800344,5641.0197688,4976.30028806,5514.25299968,2834.93085955,3131.22135408,2564.86242444,2273.02758012,2175.21735852,101.73638047799999
TCGA-G9-6351-01A,7503.63090033,5350.85911865,6715.77945269,8365.12232055,4380.46079217,4375.57756681,4553.28445524,3958.00357534,8305.17213617,18874.389636
TCGA-G9-6498-01A,28704.3965934,32298.0559341,38108.3017753,26546.3906844,27417.0238333,24252.6691683,23343.930539,27753.1610734,1055.71543098,403.601248895
TCGA-CH-5769-11A,10774.988959,6921.13216962,6688.81731007,7728.60141367,3079.92280403,4613.53374007,4155.65511364,4200.91316263,1945.77189866,1935.66518442
TCGA-G9-7519-01A,13462.7787693,15739.6800423,14605.35652,15886.8975476,10469.1024771,11502.4518423,10332.2424349,8369.67918565,8571.74438985,1868.19226677
TCGA-CH-5761-01A,7825.66852039,8021.29428048,7801.48904424,8917.19075179,4209.348458,5121.46270293,3895.66859191,2588.78580762,845.1264662169998,3132.5199965
TCGA-HC-7075-01A,8830.63452203,11768.6968729,11426.0171615,6605.35824025,8170.813290700001,8122.75751847,6200.81665619,3699.94002051,8201.96520378,356.271903012
TCGA-J4-A6M7-01A,6218.271000899998,4119.34681142,4395.79071015,3674.19915379,2374.35346053,2912.62891655,3001.34764281,3092.45841634,4693.41417598,131.641965854
TCGA-EJ-7317-01A,12109.9123659,13296.3938439,14915.5756961,14374.2887477,14389.2526225,11208.4870764,9396.94765861,5569.32897586,6528.26667099,4949.83000057
TCGA-KK-A7AU-01A,3805.66994687,4282.2195984,3815.3167167,1472.64495731,3091.1944729,2834.9134797,3069.55942775,2134.13042765,6778.37100161,929.899685446
TCGA-QU-A6IO-01A,10381.1321501,12222.6565955,3678.68858712,5878.61364534,6143.89583549,3132.83023682,3176.11333602,3397.95136696,9397.03651456,1049.14111276
TCGA-HC-7212-01A,3330.71559816,3068.53272093,2924.23423779,2974.19344751,1446.51306426,2231.38533446,1892.34952728,1579.69128512,4049.22956408,1489.9022386
TCGA-VP-A876-01A,8453.24829096,5395.43780834,4419.61241521,6363.9351481,3240.89658732,3883.70534349,3477.40029957,4480.26420295,4346.89080456,518.453130418
TCGA-G9-6347-01A,6697.85821155,8593.84177052,2169.97687506,3586.11905603,4187.81841988,2071.67579783,1663.24340311,4201.13636591,3076.91855473,2062.01348975
TCGA-G9-6496-11A,12381.1679103,10685.8400483,13907.799516100002,11492.2317496,6484.63900942,10446.2551709,8895.78585997,6708.74992151,3256.10607879,5898.71174143
TCGA-XA-A8JR-01A,12181.1978684,14327.1098753,10676.8994511,3180.98573628,13968.7637333,8543.39864396,7927.95067543,9898.42525978,5925.86892278,3213.98118687
TCGA-CH-5767-01A,12091.2970862,10721.9117207,10762.2703232,11089.6806579,5947.99870661,9574.54294782,8923.65525957,6406.62866035,6152.1020288,1393.45360346
TCGA-CH-5763-01A,5186.22161182,4577.45592117,5500.1365197,5934.86761348,3523.44927245,4257.97526774,4089.22773463,2937.41829159,3790.9627662,3451.82079202
TCGA-EJ-7792-01A,6176.71287854,5782.50829842,6063.68344606,6973.21832794,5656.22134349,4396.38240834,4118.07532041,3491.19870631,3084.22171063,1783.42621826
TCGA-EJ-7782-01A,3005.87043336,3543.568196500001,3777.96893659,3786.85501428,2002.44679286,2980.56177016,2906.83777006,1469.83790787,2666.91175086,3031.43490507
TCGA-J4-A67K-01A,7240.1882015,7446.37152829,1844.31979971,4373.68572055,4939.58291576,1906.44152688,1680.51744671,4075.63874174,2868.09716716,790.531744093
TCGA-EJ-A65D-01A,9627.64024347,10663.4387681,2467.22865299,3817.67981257,5234.23305655,2309.65190698,2062.80076082,2236.07047074,5105.31457383,153.18454105200001
TCGA-M7-A723-01A,18158.1825738,15653.5215192,18618.3804434,13684.0181908,14052.3731669,12177.4542078,14481.2483222,7918.2581154,4012.25076915,30026.486577
TCGA-ZG-A9LM-01A,37658.9015431,28452.8944495,19044.2679178,26141.7225082,23498.877412,18744.7944651,19589.8085812,18733.4395681,2906.04231125,1183.5843985
TCGA-HC-A6AP-01A,2924.29318791,3366.39543137,1048.75019058,1802.25138773,2006.51434633,1099.97261434,883.022243696,1243.13176113,5033.22605259,1805.51274254
TCGA-HI-7169-01A,45478.67232219999,39414.9894188,52145.5896699,33667.7401259,34878.5195535,33321.1718959,36406.909065900014,33811.5525249,1463.16143344,5572.51935104
TCGA-HC-7231-01A,6374.36520329,6265.95912376,6045.1897695,3872.04864063,4175.09648104,4678.70237637,4264.53465775,3190.30458709,2690.92292844,337.145939521
TCGA-G9-6364-01A,8856.4934747,7462.362709,7124.4837971,2447.85243735,4918.2757091,5016.30689118,5421.87859053,9711.80255917,4478.20115472,2224.24472778
TCGA-G9-6373-01A,14203.5278367,11888.4802639,9907.718644,13303.5795129,12585.0314113,9680.86429537,8820.78870619,11836.8199625,2250.33262634,1024.58566376
TCGA-HC-8259-01A,6120.78136114,6781.20411828,6043.48970699,7323.02735245,3605.33747957,3691.99470308,3243.21894996,1969.21981691,8709.53689743,1342.73833719
TCGA-HC-A6HX-01A,9093.99978731,8406.68221936,2999.9193071,4952.846304,6353.44189152,2569.1482911,2328.4745895,4793.57797539,4062.42892925,7562.54775796
TCGA-M7-A724-01A,9408.41922318,12039.9951154,9685.67021922,3909.25942041,6450.91289471,6201.83745704,5405.85800368,5894.89807433,8086.07713087,172.85219007400002
TCGA-J4-AATZ-01A,5470.66181175,5941.14705017,5093.4294046,6154.29737727,4184.68363923,3941.7218498,4405.85036825,2645.86594196,3510.73215532,5807.34482232
TCGA-EJ-7327-01A,4043.96308092,4501.16563347,4946.20728334,4692.35141523,2440.99938476,3051.86299825,3558.58513292,1868.08727273,2470.38241368,1316.21944033
TCGA-EJ-7328-01A,10614.0429854,9198.39076475,10290.4354956,7796.78681364,7497.47819144,7361.77153081,7290.08247701,4875.34380809,1604.4152087999996,6300.51101789
TCGA-EJ-5515-01A,5468.92306914,5110.59532757,5497.79262826,5482.95301305,6035.7326977,4339.38851536,3935.11434871,3024.64106363,5668.21107233,18593.2200965
TCGA-KK-A6DY-01A,7605.24737155,5582.9370437,5393.23026943,9004.41320669,2718.04171116,3459.74422113,3632.76553178,3683.01495526,3439.99307099,1744.18075942
TCGA-KC-A7FE-01A,9252.16863622,8495.25983614,7394.04548111,6304.51026702,5128.28903001,3945.87920364,5084.88429986,4502.31148591,3507.80478064,1601.16694363
TCGA-CH-5794-01A,5979.47308732,7111.91665096,7406.93211015,5424.23967022,8369.38633727,5180.37531549,3832.64170838,1847.05973243,4491.62616886,763.743149225
TCGA-HC-7737-01A,8294.83851847,8239.09578325,10389.0380808,11846.4879643,4418.23719608,5759.49108181,7029.60397688,4615.85341013,3699.19662563,349.075785211
TCGA-G9-6367-01A,7885.00695867,7032.99234572,8333.57977823,7533.01082106,6239.52675559,6655.16924706,4694.13411148,6771.90023729,7046.05859326,8112.58253316
TCGA-HC-A9TH-01A,6173.77370651,6084.23562293,5301.6763373,2957.95352671,3146.5269412,3451.39751075,2809.44941971,2525.67145457,2548.30361561,549.670386963
TCGA-HC-7209-01A,4778.68143518,5025.83720317,4513.27380956,4856.77778157,3055.44843909,3609.69481261,2916.25878358,2594.21076342,3751.9989273,7246.13449596
TCGA-ZG-A8QY-01A,15431.0334737,19412.8786569,14561.7386806,16914.1192197,6091.56386137,10462.1311207,9183.47389745,7398.56050429,1517.38949747,868.992286909
TCGA-V1-A9OQ-01A,11468.1342543,10854.0932593,9860.95350276,12716.6570403,10321.2376199,8280.20841349,7629.78214444,4909.86190269,7527.40563665,1758.19714206
TCGA-EJ-7321-01A,7661.45210494,8528.866237,8827.51303889,9494.06739177,2551.4568075,3842.20753384,3399.98058826,6488.78052932,2175.61577159,755.0986711160001
TCGA-FC-7708-01A,3052.04310812,3927.86569132,3930.49783573,2615.49372528,2179.26536303,2921.86071633,2507.26010733,2214.12679682,3737.2030732,4270.89346896
TCGA-EJ-A8FO-01A,5000.42517858,5368.45502764,4752.63794542,5982.52941544,4067.46199881,4271.24871124,4092.97518672,2259.52913014,5814.0350383,14409.5789557
TCGA-XK-AAJT-01A,23880.486287,29926.1607316,20313.4384078,12137.3109276,8743.07601844,15133.0804122,12757.2499167,8579.65231687,2991.1827416,4346.68736728
TCGA-YL-A8SI-01A,8246.3676698,10414.7451457,8461.45588695,8652.76887016,7083.06218497,6089.75698579,3399.76504456,4443.18660473,5447.83339842,2395.59157885
TCGA-YL-A8HM-01A,8171.91762255,10706.6945894,5273.64289363,6909.71387194,5439.37360453,6415.91643829,5238.54223619,1913.8583423,4651.51951866,136.133348452
TCGA-EJ-A46G-01A,7123.71483078,10057.076408399998,15136.4482752,9517.6956932,10852.5706224,9876.25640629,9252.2958029,3545.38670407,2245.11150227,101.11253444200001
TCGA-EJ-7315-11A,2447.36549251,1711.79138106,2016.67608724,2732.87598768,1499.48654062,1498.9678013,1402.96778732,1491.27679744,1497.22291356,1612.59780447
TCGA-KC-A4BN-01A,6430.99620016,6094.11637423,6671.52909108,6233.81509709,3459.50647404,4535.7929548,4843.05884509,2057.242935200001,6839.41148411,3502.21847196
TCGA-H9-A6BX-01A,8881.00107548,6655.62337213,7601.86241821,7062.79557199,5906.37067952,4885.825538699999,5102.56291923,4269.22042185,2222.1780564,6160.44626105
TCGA-V1-A8ML-01A,10552.099587,9744.80674848,9992.27282958,7429.42233889,6905.63069401,5986.67775818,6888.03053707,3946.25731221,6527.47705763,3419.93641145
TCGA-YL-A8SQ-01B,11435.8243643,9194.79804014,10447.5855308,10143.889933700002,8354.25422768,6984.13875649,7649.32307043,5260.39730659,5515.28818695,1557.71757209
TCGA-J4-AATV-01A,9149.9704941,8900.86808177,7119.11707509,8436.57714396,5303.12750716,6393.93161332,5087.77856971,4039.67898857,2353.36513939,8773.51979112
TCGA-YL-A8SA-01A,6476.279284800001,6064.65377644,5922.20561249,6104.49309881,3610.03789748,4423.09166315,3726.49741522,2615.92115391,7155.48272303,437.741850998
TCGA-EJ-5496-01A,7189.97526746,6203.33819473,4973.08323872,4919.8353284999985,2351.7188411,5529.92449203,2961.33268151,2320.30372691,4237.08994449,2265.68034691
TCGA-ZG-A9L9-01A,15730.4916031,17932.112370099996,10526.8375312,9597.42367725,15293.5910696,9778.66151579,7308.82169049,8489.93243098,804.597015514,31.0080207377
TCGA-EJ-7314-11A,3682.92459998,3564.47816214,3600.40825975,4380.16937736,2218.5109338,2933.67464262,2391.78265987,2432.22897306,3493.6948172,3001.3370421
TCGA-HC-7230-01A,6456.86241319,6742.46652776,4995.85780791,5378.80862143,3774.75416506,3950.10955169,3606.45634549,2721.31603183,3077.14861274,1910.73095333
TCGA-HC-A9TE-01A,21013.5668637,18370.6160846,19360.0370412,22135.8712435,15642.0120397,17552.756316,18106.874573,9929.05836302,181.395295715,953.898438694
TCGA-HC-8265-01B,6284.05199825,5126.590271600001,5396.72043944,9616.83757492,2007.31412689,7323.04832889,3461.68839969,116988.431447,1446.73920516,160.630831739
TCGA-ZG-A9MC-01A,8147.63001202,8073.31876474,6626.22582272,7322.41558616,8456.74762956,6214.0913092,5064.977935800001,3019.18810017,563.877422363,118.107407955
TCGA-EJ-8474-01A,9434.04116376,12769.2500784,8174.92351652,10528.3081641,8330.56452966,7313.17157951,4957.20300016,5131.21975502,5729.96554072,355.489624017
TCGA-EJ-7325-01B,9175.94192301,14247.134721399998,5105.55096533,4087.88161292,9832.60387423,6035.63665059,2585.60894044,5280.29339184,7119.55237295,1752.8442309
TCGA-KK-A7AZ-01A,12775.8907395,13867.9168444,10312.5070388,2195.06159658,6749.37046933,6994.94383994,8847.99082468,3644.27259536,4392.81591511,1662.0511935999998
TCGA-XK-AAIW-01A,4189.58616689,3659.78523436,2931.19299669,1016.60762369,1857.88115904,2413.91195251,2146.72090231,2533.77541264,1021.05042614,37.890670949400004
TCGA-EJ-7314-01A,7841.6724523,8713.57756612,6968.02851195,8187.83692877,5730.36150752,5520.73574604,4861.53579195,3692.3422047,3169.32223785,1818.85584643
TCGA-2A-AAYU-01A,5625.35084077,4989.3042133,3594.64498015,5173.92350103,2587.83098419,3052.28170754,2360.32623014,2282.27607114,5936.98392131,1455.81888426
TCGA-V1-A9Z8-01A,11896.3705447,11553.6996003,9739.7499927,5655.23491946,10141.6123956,7927.87156675,7335.855393699999,6080.71097787,2940.49226233,4570.32938205
TCGA-CH-5788-01A,4951.91491769,7605.59534816,7313.88619149,6237.62632566,3860.90177412,5764.06582734,3583.07489975,1229.82603852,1543.10905766,254.362882834
TCGA-VP-A879-01A,6953.00738907,5757.50241169,5442.24739325,6178.32659168,3452.23374769,4953.51633133,4091.72795901,3950.16705777,5030.71693282,4359.68279284
TCGA-CH-5746-01A,8215.44397602,8632.48976152,8380.95211362,9413.13234383,6765.21920465,7073.82200376,6031.9680057,4964.42275667,3613.70705212,5200.0019496
TCGA-HC-A6AS-01A,3384.49547657,3917.95860907,1213.11398229,1595.68596586,2286.94646302,1239.04597698,655.4383650990001,1309.44902147,4470.0940438,13226.1279489
TCGA-ZG-A9ND-01A,5298.52905408,7814.79869113,7260.11806745,4545.79573948,8856.33798133,5960.07935849,5128.60959824,1195.20672987,6233.32331919,1394.523685
TCGA-CH-5771-01A,7983.63156836,7801.64984673,8422.50215822,8107.71251447,4288.88122919,5994.01902704,5356.7982709,3720.99537052,4230.76190069,3306.41627642
TCGA-QU-A6IP-01A,9727.42199102,10089.759147600002,8718.2694093,10295.686798899998,6040.60016631,5742.925690300001,5504.940062,4685.01061248,5679.94436102,3164.61199008
TCGA-HC-7740-11A,8940.59784538,8090.08209576,8118.01147971,12698.8840982,4760.54924615,6178.39983409,5526.30114064,7023.42195538,7.94568323647,4.08133422564
TCGA-YL-A8HL-01A,4614.26825513,5136.34833873,4761.14236029,5335.01067888,2695.9555352,3968.66325015,4024.62127291,3146.0235535,5071.20702047,3937.99127118
TCGA-G9-6365-11A,14490.0245053,12640.8168408,16230.8306775,12458.5682802,7388.30052704,11884.533209,8484.7118361,8629.376019,2026.43486494,11044.4265446
TCGA-HC-8264-01B,9503.90583655,15038.527765,11132.810253799998,5115.50794537,5802.81327009,9678.80838547,4452.89427075,4824.28878885,3451.50676202,10622.8375099
TCGA-YL-A8SL-01B,6114.27359144,5535.92836255,5428.9956525,5453.27348767,2158.07229314,3538.09713052,2582.07327061,2173.51839071,2016.95054883,29.27300778
TCGA-EJ-7792-11A,2104.5918342,1533.77128427,1811.19158356,2377.43372931,1879.4384684,1410.73457553,1291.46258769,1922.62749747,2486.975218,5880.90485495
TCGA-KK-A7B3-01A,9820.87212182,8476.34832538,7829.45464868,3958.38397636,7376.30171441,6681.7459633,5739.42927383,4021.62159898,5256.30293794,2441.62488798
TCGA-KK-A59Y-01A,8044.02411713,6435.69579432,6581.9598755000015,8123.27541633,3216.43729797,4787.35910812,4518.40962793,5206.73165028,5299.67601102,2449.2801757
TCGA-HC-7738-11A,8238.94421109,6262.75960596,7592.03789361,8571.41118901,3894.88617795,4766.95821384,4864.59738673,6378.5874307,5.34963087013,0.329410155719
TCGA-EJ-7793-01A,7083.45850591,8482.85208274,7702.32071697,9282.97059674,7126.49876767,5965.45008523,4909.448168600001,4448.496413399998,5892.95636336,6733.68346652
TCGA-CH-5768-01A,7900.81628259,7596.5667564,7334.8456374,7380.93510299,5711.54265375,5183.47970337,4172.69229642,3467.66642961,3005.17756352,2193.42726194
TCGA-EJ-A8FN-01A,11932.1214579,12126.760058700002,8524.31148356,10362.651225799998,8947.84372247,6865.50552184,6584.7518245,4890.94817548,4171.19742444,2776.14369352
TCGA-G9-A9S4-01A,8376.05036882,9333.32248369,10494.3150203,5109.01302303,6533.63430147,6443.35400053,5207.86452982,2410.88144144,1706.32732112,2392.96183111
TCGA-HC-7210-01A,3042.61815976,2575.4216642,3200.25333267,3720.80210692,1374.50076274,2502.81508875,2285.58070209,1647.15988303,5768.46334295,262.678103416
TCGA-VN-A88L-01A,12426.2408166,9696.592324,9078.54255368,2599.91790469,9276.72558271,8941.846797,5918.65449961,4040.17292796,5130.94182445,4047.65531873
TCGA-KK-A6E3-01A,5201.34810147,4196.93101815,1807.73875032,2002.62277087,3016.80884381,1540.3917819,1320.45454756,2447.84740169,13154.782775299998,2137.93496641
TCGA-CH-5737-01A,5142.21872997,5264.03852233,4591.74190936,5674.97912582,3811.227801,4014.561828,2892.26550087,3442.45189712,10081.3925993,868.744712725
TCGA-VP-A87E-01A,6315.13230962,6938.18739268,5692.79609452,5601.89096459,3673.99122208,3436.16430751,4441.57331719,3646.37070234,3429.03258236,425.578827571
TCGA-G9-6353-01A,8846.33732909,8229.17449282,7702.23666245,6967.72976147,7104.40648187,6550.29590426,5077.73609846,4217.55572965,6283.23319928,17069.5012141
TCGA-XJ-A83H-01A,10457.7322639,11917.9359389,9778.89040198,10486.6484239,7432.81993194,7501.6524575,7798.63461035,4900.41379553,6157.22571732,4660.96009718
TCGA-QU-A6IN-01A,6227.612013,6365.61295271,1373.97002251,3794.71092249,3148.53124122,1406.4475670999998,1054.29584507,3718.71764577,2401.53969958,76.0683030153
TCGA-CH-5766-01A,4794.73719073,3822.398290300001,3788.73083128,4871.49959928,2724.13820753,3181.08683116,2782.09844816,2924.14034619,2958.76344642,3044.586119400001
TCGA-EJ-AB27-01A,5718.30666508,6517.37920244,5384.58311901,5847.32028555,4311.90738037,3790.27923754,4129.6371408,2188.52057876,6672.84730868,4418.85432771
TCGA-CH-5768-11A,9246.85692508,6548.32000477,7330.75674526,7883.19407192,6567.12215662,5796.74419528,5229.9744588,6164.58141667,2454.65590809,7458.41073209
TCGA-XJ-A9DK-01A,9572.66539909,6605.95427753,8093.98264222,6734.75445977,5018.75584028,5837.95883502,5184.18177088,4711.32690906,2556.71575884,5075.45045464
TCGA-XQ-A8TB-01A,16503.4704729,13078.6597424,11074.5678882,10942.0303561,4736.19737079,5204.70786554,4848.32867905,4486.56086879,1948.31237054,261.084960975
TCGA-EJ-5512-01A,6292.97141232,6411.98694202,6733.48448427,6347.74475232,7341.64807795,4447.70778188,4173.32843022,3289.30314566,3837.09290231,7800.20485544
TCGA-XK-AAJA-01A,9226.78276479,8725.56177251,10395.5578355,5430.07543118,7106.45093996,8525.20944935,6587.40682764,9062.53768908,8316.01421549,1865.31333865
TCGA-HC-7745-01A,16380.8139432,18180.329415400003,13047.7726401,12749.2965997,18475.230861900003,12104.131167,12144.1667726,9312.15598555,2619.45286832,7992.62964341
TCGA-HC-A6AN-01A,7628.69727548,9341.22345177,2759.72456437,3296.57152602,5415.10252483,2880.79709368,1912.01984353,2287.75333218,7710.47544726,2629.01515746
TCGA-YJ-A8SW-01A,6057.80562748,5435.87834824,6257.72804338,5773.60459457,4997.9287093,4813.56770246,5874.28219575,2158.57524805,4443.83561471,183.479089355
TCGA-KK-A6E7-01A,7792.86830273,10342.5327431,3998.1326029,6248.780174,2051.76523823,3254.4676735,2492.83300473,7792.61358285,5406.59363264,1869.14274133
TCGA-M7-A722-01A,10460.2050005,12942.6849534,4861.44410004,4832.92184508,8978.97252677,6409.63641631,2583.12079709,4020.24279005,4217.11094339,538.5549956369999
TCGA-VN-A88O-01A,10134.7062122,10183.6061973,9799.02830318,2789.61916123,9771.91460705,8091.48379859,7923.29912313,2979.46711872,6551.26071453,2130.65639156
TCGA-MG-AAMC-01A,20277.4768983,21820.7681725,19532.1915472,8039.97528825,15948.630479,17029.7519592,16708.584638999993,13032.111215100002,6568.45458128,7081.84887053
TCGA-EJ-7115-01A,9078.42450879,10470.844007,11299.8646574,9145.96611255,9079.42286947,8362.81092923,7594.05207444,5479.95249411,3421.08084524,3292.76897302
TCGA-EJ-5518-01A,2727.91033029,3383.90964563,3514.567107900001,2069.49793031,3077.04915857,2347.30640228,1975.03847497,1093.19121066,2527.22665713,1556.48924736
TCGA-HC-8213-01A,7212.54125611,9287.77049877,7080.5811528,7162.93915653,8679.43697517,4487.83265744,3978.46359937,4885.032437200001,5963.72629139,393.293481166
TCGA-V1-A8MG-01A,11058.971041600002,10070.6336671,9801.35749878,8417.95327034,6554.40022022,6371.91077865,7505.8036294,4681.37520248,3894.92040286,245.009584607
TCGA-EJ-A7NG-01A,7561.82921799,6441.75849044,6868.96814648,6158.08560182,5971.70444826,5351.65692745,5135.87515622,3248.77901239,3395.1802613000004,9291.94380809
TCGA-EJ-8468-01A,3657.11061334,4755.06428163,4628.85853016,4749.02653824,2757.81702338,4106.71547011,2299.21367536,1570.41736967,4852.56054607,831.825978237
TCGA-HC-7745-11A,10707.6491839,9181.30169757,8876.77705662,11751.9966668,5397.07519046,6340.23788457,6365.06954818,6146.79367048,3.4108739486900004,2.36743243221
TCGA_ID_NA,5003.41998004,5896.58631138,5084.9408646,6124.28688519,4416.00132221,3635.40304132,3621.53237571,2173.42789205,2359.41220403,1452.29867297
TCGA-HC-7080-01A,6591.77067328,7535.37658817,7802.40763615,3170.14578091,6040.26365546,6569.1236625,5746.82309831,2050.16647857,2914.98163793,405.596627135
TCGA-YL-A8HJ-01A,13180.3259334,12423.382950799998,12940.0312686,13825.2894697,9838.02832595,9749.66645986,8688.92754329,7904.53661669,2276.61417708,3173.82762304
TCGA-J9-A8CK-01A,14582.3687179,14641.7718433,11992.0773265,9867.90295229,8430.56472871,10427.405263200002,7844.33238088,7034.23947315,3101.42637885,1540.69891954
TCGA-EJ-7330-01A,5019.06954642,5081.51868506,5366.45879233,5569.21371728,2381.65706174,3948.57384945,3221.03943781,2055.31490312,3070.11608459,3190.35284649
TCGA-G9-6362-11A,17321.7982713,14086.1591444,17748.227611099996,13127.4386921,11797.6151565,11492.8127765,12676.9182063,15322.9741266,3014.8356229,1676.008479
TCGA-V1-A8WW-01A,7850.21130752,8366.28851817,5205.31433754,4359.31127125,4207.41304347,5137.04619039,3851.67103939,2192.53932016,1642.81000144,7108.20253131
TCGA-EJ-7115-11A,4868.55031025,3923.27872279,4476.55191044,4400.49462824,4019.5410271,3402.64441385,3079.75991659,2991.22062153,4355.59611853,17240.483077700002
TCGA-EJ-5494-01A,5478.79915863,5685.15619014,6743.49101333,5336.69426338,4896.97928363,5234.41704489,4812.92683385,3004.97987331,627.712283592,610.824391966
TCGA-KC-A4BV-01A,5777.98875323,5431.13900968,7220.87721745,5048.45658697,2826.84707792,4335.09073468,4294.66353463,3687.83298362,3715.29043988,36.6521618456
TCGA-HC-7818-01A,6598.45177737,8461.54213956,7792.44811696,4898.26083527,4945.99721918,5441.11113238,4516.98910008,4311.39348361,4267.66912965,3999.1499297
TCGA-EJ-7784-01A,5555.84527422,7005.46559725,4515.70939786,5690.44544544,3186.75920699,3954.72687915,3217.02736515,2035.48452351,2781.09661304,1146.93454985
TCGA-KK-A8IB-01A,22289.3966909,23869.6055532,19324.1084757,11892.3476041,12635.029877,14844.6459958,14751.2179273,8751.03818854,2484.92046009,3108.86661101
TCGA-EJ-7797-11A,3004.26597331,2105.10787785,1704.18773177,2144.83448723,1956.01600971,1636.83566253,1127.94442628,2097.5620698,5187.78015063,6011.86177859
TCGA-J4-A83J-11A,8252.40302698,7169.37807756,7258.49702644,8594.56914556,4622.46763309,5482.84361632,4994.60042554,5712.01703719,3561.37659841,9619.39738814
TCGA-EJ-7785-11A,2265.965682,1700.88533078,1894.40135639,2019.03079867,1777.50764324,1491.56750957,1435.78518863,1739.75956683,3176.80081349,7090.50786651
TCGA-J4-A67L-01A,6125.31189142,6680.3938235,1657.54395857,2614.35411626,3209.47153595,1778.55734562,1227.4014708,3025.49951327,6994.11250551,5905.53472168
TCGA-XK-AAJ3-01A,9041.89358834,7046.98122588,5955.4390151,4388.00786646,4450.80219114,5514.19760141,4629.50820845,2791.95941938,4533.35826332,442.311040928
TCGA-VP-A878-01A,6614.33911586,7190.14878728,5258.15864185,5843.2057352,6861.90998474,5374.53937977,5337.67063322,2079.59022909,3172.124444400001,3009.2287255999995
TCGA-CH-5751-01A,8125.05247488,10138.5695802,10839.8471121,9387.37215884,10283.3696914,7590.82335243,7586.07872585,4395.75443354,919.765644505,30.1467862469
TCGA-V1-A9OY-01A,6904.232234800002,7041.7839282,6230.01227262,3061.27157869,4217.29154487,4431.36978027,3784.66479616,3134.50904005,3713.60680529,2097.16348297
TCGA-QU-A6IM-01A,15620.7690183,21991.2281779,4101.74015428,8995.05437403,8842.32856973,3518.77340023,4044.98522611,4901.97091303,5299.8822547,15503.0880794
TCGA-EJ-7125-01A,6278.54351808,5842.2815686,7029.02863108,9146.72769214,3971.56526112,5503.50195789,3970.24400116,3767.68186916,4350.26942131,517.846428082
TCGA-KK-A8IC-01A,7067.79049995,6533.86665505,5931.08453887,8822.40083231,3551.70046514,3992.1566257,4112.3289629,3551.54312316,2090.11535757,3782.60044534
TCGA-KK-A59V-01A,12807.1966756,13483.2507663,8262.83980868,11896.6221082,9887.75351807,7723.82382064,7338.65225953,10839.2773652,1572.66849668,211.165591957
TCGA-KC-A7FA-01A,18636.1037261,14016.4021195,15236.6903833,15838.5545665,11113.152548,10203.0852866,9112.30954786,10509.9468554,3780.0184455,5168.64731539
TCGA-EJ-A65F-01A,6852.45166127,5534.516937300001,6064.53688766,4840.73523008,3294.44994793,3902.60920236,3863.79801489,2376.38760319,5118.93333633,775.413904797
TCGA-XJ-A9DX-01A,15554.0822283,16068.6582938,20969.0908627,12705.0233629,14486.6522282,14634.7362045,16554.3012718,16059.3951978,4657.93486476,2916.5385646
TCGA-HC-7752-01A,60001.202038400006,56434.86527710001,53314.1837419,55709.8354401,41738.5388585,41650.497475,43759.403447300014,51978.2212912,2828.34355914,2261.8093809
TCGA-EJ-5510-01A,6376.93907297,5891.03030739,5705.733442700001,6312.19614572,3895.40453935,3797.91657477,3444.30313818,3079.60001975,5567.27126319,1901.342023
TCGA-HC-7211-01A,3277.27163355,3563.16557297,3799.50944564,3925.98649126,3352.21416768,2995.93745536,2699.95218473,2200.4602711,5915.77452401,1656.71037799
TCGA-J4-AAU2-01A,13206.8122083,14879.125047299998,15520.8512614,15184.2853584,10003.7569003,10232.1954452,9962.59281245,5151.97608224,6306.87957093,2367.40366378
TCGA-YL-A9WK-01A,11630.5185611,10292.9911783,11423.8515217,5663.67929872,7805.59052216,7972.49864813,8256.37943168,7300.54747946,4625.98814452,587.031449775
TCGA-HC-7233-01A,3918.71887738,4351.48850349,4162.982332,4399.94212888,3988.9265316,3300.69341055,2871.09273035,2429.29606189,2280.42122481,3600.1039212
TCGA-G9-6351-11A,10958.6094889,8086.55798154,10894.4756841,11104.8338761,5761.81187964,6427.39082196,6358.79175125,6461.78251023,5587.16247845,26494.4933203
TCGA-V1-A9OX-01A,17391.717789099996,26325.6417921,17926.4141413,9348.99887915,13415.8942324,13768.621354100002,12790.2746751,7578.25030852,5674.56591985,5038.82995544
TCGA-YL-A9WJ-01A,8365.17025547,8692.049793600001,7193.87417812,8053.96788843,4484.398392100001,5187.72289488,5090.01610192,2853.02359872,5211.677512100001,923.142703315
TCGA-EJ-A7NH-01A,10902.8226923,10274.0803305,12820.5138285,9349.91764459,8769.20805834,8922.38074925,8732.44963507,4081.79114461,4937.03316203,4193.24450387
TCGA-EJ-5519-01A,3919.58505119,4342.42498094,4266.90850307,3270.04576702,1905.32513427,3194.35335994,2449.98747177,1108.7236285,5389.06623154,596.488285732
TCGA-EJ-5524-01A,4066.6573406,5148.9307332,5044.41392146,4576.682262300002,3192.0537524,3330.05308378,3821.40782176,1813.28581367,2628.61733692,547.5499162000001
TCGA-VP-A872-01A,7613.61160348,7894.45963349,5831.57984452,6398.09880972,3640.93442578,4297.19735752,3845.85212175,2397.624341800001,319.108367004,12143.8860077
TCGA-G9-6329-01A,15778.498373299995,11586.3842557,15246.3197415,11079.2359871,7693.40517225,11878.7134459,9467.61123542,7954.00555869,3087.41261884,3793.03238866
TCGA-EJ-A46D-01A,7582.378151999998,7594.23912932,6226.87492645,7509.66336818,4401.43897074,4788.89866102,4139.09858462,5106.98931844,4144.23147956,10006.3432765
TCGA-EJ-A65G-01A,14505.9227955,13963.765067299995,11565.0084521,13889.965270899998,8401.65075988,8691.02967641,7634.01419918,7094.6868352,7209.1037028,1139.2564
TCGA-HC-A6AL-01A,5908.15839314,6037.64863886,1879.49384626,2536.01165611,2645.19389121,2252.99668659,1155.91486097,2566.7910077,6514.9629088,2096.09811121
TCGA-G9-6333-11A,14564.3203838,11459.6861258,12770.2789014,7847.47309462,10557.2659463,9961.20739459,9035.94658016,9304.37575849,1169.99985963,2948.7430716
TCGA-V1-A9Z7-01A,6301.68335678,8336.64306119,5706.90424212,4762.41480686,5031.03612073,3900.41300182,3559.02506007,2424.97637449,1645.9404723,100.028890776
TCGA-HC-A6AO-01A,3334.71825113,2809.50365185,1265.7561965,1585.03798432,2490.7440393,948.6115400960001,996.2568996010001,1193.70646356,7101.65588339,425.701346825
