ENSG,ENSG00000198804.2,ENSG00000198938.2,ENSG00000198886.2,ENSG00000198712.1,ENSG00000210082.2,ENSG00000198727.2,ENSG00000198899.2,ENSG00000198763.3,ENSG00000198888.2,ENSG00000212907.2
TCGA-BR-A4J8-01A,35903.9102685,37518.1175642,22573.7991828,33451.8493229,27203.1479835,23485.6711636,18967.7328956,15811.099630399998,11232.3581946,11310.4245266
TCGA-D7-6519-01A,13252.3992728,15541.852280200002,6300.89040299,9363.33358319,10921.0262301,5767.66046977,7067.82768567,3489.63371167,6089.61507784,3365.25049182
TCGA-HU-8608-01A,5537.01374166,2532.99425586,3378.03450918,2379.09419128,3193.28295727,1191.34100629,1547.83633962,1459.73388712,1889.11280184,1313.37126598
TCGA-CG-4304-01A,29147.1059052,16181.1057239,29887.778481,30631.0092417,10488.7329746,17656.911547099997,11902.7705995,14292.9561394,16321.267039200002,12197.40636
TCGA-BR-8682-01A,15274.1511533,14072.6049394,15394.3193132,10580.474538200002,9387.82617085,11215.2389706,8716.12204053,14755.3360239,12194.2645973,5917.75419772
TCGA-CG-5730-11A,27222.9514934,25986.556404,15817.466856,24751.4452724,22011.841471400006,11048.9708949,13962.4945496,7525.78065173,8993.69639481,7796.91201126
TCGA-CG-4306-01A,12321.0880761,6155.19792649,13369.8666291,9709.29177449,6182.4209357,6309.89121205,6772.72944566,5917.67305717,8292.88431697,8649.68031111
TCGA-BR-7704-11A,11170.0589202,6934.45891557,5664.39094338,5008.72132528,5855.10231869,5489.66321594,3468.23816133,3178.77819,3692.39542963,2311.52614365
TCGA-MX-A663-01A,18489.6954395,11625.997404000002,11267.7996014,9322.33302384,9245.73501031,9592.92166018,6487.72407724,8472.50927234,6940.23236432,2407.86339881
TCGA-BR-7851-11A,30841.1224025,21382.1315932,18541.7774351,22174.811349,15509.333305200002,13057.8045019,9956.67636644,10126.8326482,9526.36596106,9292.42173162
TCGA-VQ-A8PB-01A,16376.9772199,17926.592570200002,14146.1565588,15776.6679016,9027.38193499,9654.30104284,8085.53153649,4543.09691942,4591.55791673,8109.86283269
TCGA-VQ-A8PU-01A,10637.6034691,10176.600341299998,11357.0867244,10313.510236700002,6822.26647653,9437.41630155,6898.54998367,5159.53632767,4442.75015441,3443.18963517
TCGA-IN-AB1X-11A,18796.9595305,10299.628564899998,9677.94368914,6193.60722765,6478.26627049,7792.029182699999,4788.16765396,4479.1274957,4924.75442283,3046.8189538
TCGA-F1-6874-01A,9440.07339375,3701.74525415,4417.66431736,8703.53576778,7371.51021726,3249.1223901,3140.76545215,1738.68061529,690.2566472369998,2382.81122124
TCGA-VQ-A91Z-01A,8678.44275995,9707.71865005,9282.03943695,7227.88248434,8280.16706112,8869.02755815,7542.22080906,8151.87484659,3212.31483146,3805.9480037
TCGA-VQ-A94P-01A,15407.0627404,12827.8097652,16440.8974778,9294.03500962,8891.46353862,11582.6758557,6762.56449263,5565.65505307,5560.60016693,5353.46773604
TCGA-CG-4465-01A,13473.8278099,6622.02616082,16186.5067796,12063.1935005,2694.78289403,5746.73368258,4896.88702531,6015.33617882,5006.56957202,10533.4171787
TCGA-IN-A6RL-01A,17510.078351900003,14630.420255399997,12601.403599299998,20985.097918,11213.783185,6900.50389924,5052.93860702,4974.61057075,4183.35149931,3481.70254486
TCGA-IN-A6RN-01A,24866.9419604,25554.4212388,24057.4286571,29717.8303358,30350.2757471,12042.3061862,15231.684860299998,11147.5735717,8208.12032495,10856.2100546
TCGA-CG-5734-11A,35935.734184699984,32275.2882666,18379.667998,31218.6604124,28171.8917223,15158.530297,16899.588091600002,8879.53440663,12159.4115176,6285.03154118
TCGA-HF-7131-01A,7364.35883759,5468.43315489,4536.54174377,5387.08981763,4916.32262532,2754.36811037,3239.32079254,1790.01222781,1598.95125611,2204.75719819
TCGA-BR-7704-01A,9534.71309942,12153.2764624,8833.53024274,10266.701842,8765.82738082,6128.77072245,5834.38842753,6744.83240498,8979.1007529,2997.10402242
TCGA-CG-5720-11A,18052.6987009,14351.5745652,9161.88368669,13531.2299812,10566.8204717,6735.26363119,9038.30217141,4570.91341065,6632.2663366000015,4314.46944385
TCGA-BR-8060-11A,35690.1893067,21216.771918,25597.0262095,18804.6574351,19075.6069605,18719.4632306,12018.8306797,12186.0093372,12652.0267844,6547.27160175
TCGA-VQ-A8DT-01A,14444.2439964,20488.7977212,25508.7074001,20771.5332694,7106.42895954,18832.4710569,12541.3722326,9708.71412371,6491.88170682,7852.78674419
TCGA-FP-7998-01A,10484.197943100002,4622.47323797,4109.47685617,3354.48742041,4512.62171777,3078.62245673,2315.82762218,2239.67722424,2898.58301313,1631.08020006
TCGA-VQ-A8P3-01A,27194.3906868,21869.2461821,29513.104114200003,24361.8499043,21071.5628746,16935.7783821,20078.117366,14066.7772999,12805.5219917,8097.927315899998
TCGA-BR-7851-01A,8951.79521537,6436.19525565,8474.22271328,6446.60226976,2469.94165828,4298.78186826,3704.53474449,6399.6286489,3877.92039666,2504.44940295
TCGA-RD-A8N9-01A,29237.8602347,20291.064432,17136.0650313,9067.66310877,15590.440142299998,14767.1057804,8001.32714015,7125.02191188,8933.87195886,5728.26271416
TCGA-BR-7197-01A,37954.347528,38424.0115703,14748.8829793,18740.0179803,27951.6565213,11759.8565641,9399.086252299998,8880.92118586,6244.1897451,4424.54896216
TCGA-R5-A805-01A,33928.9594293,24327.172666,21348.9689863,13307.2149949,30612.0880911,19287.9732146,11613.9746916,13093.0357487,17332.8340859,7501.71788995
TCGA-VQ-A8P5-01A,9307.37117226,12799.1268969,17855.271629400002,12393.0502437,6701.78904922,7766.36451015,9531.74012288,7658.69595757,5972.26499959,6147.65807196
TCGA-IN-A7NU-01A,24076.004355700006,20795.8177303,12793.869026200002,18030.711801,13323.8050151,7716.6182935000015,8851.95970715,6278.60724633,6400.39578894,4060.74373173
TCGA-BR-8680-01A,7737.70308379,6870.95391491,7950.28135437,8387.80590781,4337.09162559,4912.90824911,5707.95190528,5034.50161862,2972.9494579,1930.69566638
TCGA-D7-A4YU-01A,10045.6817976,6821.4784411,5436.65332364,4571.10430782,4399.33337837,3587.0227674,3485.72336537,3878.29068658,3617.89236085,2509.45762291
TCGA-BR-4294-01A,14883.9221308,9158.769723799998,16312.1253561,16685.3623751,11808.9330189,11156.5219999,5982.33304545,10700.7601503,12426.591372399998,8431.64748396
TCGA-BR-4368-01A,12420.3500445,7434.25842648,13559.369612399998,12735.3807149,5623.05489693,5704.11364313,7441.458353,7784.43264184,4816.43347962,10138.9203007
TCGA-3M-AB47-01A,37113.5992534,32830.1596676,22372.5942784,23764.9319071,26277.3432533,25720.6217294,10954.7346215,8496.5143891,7069.57206998,5917.36724015
TCGA-CD-8526-01A,14258.7395165,9079.51467159,5723.53294793,5595.71491176,8867.18100825,5485.23397619,4170.68724979,3356.12736221,4025.37418156,2093.4988587000007
TCGA-BR-8372-01A,6988.31009291,4908.23868758,4167.17608414,3490.60043166,1840.05528604,2901.8741836,2100.7960955,2558.37007218,2125.43245094,1398.52912572
TCGA-CD-8524-01A,10217.4199747,8311.18199688,8919.66698562,8549.25882102,6101.88669381,5187.19713228,5763.55100294,6307.67189658,6177.87195213,3530.62861386
TCGA-D7-A747-01A,24536.4565315,22644.512503,23271.9815624,20582.6567606,13697.910349000002,16052.7747132,11640.0063098,13228.5920818,9778.43224609,7324.08559105
TCGA-D7-A6EY-01A,18584.9204021,8537.39571233,10277.549634,9613.91805617,9123.05400701,7512.64175583,5314.96372829,4601.41657153,2986.93799765,2522.564978000001
TCGA-IN-8663-11A,13534.8856877,7431.54581252,6075.21281352,5104.240776899999,6221.29735971,4484.91001581,4267.73830453,2945.81730781,4142.0350323,1510.01950071
TCGA-BR-4187-01A,17971.367407700003,13943.7866179,18703.2029464,17324.0956307,9994.35875473,11955.7044812,9818.91388525,6936.43702599,7943.53006153,7004.44934716
TCGA-BR-8384-01A,12795.2947293,7368.955606899999,9581.89968088,6214.94858775,6061.29279288,6960.04191898,4686.11920405,6334.1342017,6129.78415298,2713.48477457
TCGA-VQ-A91S-01A,12652.48294,9906.72432405,10917.6751792,8987.47558191,7963.223283600001,7075.95232504,4030.42693312,5280.90532683,5140.57405003,3418.7054922
TCGA-VQ-AA68-01A,16125.4688985,4923.3793248,10140.2371518,16372.9456037,7486.88377577,5001.95686719,2811.07176254,3478.46916571,3193.05006874,3012.63253608
TCGA-BR-7959-01A,21869.917695400003,12148.7524614,11008.872772600002,9601.96941311,10931.7981125,7825.77444898,6397.24628757,5483.21249318,5579.08265636,4021.64008588
TCGA-CG-5720-01A,19349.0274856,14517.6610086,10546.4758671,12892.2999644,11955.1802843,7500.02163548,6025.28231353,5002.05312753,6759.14985464,3426.78553304
TCGA-CG-4460-01A,21022.5591911,9643.27357173,19084.2756305,17531.839789200007,15419.560007700002,8914.35882866,9138.14630923,6862.29508731,7303.8871404,12257.7960815
TCGA-VQ-AA6D-01A,8988.21138996,4886.43866858,11668.0688389,6062.10555711,3933.46898014,4629.5028588999985,6586.93236239,8253.26731267,6513.545686,3205.40585713
TCGA-BR-8297-01A,17069.4567559,14249.4863738,12352.838295,14891.0800623,11364.660696100002,8186.53363327,4047.28341917,7189.63278085,4770.93546957,4115.51301495
TCGA-BR-A4J7-01A,19287.4156223,20570.7926875,18070.5582791,22950.2329511,14072.0567726,12263.3990011,13163.1624514,10032.033398,7788.59391296,6320.22621813
TCGA-VQ-A8PH-01A,24591.0297752,17544.6545827,18830.942607900004,14307.4036365,15307.0261697,10800.869991,9861.64309619,7306.99227152,7671.37210709,4343.2672872
TCGA-D7-8572-01A,11043.874574299998,5244.32363292,6129.18547607,4882.10668073,3676.0764735,4730.353961399999,3520.97188267,3247.90798891,3119.60279964,2827.40490027
TCGA-R5-A7ZI-01A,32084.806829,50591.2329576,20745.1417427,38834.7582169,27072.9508259,11834.2927301,12026.1736457,9815.91491174,8330.40205027,4901.40510958
TCGA-D7-8574-01A,20763.6631388,15995.452883700002,17522.9330568,17248.725411900006,12108.392086299997,15652.1582814,10473.9126874,7879.49411497,7029.64837932,5911.33456425
TCGA-CD-8535-01A,10261.6053982,7411.66851383,9462.6778374,12276.4990243,5941.06494521,6512.69197009,3554.1885809,4069.26137142,2806.08924824,4359.10145788
TCGA-FP-8210-01A,14728.4634285,11453.6759668,9744.93048853,8066.79421031,9288.03404271,7154.36540786,5281.1094398999985,5043.34557798,6719.09618975,3250.6362849
TCGA-HU-A4G2-01A,17387.4940037,17942.5626135,18111.6777785,16516.5673138,11280.8290412,9793.8406887,6853.77981576,8914.00126136,11075.3836044,7991.03295639
TCGA-VQ-AA6K-01A,18151.7172677,11484.975067,13253.9371959,11460.2725726,6276.83190054,9588.15159014,9356.09935551,7041.17416462,6504.55396136,5180.52627276
TCGA-CD-8529-01A,10696.8769112,4861.05393152,5780.94428975,5269.44196932,3972.48543721,3444.43334228,3282.74163359,2763.061859,2935.72740016,2628.40626662
TCGA-RD-A7BS-01A,12840.2984076,19428.7963078,16169.8169584,16415.412379100002,12562.7843034,8911.00715178,8650.55042466,6811.05387901,5317.78949982,6873.93904529
TCGA-B7-A5TN-01A,13097.5331989,10348.6687447,10959.8971791,10128.9761771,5958.74346786,7515.60786786,5554.01118266,7152.27529385,4767.24396839,2508.40081767
TCGA-BR-6454-01A,12498.335843,12817.0517747,6280.32366628,9000.47912715,6090.35602897,3828.02011764,5340.88105471,2568.29212676,2630.35774634,2912.55882118
TCGA-D7-6528-01A,9535.8391819,8200.15412229,5743.10470305,8589.77969842,6358.74455321,4602.17589986,4411.04778812,3700.41420244,1868.94151057,3016.41181037
TCGA-HU-A4GH-11A,25681.4940572,17641.245931,19240.055597,10526.6647,12561.7442346,14451.4496216,7108.230417700001,11018.179924200002,10544.1963603,4726.83468272
TCGA-BR-6455-01A,7351.65526629,3651.34562989,4254.79957738,3784.74846223,5466.13903289,2163.88977297,3304.22035573,1938.27099996,2474.890663,2380.0676677
TCGA-CD-5813-01A,14394.327210799998,13366.1580636,6898.49469494,8305.65128953,8309.79720068,6076.81679972,5184.90941238,3838.01652479,5777.17529714,3208.37892929
TCGA-FP-8099-01A,18481.0185288,12146.3511804,8119.67658197,7956.69228268,10093.8375141,6451.84690391,4224.85580876,6179.4402259,4348.49552023,3107.20419729
TCGA-HU-A4GX-01A,31109.7370069,27894.523938200004,18559.7654925,21047.6781567,18258.8969088,15564.4316762,10147.0152942,12042.4667201,13988.462036,5976.77033117
TCGA-VQ-A8PJ-01A,14520.754343,9327.13601697,9522.12023827,9623.29011676,6889.57874083,7695.28594349,5461.18321324,5103.84186107,3481.44506268,2827.24045574
TCGA-CD-8525-01A,24737.7986098,23054.8867684,15750.3864345,18046.7336714,16126.012970299998,12266.450991,8921.03522565,9411.72820222,10402.771217,6778.75175526
TCGA-IN-8462-01A,28325.3294394,26365.5825248,15294.601676700002,19685.197204900003,11143.2900112,14215.3304696,10134.0225014,12518.8557381,14387.3168681,6108.06737512
TCGA-CG-4442-01A,18962.7813483,11902.431663,22899.466529,16302.8904342,4776.34027616,12517.1976786,9283.07035769,11407.5434572,11234.7835959,12203.1214603
TCGA-HU-A4GY-11A,24947.5501822,16065.4426656,18627.2313566,9649.5247185,12196.0848306,14747.8339085,6921.55026039,10401.1681245,10438.0809401,5236.56016484
TCGA-BR-A4IV-01A,16262.3446323,12293.3194589,11669.1764987,10413.3772007,11941.153343,8382.89554835,7578.68768136,5236.07491193,6208.53300363,4511.14840247
TCGA-CG-4444-01A,17141.1644471,8996.36882011,15810.6773046,12137.3378316,14704.5902868,9450.83016482,7461.54875665,7907.05317412,10745.3047364,9678.92060286
TCGA-D7-6522-01A,13564.7760709,11399.3100357,7388.28559555,9630.85436449,6424.23096775,6061.18255155,6375.41661617,4726.02395374,5199.38708084,3647.09501419
TCGA-D7-5578-01A,8039.05810098,9158.5378735,4255.9130014,7868.33735277,8398.13084377,4806.94978103,3326.84080369,3527.10649824,2318.04789503,2467.52035285
TCGA-CG-4441-01A,14108.1408976,13629.2879479,10477.8094014,10828.3075985,10386.5826838,5333.00804259,6323.48261426,5656.77188905,5395.684794100001,5712.63487851
TCGA-BR-6852-01A,13672.8174666,4619.37569851,7127.33821116,7446.80500081,2510.1631277,4207.33827755,4639.90825223,3497.55789361,2191.15326755,4743.36493284
TCGA-HU-8238-01A,38883.5480199,46580.72437059999,25909.5109339,25078.3392428,13188.834492,19016.9832824,12953.6740532,13960.0039431,17043.6789778,12652.318954
TCGA-BR-A4CS-01A,32544.8860328,33172.4065958,28601.3609207,30853.2894325,33494.6040733,13565.6538809,19864.832932,16829.788105,17920.3438929,15593.6178373
TCGA-HU-8610-01A,12759.4519499,10491.1863162,11047.0273332,8402.25757549,11738.7403216,5862.20304346,4477.01538382,13686.6599556,10970.4094972,3541.58173882
TCGA-VQ-A923-01A,21423.6401043,11258.9445706,12600.2758129,6647.19924026,10459.667386,12615.9071198,6233.00662587,6087.28983516,7368.66729596,4519.24296805
TCGA-HU-8238-11A,21914.7802654,10847.4847255,8889.87977819,16554.042857700002,13526.1057285,6456.33431226,5973.33126356,4712.27765023,6055.8196126,3124.82681824
TCGA-CD-8527-01A,14807.2628344,16774.7355967,15081.7342004,14836.7153803,7502.87805813,10949.6421855,12079.463080500003,10197.3005742,11493.4554589,8860.59459404
TCGA-HU-A4GP-01A,23548.6439186,23466.7140686,18787.9832814,18801.3802825,11594.927105600002,10563.6700139,8435.31082316,10092.2510493,11200.741909,7348.98636813
TCGA-CD-A4MH-01A,45071.5967091,31551.4826255,19528.9316266,25234.1722528,22561.2147156,18714.9366191,16316.3222526,11364.6364539,15363.5401163,8422.84808708
TCGA-CD-8533-01A,7559.60042103,6398.70143887,5099.13556035,4947.91156756,6926.55448859,2602.04654054,2947.02862213,2235.09187632,2905.11499287,2241.93715708
TCGA-BR-4201-01A,8791.75715651,8455.6662878,20101.1747126,15553.7791778,4020.70170587,10098.3684105,8848.51682054,7962.96390177,6775.37537796,5810.32846716
TCGA-BR-7716-11A,6063.13708289,3247.34298374,3770.66175821,2831.44340839,3456.55222004,2518.30848617,2147.65235963,1929.12728405,1887.64725137,1565.16004191
TCGA-CD-5798-01A,10041.2613875,9570.00071365,8972.26069168,8523.279834199999,9561.60237146,5246.77193071,6669.78598589,5201.13287664,5125.46775622,3341.23533048
TCGA-BR-7958-01A,11218.6015596,7371.38868699,6344.4185465,7424.00857514,5386.35550471,4172.51489079,3878.26054799,3401.92932652,4762.70071602,2530.17561445
TCGA-R5-A7ZR-01A,24104.0629226,18853.278525,13100.2010983,17746.604239700002,14128.1676271,10972.1581418,6813.68219886,7985.28789652,6872.70322507,4754.33235945
TCGA-BR-4267-01A,9393.07100381,5164.62247438,13138.1567887,11108.7421955,3073.89491018,9106.79937459,4421.04094767,8563.52949611,5953.43354506,6391.09068257
TCGA-HU-A4H6-01A,37322.1392875,32718.5099256,21372.9879787,26092.4527253,35904.972009199984,12515.766557100002,15346.8305554,10081.2884955,12521.713075799997,12495.4025424
TCGA-BR-7703-11A,9162.77468042,5772.44148211,5564.13595938,5243.13358629,3692.13875816,3575.03864537,3416.13637666,3051.4571335,2614.36222538,2258.52254119
TCGA-VQ-A94R-01A,14288.931565399998,12613.8452744,16903.0433872,12755.0053585,3650.31111828,8412.50762938,5424.24011997,8563.13305745,4895.86314669,6297.10517542
TCGA-D7-8578-01A,26722.9031325,14705.6524704,11363.8329876,11366.2223092,13787.370092,10080.3424407,7739.98751103,5287.90594745,6175.79202257,3814.53406853
TCGA-CG-4469-01A,19112.5831265,10781.0689937,19102.658039200003,21715.4297342,9676.67337986,11597.5637411,9146.25863765,8514.08571601,11305.5205301,9989.87119006
TCGA-BR-8679-01A,10212.9852046,7880.81195661,6536.52034675,6332.50273668,5279.85590791,4421.63232852,3215.16936292,4619.91071304,4172.26949638,1730.23209651
TCGA-FP-8211-01A,31101.7858378,21644.1038896,22574.3621601,23402.0879238,18488.3735176,12396.6195635,9934.14144302,12345.459983600002,12633.2452461,8983.5916847
TCGA-FP-7829-01A,10421.3519923,7864.35112653,8602.44175023,6621.79677431,2144.2757762,4130.94160839,6495.4279987,5803.5433456,1957.01166945,3842.86917073
TCGA-HU-A4H3-01A,22376.9176588,17543.402361200002,13908.103633,16261.5340322,16199.545755,7816.76669962,7510.689712899999,5672.69514677,6720.89198409,5549.72000049
TCGA-BR-7722-01A,26584.3618834,18836.010321,23720.8551706,20692.7622188,11389.0335705,17606.693097400002,16700.754565,12803.3275405,16063.208774899998,7696.77413753
TCGA-BR-8589-01A,9525.42143812,10435.2063951,7280.86848666,7742.55121799,3138.40596572,4563.33135544,4903.21852279,3970.39847721,4845.27250433,2469.97646256
TCGA-IN-A6RS-01A,14128.0943925,23180.0823256,17963.2464467,18983.786324,2877.73006886,10987.9034911,9188.43274362,8266.79212977,5223.62139534,4480.68043523
TCGA-CD-8528-01A,5295.39824393,3195.9579859,4369.32452711,3996.97243632,3046.49447154,1471.53932776,2285.02600718,1761.72631975,1123.80854508,1940.78397673
TCGA-BR-8592-01A,15958.886582700005,11961.1398854,12119.6955826,8682.21184014,8144.87567367,9604.96749965,7093.09166583,7433.20481248,8293.34782861,3355.65357989
TCGA-CG-5721-01A,19078.6100501,19088.2868833,10634.0740727,12254.5391688,9846.37226728,6925.92208182,6801.50452194,4098.29879358,5848.75986239,3605.03831621
TCGA-BR-8295-01A,17115.589998,22149.8350587,21419.4591966,22456.2745227,5901.12735028,16733.7481924,11128.6014059,12870.9609981,11000.4238657,8341.68150923
TCGA-CD-A486-01A,31092.356885900004,11334.552152,21976.057466,26720.7342929,13239.518574,8821.52578444,10473.9339393,9342.90895026,9529.70184919,8501.61184309
TCGA-VQ-A91A-01A,13693.8590857,8913.19599316,9053.31078775,5280.27625539,11576.4320312,7345.80171301,4268.07401689,3433.66863268,2639.15114895,2969.59445428
TCGA-D7-A6F0-01A,8504.86492634,4920.79817253,8459.51252029,6137.43305814,1993.10252923,5367.61941106,4137.31952547,3578.57116915,2502.68521262,2801.49363866
TCGA-BR-8081-01A,11226.2173304,11237.1442406,14264.490816100002,13010.8114104,4165.17414593,6406.79388111,7811.54431581,5668.35904126,2756.54460174,4715.87749106
TCGA-BR-6457-11A,15124.237763799998,10263.6702013,7531.13663736,9350.2636431,10758.1053869,5410.85153799,6508.09963952,4196.98006693,4779.37432286,3867.55799305
TCGA-BR-8366-01A,10624.5389366,6472.39426559,6057.80101111,6121.72514717,4155.72554638,3816.01416946,3261.23990312,4382.92312026,3081.12449326,1833.62440663
TCGA-CG-4436-01A,16033.6679278,14483.4233537,14562.4782112,27108.3813468,17832.0524155,13243.3715641,11827.011829,8939.62919361,6554.73028997,11230.279502
TCGA-VQ-A8PP-01A,10162.256788600003,4196.74943925,7470.65837243,5209.23059351,1656.18722472,4643.14584162,3622.60725036,3144.84913478,2018.71747987,2502.30391538
TCGA-D7-6525-01A,3375.87756109,3383.21615018,3672.16777813,3150.68852839,1830.53160145,1508.188997,2643.16230483,3213.83223168,1267.2145193,1837.02598222
TCGA-VQ-A91X-01A,26981.9569428,19099.4112488,14218.9898461,15332.0136423,24193.121389400007,11626.668564799998,6668.47740488,5302.93397095,5724.72769734,4099.98082163
TCGA-SW-A7EB-01A,21540.8783891,18417.1629765,15495.357412099998,18873.1026227,12956.3695035,10392.1423112,7064.61382063,7440.34893041,7688.24510956,5096.059655100001
TCGA-IN-A7NR-01A,19719.3038142,20970.4907168,22816.8204292,26272.0862858,12363.604304200002,14487.774745700002,12901.4881053,9435.2555206,7644.55538179,8258.98750119
TCGA-VQ-AA6A-01A,12023.3796853,5741.0540493,7636.2596376,5364.29858337,5302.44581822,4282.15371636,3753.4249857,2634.85137743,3827.26242572,3042.70174288
TCGA-D7-6524-01A,16113.8598476,9015.1800431,7201.66036904,7021.71979583,5373.30425173,4346.37198532,5600.45648563,3648.82178055,3594.02197026,3737.29186232
TCGA-HU-A4H8-01A,28721.2953708,15584.0083439,17624.3002341,15534.607867700002,5246.33690834,13168.4143794,10580.6394645,8586.90450608,6829.54410776,8935.42390551
TCGA-BR-7715-11A,14779.9730484,15466.6743278,9999.07595609,14314.6397681,11523.3257893,8385.17321519,9192.26858213,5686.66518987,6713.12671921,4124.35606851
TCGA-BR-7707-01A,7137.33472773,7635.50669944,7549.94442442,7351.73720379,2614.12190152,3939.93178878,5321.2150018,3321.29733373,2041.21057918,2795.3634325
TCGA-HU-8244-01A,35788.4205565,21235.7540104,20528.622980900003,22502.37964,13018.3453994,13579.9757373,9394.77230335,11019.9635179,10552.5039128,7737.69470843
TCGA-CG-5716-01A,17574.1076701,10658.9917484,9340.72442456,9140.32710083,12520.4154091,5666.50105314,7400.95789951,4991.80523236,4908.71960371,4210.85286713
TCGA-D7-A6F2-01A,29505.6647059,16765.862947,15828.8553555,9420.52694132,19421.943903,14976.2840349,6621.72816114,13117.2633765,17386.929183700002,5645.39330793
TCGA-BR-8590-01A,14934.9081342,8731.70040077,10312.439559,7489.90528881,5077.09927835,4789.01912359,5148.5498919,6223.32743958,5334.41974717,3240.53127825
TCGA-HF-7134-01A,6260.95241104,4957.86135309,5371.61836488,7227.18045779,1962.59264699,2789.14702146,2592.57972405,2087.67372086,1683.18670581,2611.32597978
TCGA-MX-A5UJ-01A,25238.2783164,16778.0340033,15528.518633000003,12703.748359,6915.92150628,10769.737824299998,7831.65981731,7367.08904115,7683.66776614,4627.702513
TCGA-HU-A4GF-01A,17107.436432799994,13710.619912,10621.4760874,11464.4605523,9034.45906149,7018.01015325,6182.81929176,6133.64483171,7528.945961399999,4692.79172456
TCGA-HU-A4G3-01A,35517.6345273,31233.8522585,23021.359971,27654.4886946,19010.3241193,20255.813745,16705.4405379,14731.7302153,13471.505531400002,11294.0240761
TCGA-HU-A4H4-01A,21586.1466001,17979.775016599997,11286.9721789,19407.7772231,19466.6395027,9455.55510469,8301.85243857,7369.27110671,5421.22784933,4601.96380851
TCGA-CG-4301-01A,13294.0740636,6897.28789416,14171.2205552,11816.9248808,5952.27444303,6826.00381271,6646.27968154,5638.56483289,7192.98428589,7326.72956868
TCGA-VQ-A94T-01A,7168.36894246,5140.48940224,14113.7802965,7545.42921044,1161.44503433,8529.72522091,6141.68231696,4695.32580162,1389.81071052,3851.63877115
TCGA-VQ-AA69-01A,4215.97873266,4848.606345,4101.74914779,2694.91130416,2756.86278443,1237.9312381,2370.59040426,1272.96179707,1354.09927571,1357.04146172
TCGA-BR-8364-01A,12043.868033399998,9481.7357695,8344.13084933,7418.40272529,7216.27505809,6679.06820643,4345.80992602,4228.09491717,4067.08839757,4100.78946864
TCGA-BR-7715-01A,18582.6314244,19462.2820265,14974.1770023,21030.5672241,17524.1396841,7286.26180687,7838.92663256,8582.45431262,6502.45141455,8497.26606338
TCGA-IN-7808-01A,21756.7977933,14555.477129,18377.5178023,14291.2921872,13450.2109824,10886.070702399997,10950.154915,11701.0353143,11933.7531266,9629.15584611
TCGA-BR-8677-01A,14855.8049718,12780.4172253,9263.56812107,8916.89039457,9628.61079848,7814.71708659,6954.458836,6145.03796513,6997.09416152,2148.1672517
TCGA-BR-8690-01A,37109.8628678,30610.6477581,20273.5618667,28978.4024557,20972.1022752,19279.041042400004,16198.6563627,14217.5965459,14148.6118468,4053.4992308
TCGA-RD-A8N4-01A,27181.0903268,18402.8149515,18544.4843975,10826.6260172,12796.4561197,15522.8523615,7588.9386932,8389.04583973,8065.59703055,4640.41494681
TCGA-BR-4370-01A,17033.571023700002,7238.77885525,14112.515945299998,14175.778333000002,4272.93630744,7004.7105841,6134.36509806,6426.02728774,6321.13586441,6276.8137468
TCGA-FP-7735-11A,13091.2128054,10111.980083700002,10166.0718536,8662.98916966,9779.02654422,9387.15406451,3878.21532759,6551.57706128,5476.36846401,4267.66693359
TCGA-KB-A93J-01A,5914.47277681,8690.23904337,13143.216456,9532.75978304,5627.59876204,5083.33587343,6756.15103361,6649.87432716,6199.69294104,3523.45676554
TCGA-VQ-A8P2-01A,10567.8423135,15330.4897256,18237.8446723,13797.315471899998,8538.97951054,8950.13316335,9479.20946312,8513.28158159,7035.61520614,6927.21761803
TCGA-VQ-A91Y-01A,19609.0304249,10499.129552200002,11006.0258908,8017.72009502,5597.44944794,7764.21757801,6284.31022072,5089.73233658,5707.18536269,4196.88350948
TCGA-VQ-A91K-01A,15558.5300305,12512.180901,8351.92685533,6910.8606934,2306.14568859,4855.20643186,6093.65055164,3811.90371244,3485.77391505,2568.62970899
TCGA-BR-4367-01A,11124.592700799998,9505.34204505,10132.5639396,14978.7893957,11701.4574609,5826.40601859,4255.89812029,6887.70412433,5230.77850506,4719.446783500001
TCGA-IN-A6RJ-01A,25728.3541556,17507.4126908,12818.2705502,14331.8229948,10178.8557232,7299.29507688,6037.49630958,5132.32713829,5959.22018499,3564.83827824
TCGA-RD-A8N1-01A,24205.3268569,12257.8635564,20748.3306277,9634.13329251,8199.3070714,12916.8278312,8007.72661895,10922.5488089,10575.4240609,6136.48360611
TCGA-FP-8209-01A,11294.7612543,7540.65949771,7318.8739303,4598.75490785,5701.26960377,6051.96492597,3614.12532361,4819.35105689,4720.53993013,3042.5975938
TCGA-HU-A4H0-01A,9104.8987688,6737.181640000002,5091.59546539,4141.81616117,3805.59817739,2514.5927732,3083.72200208,2868.90109242,3060.29308883,3129.53589682
TCGA-BR-8686-01A,13041.1567246,10122.832411799998,11633.528327,7586.23730444,9542.471794600002,6776.92667989,5634.42290823,7081.85326174,8546.55451681,3281.61560745
TCGA-VQ-AA6J-01A,13793.5942595,10607.0254155,11117.7206684,10781.2887074,6133.54333381,7142.16643106,7190.65072197,8145.55781547,5939.03802603,3027.73113001
TCGA-HU-A4GN-11A,21747.4034601,14547.0930254,17252.7486875,12978.909847799998,16073.5396644,11203.7039997,8986.33057039,7918.19085729,7967.78495625,7276.72191238
TCGA-HU-A4H5-01A,6179.11627557,5898.93697415,8897.54316908,4430.57537479,6748.67320023,4605.99392557,3058.52483656,4899.28588288,7593.50020782,4855.59080887
TCGA-CG-5717-01A,12387.3879051,6577.37317563,5581.08506194,5232.11704346,4718.63041194,3684.73770605,3375.486395300001,3211.82228426,2904.46353389,2681.17386241
TCGA-BR-8284-01A,10452.1180277,7366.40993245,7506.31492547,7656.47795061,3717.10140584,4357.84212581,4293.35152868,3571.46669695,2126.62657786,2768.52735031
TCGA-CD-8534-01A,32844.9101515,30723.3136182,22722.724717700006,26576.9416473,15173.5288572,15710.0408304,14327.177840399998,12263.719191700002,9482.70484844,13284.938610100002
TCGA-B7-A5TI-01A,14149.417329,11356.434474,15291.093546200002,8692.77275231,5545.28646586,11850.6716707,6658.63220826,5151.853797600002,7500.02227273,4651.62904408
TCGA-D7-6818-01A,20502.9772951,9001.99240849,8800.55820133,11989.5491254,12837.6033286,4810.96683169,7347.54318877,5053.56696384,3938.90089873,4067.3828872
TCGA-VQ-A8PX-01A,17225.8073367,10918.8583169,10552.9945015,7213.97888636,8129.03370031,8047.64723902,5542.15148037,5169.08718544,6443.29446624,2993.85399442
TCGA-BR-A4CR-01A,16359.8037611,7314.23154754,9639.24385622,7404.66816109,5241.50370371,5667.45915598,5349.95463959,3828.78635898,2526.74639937,3240.05162938
TCGA-FP-A8CX-01A,21323.4116738,14321.7165585,13211.5366386,13482.8392963,9733.54606725,6481.70865238,7238.09812689,5974.959061899999,5499.109468,4915.97775536
TCGA-CG-5721-11A,39291.9553005,33039.536560299995,21147.355906,25999.9787638,30180.0246501,14355.299805,18976.8529518,10793.1807191,12586.7384341,8631.34934164
TCGA-VQ-A928-01A,17528.5427344,10456.1906393,11061.8164371,7830.67477065,8275.66713303,6909.72372804,6089.81065921,5306.18755218,4319.10745815,3505.61944131
TCGA-D7-6521-01A,20408.3407165,12549.4974338,12935.2599426,14203.015679700002,7325.64879859,9200.73582208,7527.51268469,6344.98754865,6547.36965589,6454.22154172
TCGA-BR-4280-01A,12824.4983117,9707.48040443,14585.0628028,14741.4828366,7167.42541985,10701.399514899998,8140.40232029,9054.67471619,8969.29270625,6910.139808399998
TCGA-IN-AB1V-11A,14360.0256532,5779.04963377,7518.46773568,3978.63402175,4840.97261185,5279.73035831,3254.67297395,3298.35702266,3532.57233334,2279.68527921
TCGA-D7-A74A-01A,18014.4195331,19497.4658077,8075.31458787,13197.9548334,10602.0097355,7148.2308251,5594.35705915,4844.44921152,7394.27831418,2137.81991624
TCGA-VQ-A8PK-01A,13379.0247293,6802.94402245,8530.71148171,6648.32778329,6629.9376443,3858.98083444,4756.52216011,3816.74401126,3704.11890533,3032.63989508
TCGA-IN-AB1X-01A,11179.6303172,5980.511498,6143.83858441,4700.24994067,4305.31989446,4424.40287984,3280.66617084,3465.15373594,3699.03368284,2360.82322262
TCGA-CG-4440-01A,12191.5608836,11284.575364,13796.8472204,14127.7974262,8056.56200465,6624.413584000001,7643.41174184,5191.54322913,4039.18825825,6292.86418715
TCGA-CD-A48C-01A,17752.3572488,22509.5526095,13769.880150100002,21345.7357074,15988.7009421,11714.155718,10869.173963299998,8134.84600326,6287.6195653,4946.46118546
TCGA-SW-A7EA-01A,16489.547772100002,15555.4690959,11961.8014981,17674.8726109,6799.54079004,5774.08079892,7418.55732103,3775.81077657,6269.73243636,4598.051031100002
TCGA-BR-8382-01A,20023.559256,13419.7991345,19765.0883055,16645.4583481,5128.89912667,10501.357122799998,10241.959813299998,9107.66378715,5574.37191442,7702.593257800001
TCGA-VQ-A8PD-01A,21810.7007303,13580.4760245,14220.590215900002,11351.0708409,4582.43382272,11236.6227033,7001.53567235,5796.22035807,5362.65118962,4024.22222699
TCGA-CG-5733-11A,18915.2370633,18371.3088859,12004.1099821,13778.8108944,17195.378144299993,9293.31442741,8545.43297335,7410.194153300001,6647.61489266,5493.99403679
TCGA-BR-8289-01A,15701.0498479,11504.409628799998,9703.406406,12898.5767409,8326.21778423,5636.06134838,6731.246370999998,5595.79635735,5791.1968106,3180.11860194
TCGA-IN-A7NT-01A,6783.87756083,5575.30454751,6688.70605327,8435.55278167,6439.62113381,3016.81005528,4228.35580508,2639.59171048,4529.01087638,3197.83017996
TCGA-HU-A4GJ-01A,24383.0862973,15212.5083569,15134.7227342,11705.203447700002,9048.72034097,11897.5371058,7436.60949646,6880.6109959,8441.46599805,6777.79264289
TCGA-IN-8663-01A,10878.5730481,4792.67847595,3622.124595400001,3968.95379514,3348.97793574,3222.80368701,3808.05125424,2314.65261197,2259.61445756,1192.40822241
TCGA-BR-8487-01A,27813.5409113,18184.078876400006,17233.1504237,18251.644536900007,9706.01915263,16139.8554845,9085.37652961,10777.7940695,6472.73592969,4714.2504895
TCGA-BR-4253-01A,8512.88920363,4004.29883995,10820.3377463,7848.68532575,3429.06981616,3808.34813576,4927.74656172,6256.94682803,6953.880568100001,3982.22355463
TCGA-HU-A4G8-01A,17468.2196469,10350.2556611,14779.7253839,10354.3565626,7664.15707388,7080.03376065,8281.61663808,8019.4330415,12040.9312381,7235.79236395
TCGA-CG-4305-01A,18283.8455033,9002.20045617,16164.422942200004,17781.4011776,5403.69026311,9555.94122506,7537.63267569,7817.58437164,6983.877228200001,6632.26237898
TCGA-CG-5724-01A,7433.74699845,11300.003316700002,4515.22157962,7454.84050725,9059.32999258,3166.10707761,6787.94532795,3277.22561562,2282.52143649,1882.77515066
TCGA-BR-7716-01A,4513.9073563,3041.6535769,3057.46027727,2740.55251454,3913.66193496,1830.45501825,2124.67028356,1732.29062688,1871.04181467,1309.59852925
TCGA-BR-8296-01A,22990.9209119,16210.0406231,13431.3569584,13212.5849572,19651.476124,11005.1924398,9785.47206886,8687.91583492,5319.26267074,4668.589690600002
TCGA-D7-8575-01A,7525.182466699999,4370.54532309,5114.4505772,3798.54429015,3801.70601819,2515.17427646,2976.06328131,2411.44926102,2454.85790261,2487.24947903
TCGA-D7-A4YX-01A,11240.9650606,6670.96100888,8011.13367189,8438.78395921,9043.2304789,3941.82911575,4734.29563518,2982.76582673,3464.78450835,4184.03733491
TCGA-CG-5718-01A,18458.8061533,13874.2537165,10345.7183388,12482.0997845,18145.4520713,9304.26380817,9957.42238305,7448.4229323,13881.028402000002,4303.07373672
TCGA-BR-8381-01A,14053.2499692,8522.70836302,9178.39096722,6746.02146627,6546.33684775,6031.31834027,5017.89286574,4975.19019584,6436.53039021,3123.77603143
TCGA-CD-5800-01A,13416.892916600002,12167.2988428,8167.67229783,9215.21198801,9325.19763706,6021.15504495,6567.33777362,5607.96691343,6455.80430604,3084.45025306
TCGA-IN-7806-11A,12550.7890698,8029.2883218,6313.07821044,5997.22987199,8986.54455089,4692.67411795,3423.12269001,2878.87922911,3484.2622108000005,2065.8078625
TCGA-BR-6458-01A,7358.88099078,4048.94394539,3623.15749651,4590.97570601,6074.84174952,1846.82648609,3177.3251773,1817.74040593,1566.90080894,2207.9365978
TCGA-B7-5818-01A,13809.6271291,10287.5466226,6982.8314884,13135.3572175,7132.183198299998,3706.6762786,6786.6490079,4214.05295907,3725.52277866,4267.70014243
TCGA-BR-8485-01A,13114.6910569,6638.45472002,8262.83864788,6080.67718673,5571.57561531,5513.15840031,4437.31356607,3959.4048532,2691.65502604,2810.27721806
TCGA-HF-7132-01A,9434.23570981,6588.63798965,5560.75844048,5514.77313176,2663.11858181,3434.36587351,3074.42757338,3766.76225741,3333.24866751,1802.8731923
TCGA-VQ-A8E3-01A,9202.6289187,15464.0766155,13437.9540127,8923.54494269,2353.65731244,9552.85366437,6740.68031824,7254.4027363,3931.12668279,4367.37025984
TCGA-VQ-A8PQ-01A,13039.584038,5888.19798275,9971.95641583,4619.28003353,5338.40460907,7465.25094384,4329.73403895,5737.25218451,5372.43843629,3153.79017405
TCGA-BR-6705-01A,11072.5615715,6822.93142048,6312.85191379,7729.74310752,8638.17041936,5390.59566079,7052.55783731,4954.58960329,3441.43894083,3802.91601481
TCGA-HU-A4GD-01A,41941.8802167,43056.5315054,31461.614903,24620.5831933,21453.2971901,27989.8320751,16601.324025600006,23010.8435589,17374.3085368,10593.7706379
TCGA-CG-4437-01A,10354.419941,10783.4586514,6955.77815828,10933.1958122,5243.73566194,6004.80226287,6940.93458922,4150.59842307,2729.227605400001,3997.69692692
TCGA-BR-6803-01A,20496.2361691,11203.0690007,11479.4984318,10447.7821772,10119.7440162,8770.63918337,7211.114922399999,5838.98446846,6945.62878666,5665.59103967
TCGA-D7-5577-01A,6992.07145494,6149.71155111,4415.38594192,5671.16948746,5902.85018229,2126.76666681,4302.32630042,2591.74056373,2869.41235945,2243.52568774
TCGA-VQ-A91N-01A,11180.8068975,7255.3645296,9229.596952700002,6941.80009789,3844.4536193,5185.2710226,4244.8264055,5281.20538546,4029.74409937,2683.57449227
TCGA-CD-8530-01A,19873.3608319,15235.9296775,12412.9428076,12165.2546796,15034.056846,10733.726598,7821.19214504,8372.94122537,8822.562516299999,5707.20979693
TCGA-CD-8532-01A,13919.643274200002,7966.25941711,8057.80006033,5753.78191696,6503.59981799,6650.52826874,4719.52401375,3759.22059869,3305.04140923,2496.64661459
TCGA-BR-4366-01A,6382.23564207,4289.41702673,11876.602203899998,6628.30385087,4949.44050704,6100.74017929,4419.60171551,5222.30353365,7636.50261064,5486.98133784
TCGA-BR-4369-01A,11517.5130621,6120.93342545,11014.0200623,11004.9782358,6777.2658764,4907.01624599,6684.05167895,5587.97247466,8104.79239449,6899.28108646
TCGA-D7-6815-01A,11192.9830063,6070.12770188,5764.1004624,7841.46263388,5264.23776705,4717.59881294,4360.32952083,3871.03000784,2650.01483161,4463.93909672
TCGA-BR-8367-01A,16877.5515535,7534.56321014,8165.928473700002,5716.69585145,5414.40936569,5354.42847748,4588.01572735,3713.08575981,3617.38581455,3107.88997387
TCGA-BR-8291-01A,19387.6103289,15625.5918222,11055.632398,11271.5421963,11820.6904465,8331.87385072,5640.067254,5581.82662009,6079.69110996,5205.09938781
TCGA-CG-4462-01A,14321.2779669,6625.26465014,12868.236803299998,10238.6705888,6632.17291618,7770.05945826,6530.33933934,5442.10585762,5005.52990985,6968.44096753
TCGA-MX-A5UG-01A,13384.1054441,8004.51892468,8388.26249302,4526.77970203,5106.49700181,6638.90737992,3441.41069915,3672.32925447,4801.08541753,2230.30249291
TCGA-BR-6801-01A,24153.722478400006,27878.7386007,17854.9426996,29399.4536584,29961.9719126,11513.1492046,20298.5049126,13770.711710799998,9533.12889793,9689.56955003
TCGA-CD-A4MG-01A,39815.1916711,27432.1814657,24578.6073529,30852.8865547,8087.13880081,19899.7706269,18345.069918,11955.5263947,15262.968795700002,9840.75912861
TCGA-BR-8060-01A,5385.41768386,3508.50492637,7164.98116189,4477.81269658,1803.890772,5123.12633946,5128.7619052,7752.40255521,2081.40493509,2791.42264415
TCGA-CG-5726-01A,17991.6227432,15983.4318715,9401.79254796,10838.718079200002,4719.73012913,7809.49691188,8005.78466892,7485.89531139,5360.34381523,5212.90861289
TCGA-VQ-A8DU-01A,14935.5634672,25235.7208929,28915.9271732,25897.6082351,11271.6330157,16510.135757,14191.8341825,16742.4218336,9632.83256148,6451.94160937
TCGA-CG-4443-01A,22243.8366941,17919.4383162,26845.4096758,26032.994842900003,12841.737551,13791.499213999998,12791.8410086,19183.5003377,18012.1464577,15384.6147928
TCGA-VQ-AA6F-01A,17239.289037900002,9523.02595726,13182.3874393,8646.31159914,3418.36601526,8926.30468836,4045.96130138,6135.70456123,5624.2361319,4258.15778763
TCGA-D7-A6EV-01A,9791.37177376,6074.09180057,9686.99735541,5211.69635801,2153.02429771,5455.0305022,4060.59077756,5565.99565724,2577.90566038,2721.06490368
TCGA-CD-A487-01A,30576.6173378,20174.58391,20797.0439163,21790.4367825,13483.2204004,15250.712851700002,13420.849797399998,13365.1827172,13932.779217299998,5761.27545697
TCGA-CG-4476-01A,17305.794009999998,8008.38785124,14393.6951366,12358.8065183,9783.06981279,8904.64427039,6389.39929639,7000.95552266,8465.84835904,9880.46819
TCGA-VQ-A94O-01A,9838.00661539,6129.33448052,9276.88184319,5662.513971,4065.85501136,5726.21058543,4392.61281275,3784.86505112,3379.24755591,2726.85292436
TCGA-F1-6875-01A,15170.5469009,17346.008404,15100.6547644,16337.5006824,11180.014547600002,9324.91222413,3991.86508755,5004.862870100002,2925.80277712,5267.52058872
TCGA-D7-6520-01A,13046.8823931,5965.34910203,8338.24312928,7936.20769735,8670.06849786,5714.69215411,6040.30651503,6377.95391486,5449.62101653,5035.7481615000015
TCGA-BR-A4QL-01A,34476.0018185,40805.1274635,27400.3816788,33163.2126787,13162.0935717,23119.1536237,20293.905364,16949.6276245,12444.9503679,9758.17053989
TCGA-D7-8573-01A,16058.6561118,18216.4273945,10843.7286356,9054.10309109,13780.8711129,9923.85116131,7448.50279732,7288.522851999999,8879.53005368,4094.73863206
TCGA-CG-5725-01A,12787.880733700002,13412.6526911,14328.2283229,16033.1008248,5540.85556795,10869.7143588,12501.3457016,17403.0514563,9578.07925575,8903.49771758
TCGA-KB-A93H-01A,31032.170401,26188.8741741,31481.5514657,24532.9521863,22818.393195400004,10673.4078844,15203.906451299998,9585.49840742,13981.5970109,8341.13920557
TCGA-HJ-7597-01A,11236.0044694,9988.25551323,8298.14377063,7483.81983158,7073.11846669,4951.11967751,4550.19745413,3089.50145097,4135.83364425,2780.03315884
TCGA-BR-7957-01A,11739.1570675,7927.23271057,6562.01877324,5108.77986654,7833.39843746,4627.941139199998,3299.16584321,2149.09382034,1784.44602034,2718.94292003
TCGA-BR-8380-01A,14536.4048083,10014.337589,9326.34824288,6238.05280118,5894.75006754,7803.44585146,5263.59674685,5145.78948377,6398.45936169,3913.13273886
TCGA-ZA-A8F6-01A,24907.7949686,16804.315858,17623.365803599998,13891.9606819,10842.5602376,17454.3435391,7080.73721897,11919.2307935,7828.90979125,4697.10708437
TCGA-BR-8361-01A,20323.7528979,15180.7914515,12807.2559402,11265.1803662,10282.935617,9073.64051731,6789.06147688,9075.38690549,7680.16241954,4575.77718658
TCGA-D7-8579-01A,33600.5741087,16123.8307037,13482.363757299998,11875.7933093,7710.37115264,10826.7793311,7884.18659951,5852.74821081,5926.59676546,4168.30686265
TCGA-CD-8531-01A,9777.36053454,7721.90365978,4912.99753814,4680.52086414,3671.57176178,2975.82961289,2865.46977064,2050.99510001,2780.07998952,1880.84549796
TCGA-RD-A7C1-01A,19065.813448900004,27989.952440900004,16873.9585678,27081.4776213,8767.20976644,9879.43200704,12152.9254488,7133.64981845,4787.74057427,6313.43013022
TCGA-BR-8286-01A,10665.1787207,18874.970846400003,12522.6087038,14493.918516,6412.95704517,8932.08614998,5567.70131508,6099.116688699999,3022.02622527,5045.13283706
TCGA-IP-7968-01A,3963.75482887,10177.8003566,10189.658172299998,8486.70880687,3565.95629229,8702.21182692,6019.46251054,7691.45577411,3408.39487783,3329.92267299
TCGA-CG-5722-11A,12585.5551626,6504.39948356,6451.22969235,6860.36808016,10941.6102709,4895.89966566,3863.52217819,3573.61779002,3188.44887207,3597.39891384
TCGA-BR-8588-01A,19858.6988633,18765.0146535,15114.2185244,14618.8816724,11186.1353118,12339.286261799998,10095.4548554,8160.35607183,8834.71142429,4555.34198461
TCGA-BR-6454-11A,24053.6179354,12637.9501769,11564.8425322,12101.4995328,13173.011342299998,8278.45774047,7606.88836968,5367.62411811,5709.12711857,5538.77091827
TCGA-BR-8373-01A,8725.05200347,4189.98116854,3905.40321122,2757.25550131,3697.76443135,2934.81947872,2280.09717062,2160.2373595,2663.65368283,1571.76685165
TCGA-FP-7829-11A,13255.190602200002,6773.83745568,7471.22815473,4901.72352584,7525.72905524,6135.17774915,4054.88831326,3032.22274604,2998.127160400001,2911.1325531
TCGA-BR-4361-01A,9803.04196239,7462.23068955,23221.4147503,15531.2133694,4987.86414648,8117.12225587,8266.65389461,7316.10424416,4227.97642905,8465.13734683
TCGA-BR-A4PF-01A,14558.869588999998,26081.3366432,9416.78916293,8528.92837671,12130.463839,5391.2212722,6347.00483909,4521.97637436,6656.10590805,4270.32990408
TCGA-VQ-A8DV-01A,12679.2213297,16780.8679463,27176.961063700004,17444.9358995,11634.261421100002,13462.8092425,12106.595871,14496.1622046,12519.977831,4668.78929934
TCGA-HU-A4HB-11A,13519.4137106,19619.0208063,20752.1385803,12825.8221911,14847.0072093,14312.2970006,9296.27337956,10831.2506682,10362.4779672,7876.53274685
TCGA-VQ-A927-01A,26728.044288,18288.989058000006,17485.9774907,12260.1128314,7413.19125499,14322.116481,8808.99217021,7509.37764715,9195.28627934,4997.27440153
TCGA-VQ-A8E7-01B,20543.8057087,13171.4942392,12503.1360499,11222.0337869,10240.8715545,10339.0729088,7856.12342627,4419.79030022,4845.21199887,4425.67809373
TCGA-CG-5719-01A,21036.7116437,15376.7191027,12547.4252071,14041.0515456,9976.42108597,9527.50904316,10279.3623746,7791.60330314,6028.44449169,4931.88659984
TCGA-RD-A8N5-01A,27449.4353803,32531.3486538,18522.353848,20998.0608514,21103.8108282,16655.5715934,8797.39153481,9867.45865112,7009.49517623,5919.94178398
TCGA-BR-6566-01A,12330.2819621,17793.432683900002,11302.9377333,18379.1970496,14056.351595700002,5952.97910354,13163.8837649,5432.29184123,3509.76504153,5382.03419864
TCGA-CG-4438-01A,14021.2225434,7728.9403979,9639.92944574,9204.70087283,8622.74226642,5483.59745068,5855.84332948,3924.49334523,4983.89646833,5729.13140831
TCGA-BR-8371-01A,21659.6025423,17412.367471,17633.688051400004,12317.1290739,15036.1883294,13725.1629282,9669.36579777,8594.79008176,9444.05733529,4742.05842844
TCGA-BR-8687-01A,10360.4397746,9656.62720265,8457.79872491,7497.31396463,5283.25854277,5985.42465483,5937.01262377,7114.05913857,6292.65479555,2598.04023074
TCGA-BR-4371-01A,14391.5753991,8958.69685497,17655.3310442,18605.939617400007,6846.16995726,13343.1931385,7160.34700273,9018.84581199,7536.06492117,12214.8066313
TCGA-R5-A7ZE-01B,11648.2945953,14083.3953572,6903.11282934,11598.3286874,13830.0762696,5299.67302306,4666.46427876,4222.37672326,3607.97701551,1467.16932387
TCGA-FP-A4BF-01A,12298.8828871,24160.7048923,20038.4794224,18201.0836144,9832.4226529,9371.96902954,14326.999872,9493.70015532,5146.12722408,5677.54394084
TCGA-BR-6709-01A,7314.80664249,3266.16937551,4320.58781519,4357.89957035,2997.08991039,1570.61028833,3110.22697131,2140.48156254,1777.43651692,2474.27484013
TCGA-IP-7968-11A,19105.1450338,11957.8604965,12189.08847,12702.3445919,8032.47930414,7673.22224471,5748.65906609,5201.48109527,5379.13685353,4057.65635808
TCGA-D7-6822-01A,9495.73587615,5706.35387915,5344.94831059,6751.51796953,7195.45366516,3552.41293032,3984.64057488,3154.6482281,1862.83109675,4491.48567976
TCGA-HU-A4GP-11A,22004.1928306,17253.3414926,18589.7665163,18152.0241148,12913.7909164,13571.445619499998,9362.21268694,9392.20692608,10145.9287648,10005.5953025
TCGA-BR-6453-01A,27484.0722162,27342.7543663,17067.8287653,22648.100690900006,12457.7625186,12008.9693628,18951.9862243,8718.55581408,7647.17007297,4780.30797217
TCGA-HU-A4G9-01A,40329.9989786,20002.0759088,20170.7034278,15061.655945299995,11873.5361604,12083.7165745,9684.05535366,10600.4499748,10085.9957826,7906.42132405
TCGA-BR-A4J4-01A,9418.17437909,7614.65957936,16724.209349200002,18443.7089854,10515.088005299998,5361.54569534,8651.51197603,7170.42610733,5720.21357378,6874.37564887
TCGA-BR-8077-01A,27724.70689,29302.5297222,15881.1578082,19667.2463603,20696.3116377,12941.417303,10467.2849245,13967.4006356,11792.4812036,5168.70498241
TCGA-HF-A5NB-01A,10190.358984,5611.56931332,9440.21979847,7054.13346148,3008.67976491,6239.40944916,5496.85212072,3853.96465494,1441.67676382,2899.69830654
TCGA-CG-5722-01A,9943.62634398,9946.50221129,6989.19648252,9014.51925194,17840.3641833,3791.01252875,6670.88052454,4338.72927288,4773.0090384,3511.26865556
TCGA-BR-8486-01A,23877.6613231,15712.551740399998,13806.3355007,12837.3389511,20216.857632,12550.866778,9214.79785893,7839.98198099,7083.84393063,4256.99520343
TCGA-HU-8249-01A,21358.6449557,20702.449352400006,18181.655276,14287.2008517,6050.41875959,15534.1394407,8343.39018911,14323.9767792,8649.17888616,5796.31963399
TCGA-IN-AB1V-01A,20178.861051,11131.1522823,12585.0747883,8836.4586872,8805.53992072,10094.8969842,7303.25046473,5664.47303225,5461.39797911,4017.45766424
TCGA-BR-6802-11A,16396.4076736,10890.9859439,9394.1981793,12483.91011,18947.2187516,5907.84697143,8350.23378497,4275.46488112,3164.3644744000007,4625.67489016
TCGA-F1-A72C-01A,13780.683324,17672.8590285,13402.6761065,14631.278765600002,7548.1851056,6659.85688744,7077.76598222,5434.02468131,6278.23659405,3170.90042412
TCGA-BR-A44T-01A,28000.1125996,23380.5936263,25013.6273499,29024.4369155,16288.306594299998,19907.0583798,17025.815734,12234.9524128,11897.0228124,7932.17640565
TCGA-BR-8058-01A,12065.507444600002,6969.89338508,6699.36058318,8235.53986738,4610.338556100001,3733.95660477,3557.70985962,3051.69859208,2154.46828646,3039.17127274
TCGA-BR-7196-01A,8475.43752829,5226.97506434,5272.11259701,4602.4013898,3843.35712191,3394.00611854,3159.6159036,2654.95269955,3290.44783299,2951.01352036
TCGA-RD-A8NB-01A,19966.4155967,10375.995171200002,12453.4863561,10155.111183,5225.30600793,6541.23723681,5908.13394669,5059.38871786,4280.95639249,3540.33150394
TCGA-CD-5803-01A,10063.9021873,6724.94005814,5236.18317726,5608.28510197,7025.46440257,3472.62812966,3979.14776465,3218.06580637,3663.00055846,3532.01713105
TCGA-BR-8059-01A,10125.4013427,6946.59308807,7110.34726568,10408.8780356,6458.57278744,5093.23167557,4717.29472173,4099.76345489,2943.40831245,4349.12777602
TCGA-BR-7723-01A,5264.35263375,2786.9777135000004,5582.8955624,4323.43841276,2966.56454851,1528.28941944,2920.7000932,3449.35213113,2889.66131259,2418.79948289
TCGA-D7-8570-01A,22430.8818976,13907.525964899998,10949.0649862,15158.9543024,7166.71375534,9219.24064472,8475.05107116,7348.06773814,6502.19906483,3495.18607675
TCGA-VQ-A924-01A,17054.882171,8875.91935802,10755.0044704,6559.106970399999,6762.87062731,4091.12363188,5305.152967,4545.92153965,4966.35415221,3213.06196899
TCGA-VQ-A8P8-01A,20017.0132031,19828.483003,26762.8694384,15833.2878741,8320.07076555,13814.6814608,6482.18537212,9806.04685056,7840.51359619,6743.74075281
TCGA-VQ-A8E0-01A,11102.0841594,9147.90331169,16222.370988,12624.3302024,4419.178368600001,6345.94895952,7610.31065588,6120.06104909,4743.9787933,4848.61537633
TCGA-HU-A4GC-11A,25203.862308900007,21475.735916,23564.5173524,19665.196408400006,17883.1999437,14817.0135067,12627.210088,11193.7432246,12873.5025029,5910.57465689
TCGA-VQ-A8E2-01A,2988.47774172,4595.58060585,6034.133061,3517.26345522,2817.7290069,2645.14892952,2584.30233864,4429.54215836,3431.3748817,2067.18351118
TCGA-VQ-A91V-01A,19719.5587192,13213.989772,13933.4347419,13519.732088799998,12569.5345752,9452.73515826,6407.63124987,4548.94257052,3239.01169231,4131.02807781
TCGA-3M-AB46-01A,43749.063566,39673.6160796,30179.2036439,26063.3904914,27184.9142511,24016.5728532,16656.9806485,17743.092319599997,20756.6203687,8190.90193452
TCGA-FP-8631-01A,16132.6717199,5874.63111277,13350.785525799998,9236.82929342,5276.33946135,6802.82888654,6881.51812459,6876.91340028,4566.78844257,4202.59359791
TCGA-BR-8365-01A,15414.1481986,10490.3646242,9891.29468479,6027.48615613,7644.81176619,7315.84589289,3944.13552706,5185.620541800001,4198.67084102,3146.38254289
TCGA-VQ-A8PC-01A,15718.9458091,8624.09336009,8858.11185981,7369.11196018,6880.18229122,4767.9104212,4959.69111859,3714.09237272,4860.07795492,2653.34872896
TCGA-BR-6565-01A,11798.036387,7272.47794561,4996.76232872,5875.27665461,7517.06219558,3689.57148435,4023.60709351,2904.4751303000007,2692.93968694,2912.45942019
TCGA-VQ-A922-01A,12764.0523341,8403.30816393,11402.6639986,6887.43659436,5297.01025252,7233.09533698,7601.38899516,7645.97740795,5964.36785281,4119.03713692
TCGA-BR-4257-01A,15232.7283743,7545.16869146,12270.793575,14196.0685178,5642.38679953,5575.74865964,7184.81640487,4595.02919887,4458.02508214,6157.37922342
TCGA-VQ-A8PO-01A,17013.0503245,13120.2454309,13949.5381474,10459.7580914,3914.41397916,6484.78663915,7289.27672006,5199.92005801,6173.28726651,4373.45556417
TCGA-BR-6456-01A,5091.08109685,4220.99003452,4110.2386788,5183.84328964,4607.05543951,2265.91013207,3639.83598255,2432.61890844,1559.61442321,3011.94987645
TCGA-BR-4357-01A,13427.5375442,9672.81798627,18438.6624632,13306.5174316,5754.05952634,8434.40618444,8391.23816947,8491.57726798,6508.29140527,7547.0747031
TCGA-BR-A4J6-01A,25081.2336982,19886.9228927,16820.9616275,15532.7421709,13304.352257,9641.54325472,12043.4306067,7012.6642523,8746.01732076,7711.04319772
TCGA-HU-A4HB-01A,19293.0673815,17183.2106913,16903.1031412,15526.8406635,13956.6787393,12518.2610489,7175.23065534,7632.51873376,10908.1071297,4473.34777646
TCGA-RD-A8MW-01A,18268.0569309,12578.2264871,17642.894429599994,13472.6210959,9974.47931469,7786.91008775,8743.38720139,10522.0534069,6895.82832674,5010.39298733
TCGA-MX-A666-01A,17584.1009315,10579.2962701,11491.9388645,8460.03450304,9542.53022949,9030.20890806,5334.73341654,6065.61589133,6866.89819585,3041.62908846
TCGA-RD-A8N0-01A,28214.9910622,21138.1669971,24813.0845263,15214.835381600002,11385.8504828,21010.3439502,12536.3242816,11695.4183187,13136.6613582,5618.89475981
TCGA_ID_NA,25216.4279811,16978.484401100002,13517.7608375,15922.5197536,19469.9131674,10593.1715534,11270.5128376,7909.12833389,8081.44314784,5914.77043569
TCGA-FP-7735-01A,25564.6239587,24302.4800831,14093.4162945,22153.8575657,23635.4449037,13085.1280096,7612.46024512,8155.69374246,6671.14579711,6468.18156679
TCGA-BR-6564-01A,11475.038464799998,7682.536766300002,7534.84319012,7342.62505705,8088.53880834,5280.77242047,5443.75873703,4767.58268664,4538.49650355,3825.7092694
TCGA-BR-4256-01A,12243.8602191,6421.57217145,9294.25855736,8206.39294246,3825.13856199,3764.66490541,4119.41179169,4316.21834529,4218.86678955,3776.57040199
TCGA-RD-A7BT-01A,16288.9779144,16212.179472299998,8357.50350721,11264.8605391,10979.341647,7444.29735606,5341.38973641,3921.29905008,5034.04339188,2845.48170352
TCGA-BR-8080-01A,17136.0089968,14784.047001700004,10402.9896399,8558.87917673,5063.89890006,8935.99057852,5147.08395749,5562.36041214,6557.5485611,5994.74605571
TCGA-RD-A8N2-01A,14828.119264,11598.665724,18865.4411819,10079.9621533,8153.57061601,15263.7273355,11186.865568,8814.00427792,9345.85638487,6381.50709756
TCGA-BR-4279-01A,11226.5867885,11263.8432424,10342.5076096,12444.500369,10735.3033024,7779.91648837,4649.757421,5842.31457592,5629.82510164,4860.23291318
TCGA-HU-A4GQ-01A,19250.3631324,16379.1607511,22428.5874227,16944.8431539,4603.09998782,10314.1293529,10407.891021,9858.08169861,3480.0329175,6532.91876454
TCGA-BR-4363-01A,9826.28082151,5730.12991638,9599.07837644,8339.38733739,5408.66054823,4235.97252479,4550.1480626,4302.3347782,5289.76855749,4686.84952732
TCGA-B7-A5TJ-01A,19450.2580697,24652.4365458,24193.845816900004,22376.580673900004,22644.7786806,14963.0910842,10580.173966,11542.9921646,11097.218423,6969.31140568
TCGA-BR-8483-01A,12891.4969376,27986.3659497,23563.1693149,36935.5224363,18683.3307181,18257.0758921,19468.229501700003,19651.7786794,10858.282744499998,6957.84959091
TCGA-BR-6457-01A,13802.699131600002,11707.2113475,7747.19479419,7959.0169734,10367.8412569,5544.72896637,6621.5424984,5386.51108376,5650.68747506,4537.59540285
TCGA-BR-4191-01A,7180.43091781,4506.30151292,8126.4875815,9607.60047477,4066.41555731,6002.68464915,5154.69323853,6652.27022588,6418.45944823,4801.577123300001
TCGA-CG-4466-01A,26673.3093606,15854.3582967,22014.7868978,29060.1603816,41636.8428231,12931.5110858,11524.3817877,9659.10221985,9728.7875325,11361.1184138
TCGA-CG-4477-01A,11252.7927561,6858.62334811,13946.4821955,13062.6015917,6154.82808733,7553.5217427,6715.10662902,10180.9355905,7871.35110583,5533.69656386
TCGA-HU-A4GT-01A,16887.7863617,11569.211093,12545.0006567,18328.722475,9271.11697151,7043.73382979,8365.88555208,7039.22176885,5428.46311948,4928.20552865
TCGA-BR-6563-01A,22795.6859464,24386.464895200006,15018.301058,15885.8942938,12201.7039178,13755.8959639,11895.2017723,8596.85559471,8511.15767689,5881.52674473
TCGA-HU-A4GY-01A,45304.2484831,27034.508194200003,19448.8005192,17105.7710675,14434.010899,16892.675686500002,11412.3583506,9931.43816551,9955.96238583,7771.99284917
TCGA-BR-8676-01A,27521.6442018,28159.2180829,26571.2483133,25238.9306074,15557.801953100005,17528.6802938,19818.907268,15057.2800615,12998.6244287,4723.80359405
TCGA-HU-A4H2-01A,31658.4040586,28439.1169948,21082.3966414,31566.806266500003,24364.5747917,16058.799354,16333.5860503,7781.83320998,10038.2019967,10547.738227700003
TCGA-BR-8683-01A,8531.9723717,4230.96031938,5169.77516317,4021.26991538,4880.55366374,2510.05743724,2707.74225439,2644.64823687,2908.3841097,1750.76138432
TCGA-VQ-A8PM-01A,28169.1157436,15323.721114500002,20629.5320343,16607.5965231,9656.96243176,12602.552966299998,10553.3941545,8663.78753025,9400.27063563,6717.46060284
TCGA-CG-5734-01A,23462.9952185,16577.7649498,12361.5098423,18004.096936,20298.2255286,7313.59281133,13866.1400944,8135.81606393,9445.05829505,5839.735455
TCGA-BR-8368-01A,8530.81325267,8636.28491867,11917.7669802,11971.9610732,5642.001154300001,6676.78722749,6779.7845744000015,6173.81666455,4622.49319967,3693.15977994
TCGA-CD-5799-01A,14003.609909600002,13116.8748076,8893.13008552,14747.0993403,11935.8974676,5059.84559932,8222.2888765,3200.08306247,2658.8833999000008,3062.03785876
TCGA-HU-8604-01A,15293.3999426,10750.4723986,11778.8289959,7757.34626433,3895.6041106,6796.303223999998,5065.80179292,6097.92532304,6019.64785713,3468.11642121
TCGA-EQ-8122-01A,18105.078102900006,12438.263349,9250.8905669,10282.8081586,12902.3391458,7034.0879105,6702.89992197,4488.44327164,6220.19442288,3197.34906718
TCGA-BR-8484-01A,13897.149035,11387.8133495,8161.19805379,7393.81975908,7120.11735009,4639.13997143,3629.60160743,4281.00041996,2614.39167347,2855.18751515
TCGA-RD-A8N6-01A,15857.0301366,13038.5777513,13010.768352,8132.41791299,9253.10793985,8174.85899359,7576.95897737,6881.34388538,5421.3994303,3354.75677913
TCGA-BR-6707-01A,16458.644676,13685.158938799996,10158.9304117,14987.1363429,11249.4984877,5339.10472204,8609.41716445,5160.51115279,5320.02122106,4918.38423457
TCGA-IN-A6RO-01A,7733.79782813,5576.77760134,5611.93266758,8172.68386018,2019.03503854,3591.67313372,3933.04937257,2962.41815217,3936.82426593,1906.73090147
TCGA-VQ-A91U-01A,9088.0504248,14666.8112109,14710.635580700002,11372.4123799,6555.77863706,11492.9331957,9781.12506214,12953.7916673,10673.1067271,4162.17420882
TCGA-CG-5732-01A,12067.7386064,7641.141295300001,7517.05724974,7684.61279141,10750.8895414,4544.89281925,4274.75132988,4615.22915721,5436.1810017,3855.9150673
TCGA-BR-A44U-01A,23561.9783084,33750.9029963,34091.6258383,48585.492508,18875.289498,32015.1787438,26236.886455,22382.5579088,10708.7349499,5336.6959313
TCGA-CG-4475-01A,8517.60687073,3376.28108669,10430.9206682,8256.86796478,3114.30600904,3824.46321919,3383.80308498,2917.17423751,3200.20199675,5093.08911952
TCGA-CD-5801-01A,14447.5781848,20370.2166809,10842.8627974,16345.8756412,15350.7961123,6509.98005869,11345.0881648,7146.06479753,6224.41326131,4899.96128528
TCGA-BR-7901-01A,13021.9689005,6333.55664725,9754.04779019,8744.51252248,5825.21725475,4349.24908458,4394.99352883,6696.00419041,6054.90083438,2816.02127945
TCGA-FP-A9TM-01A,32939.1380966,18582.6733989,21895.7579143,11561.4189619,5985.26674433,18465.2218527,9162.86959489,10252.3974812,9705.93934416,7994.15637773
TCGA-BR-6453-11A,30820.6803396,23121.446092200003,16960.678443200002,24199.3098063,19739.7840362,12392.4994438,15711.499832,7956.76772745,9432.1218204,8405.87627627
TCGA-D7-6526-01A,21477.9369111,11776.8077521,10684.6501094,14573.0793332,9544.42682103,8393.16118429,8510.96804001,5740.04458117,3248.07063938,6989.74428119
TCGA-D7-6527-01A,16157.8312912,9467.63517631,9300.95457877,10753.6492528,8613.94136531,7069.57372667,6993.68491177,5839.10163363,7161.72407753,5885.52221845
TCGA-CD-5804-01A,27125.685235400004,15763.234109399997,14485.021552700002,15511.8782335,14819.1052768,10375.9030665,7461.77597288,5702.81543641,6792.62884508,5402.66853578
TCGA-D7-A748-01A,19481.074883700006,16578.1560432,15440.8077356,21295.4864464,10104.8384309,9148.6440393,10048.700454,4911.51777473,4075.4825422,4362.38221353
TCGA-BR-7717-01A,18078.3399415,29468.498004400004,12704.8272486,22669.2067156,5721.2488705,7478.15326016,13636.3324356,6720.71315901,5529.45513589,4767.27872368
TCGA-IN-7806-01A,13253.5691941,23358.9149491,14599.512843900002,12799.4918177,8659.92035331,4493.26964571,9408.86180497,7538.87940411,5800.47737878,6343.60818382
TCGA-VQ-A8PE-01A,8314.36182373,4200.97936909,6977.13543998,4956.09334643,4070.64878342,3597.76423486,3061.72243784,3539.5006028000007,3570.48024664,2051.87896901
TCGA-BR-7717-11A,9900.0283485,7705.22771524,5980.29670058,5668.00712979,5719.98973769,4556.96205799,3848.82994987,3490.12776347,3932.19807866,2494.33103011
TCGA-HU-A4GH-01A,34213.666653500004,25287.8868282,16787.071492299998,22407.437805,23510.7479205,13597.9803193,11155.9091736,7406.54547338,10211.0014631,8277.36517482
TCGA-VQ-A925-01A,17532.601186400007,10768.1080733,13850.339695299996,9488.6178124,13405.4648079,8986.89827528,7283.76801363,6655.22962669,5897.89225605,4483.69881447
TCGA-BR-8678-01A,3083.9900061,5004.33964141,3705.69905215,3883.38693085,4261.74605187,2393.60741391,2899.77236115,3013.9219025,2683.15625304,1486.74498758
TCGA-VQ-A91Q-01A,8452.7782527,12583.4197818,11883.267546100002,9484.40399994,5893.72273374,6672.74464901,5797.56718076,8171.78912343,3141.49728856,3917.18159552
TCGA-IN-A6RI-01A,19238.8258868,9615.98439798,12054.496291,16345.699647299998,9593.12875999,7237.419069600001,5059.82489197,4879.73974576,5494.0451170000015,2242.29699348
TCGA-HU-A4GC-01A,32181.7410043,23135.8412881,22195.3224703,26166.612743,20850.7898231,12180.6180816,11688.5301138,9094.04185292,10686.0575891,9970.04206947
TCGA-ZQ-A9CR-01A,28609.1495027,19805.6186943,23954.5525692,16941.718910699998,18378.379107900004,12923.7741285,14601.7461569,11582.6365539,11613.7731817,6893.95545333
TCGA-VQ-AA6G-01A,12727.9908968,6027.93654889,7553.88247916,5421.87728274,4520.15941614,4370.88799575,3858.28666108,2762.49044342,3115.88996336,2520.94650332
TCGA-KB-A93G-01A,11643.9803331,6129.61634888,6753.10243604,4525.84925699,2843.4376142,4807.06633313,3435.86095493,2696.99369344,2579.5621066,1997.82265407
TCGA-BR-6802-01A,10675.2536465,5208.43893412,6781.19742077,7772.30792277,3534.06297012,3882.57047642,5656.92447984,3614.66039578,2998.49921058,4102.5747873
TCGA-VQ-A8DZ-01A,9153.08114565,9584.59044673,14191.4721598,10683.9028333,6577.66552463,6048.94754151,8485.33056133,5948.99930072,4735.14414809,3480.03387418
TCGA-VQ-A91D-01A,10882.9159262,5680.82370842,7660.33411333,6453.6852454,5737.01761874,5003.54566149,4370.21386207,3130.28235835,2677.7112901,1912.52374782
TCGA-D7-A4Z0-01A,45742.0481388,23791.0074725,20192.4844951,25536.2239215,14943.7802655,18327.6939083,12552.3356968,12048.025614700002,10432.2344306,8030.73252779
TCGA-VQ-A92D-01A,10355.233541299998,7911.91922914,9784.99056585,5838.537594699998,5008.26326309,6169.58394877,5701.34037149,5177.61757296,5165.47197069,3269.71371724
TCGA-BR-6452-01A,9084.32091929,4455.012365899999,5711.25658421,3788.46681137,2712.9603387,2827.1522841999995,3412.44368403,2865.62279232,2464.40129148,2821.42673924
TCGA-RD-A8MV-01A,23043.3200921,24538.0357279,18704.7156153,15662.2456665,13585.1966541,16071.7265051,10979.554278799998,13206.4930679,9568.18940921,5259.50860973
TCGA-FP-7916-01A,9626.63629091,6518.81108474,5300.35758812,4828.32225212,4554.14634581,3863.56813551,3324.5668352,2853.22092523,3392.39563009,1587.26444467
TCGA-BR-A4J9-01A,23864.030780700006,16505.6269083,14963.279651299998,11352.193609,11986.205619700002,12992.9165623,9365.97479446,8085.36947282,10019.8694281,5648.75048687
TCGA-BR-8591-01A,8588.81526969,7156.94216302,8607.92788403,6525.62974555,2087.12109945,4758.54335544,4937.00114687,3713.27554239,2717.18848912,2899.70472253
TCGA-CG-5723-01A,12659.6774299,13704.906306600002,7783.04755087,10224.9146362,12411.7936256,3110.15951384,8046.57222387,4823.1723825,5797.92907972,3797.90331247
TCGA-BR-6710-01A,13111.0850593,6717.38080669,7073.95443382,5276.64201931,7711.53982733,4621.61599259,4890.67154536,3924.16764694,4371.73713003,3434.21516288
TCGA-HU-8602-01A,1896.8823953,1438.60997251,1261.86657416,1167.30565144,727.18242107,976.0842461310001,865.5335736889999,621.841879071,307.707330575,486.18742320300004
TCGA-VQ-A91E-01A,17382.282163599994,11511.9400214,13470.394300100004,9173.53534341,3766.99339014,6326.86682757,6637.32656258,4142.33203323,3514.9978004,3767.84512836
TCGA-VQ-A8PF-01A,11652.0787619,6512.36900963,7347.93674376,5910.72082563,3830.50779436,4329.51837954,2872.9543581,3270.84438057,3009.23031329,2296.68353253
TCGA-IN-A6RR-01A,25678.3439333,18050.7116643,16537.6727398,19282.6030945,13711.8140171,8603.15327289,7212.52369742,7991.17654919,8619.75323592,6415.37784843
TCGA-F1-A448-01A,24359.018073,17286.322051400002,15306.4595171,18839.1770054,6954.86885175,12041.3807529,11868.1025172,8870.01517855,7804.4299657,5701.86599059
TCGA-HU-A4GU-01A,18822.9245754,14310.4476819,10300.8711215,11060.5833407,12759.531576,6756.44443073,6480.83916377,9294.73694905,7750.85743642,4550.05112139
TCGA-D7-A6EX-01A,14135.7956314,14534.0332104,12829.0571748,12571.9581626,15717.5838478,7483.31196718,7570.50561352,12775.6618702,16388.9514646,3464.37950164
TCGA-D7-A6EZ-01A,7462.89921548,7024.82565239,5881.26743983,6627.5100968000015,3894.8512106,5588.27621895,3530.32629482,4849.71660786,3034.22024197,1686.19164473
TCGA-VQ-AA64-01A,5064.98967847,5413.02883063,12178.4978671,8126.49239865,2315.48417422,6677.32013509,4992.90937789,8125.72009538,3574.70740849,3952.3330881
TCGA-D7-8576-01A,13679.4996769,7171.8377832000015,7673.19097841,8160.82897985,6183.86321836,5740.45989913,5554.32058797,4136.36330336,3330.37460918,2525.56835824
TCGA-F1-6177-01A,10678.2064876,7239.58821635,4713.96905081,6924.08403356,4993.80082205,3789.17460332,3831.57143012,3649.14286031,2570.95446467,3131.94853781
TCGA-KB-A6F7-01A,14478.2371756,12479.0199331,6446.51041883,13041.3016447,5918.05170295,5453.04802257,4941.64188726,3028.67609067,3690.83373871,1681.73692647
TCGA-CD-A489-01A,21891.234710900004,18313.2018211,15522.1704199,13774.2555493,9622.09167656,12363.4018017,10088.0968297,10067.5770599,7474.80127001,9026.46912715
TCGA-BR-A4J5-01A,23672.749305700007,16277.8191049,15084.9975055,17560.5888863,14021.139031600002,11111.5489124,13184.9959956,7464.23813724,8033.43987821,5342.05522575
TCGA-B7-A5TK-01A,17580.6123176,9571.80288622,10523.3196873,9633.69431127,5890.11092032,6323.229358,6380.14060806,6999.51154782,5880.27502989,1936.71568383
TCGA-BR-8369-01A,27309.5397147,15093.3085835,15063.71381,8501.05394612,8251.97053766,10497.0886481,6526.57985065,11592.7978274,9128.49221777,5359.34542402
TCGA-HU-A4HD-01A,23804.0069446,19745.6276281,16078.5922184,15312.5573768,14259.1833082,15188.6249278,11716.7975877,12319.4833234,10710.224513,7409.94440567
TCGA-VQ-A94U-01A,29692.9423585,25594.9740888,19079.5546347,11820.1473994,19461.1947414,15150.2165541,6643.51724639,7705.26448363,7247.91192,6584.74875259
TCGA-RD-A7BW-01A,23249.3425914,19715.4926561,13213.3775762,12558.4241735,11711.646469,9518.85734555,7365.38204473,4965.48271571,5406.36071584,5137.82329594
TCGA-CD-A48A-01A,54277.71275580001,35217.252871,29262.2531313,19084.8856617,17057.8632326,23603.0458111,17045.864540799994,12804.505800799998,18816.3283223,8920.24504691
TCGA-R5-A7ZF-01A,16583.287266,21849.7053256,15513.2690022,17957.996095900002,10966.9031484,6954.42055758,5106.06377679,8340.26711173,8614.28548803,4626.03036679
TCGA-HF-7133-01A,7655.22103549,3358.14296161,5366.18723621,4798.65282059,1549.19740784,2328.17793396,2970.92111835,3640.90111753,2689.95949454,2423.43210937
TCGA-R5-A7O7-01A,36278.9237286,36433.9265868,26288.984982,43934.0414715,46886.56500919999,21907.2577501,23392.099664200006,11698.5336779,10609.7148291,7259.7919059
