ENSG,ENSG00000124935.3,ENSG00000161634.10,ENSG00000164326.4,ENSG00000171209.3,ENSG00000235687.7,ENSG00000124939.5,ENSG00000234918.1,ENSG00000252621.1,ENSG00000211669.2,ENSG00000096006.10
TCGA-GM-A3XN-01A,9.728643702589999,0.400262118766,0.0,0.0,135.717879843,2.75315524721,142.440308062,32.020307910999996,18.6215210591,0.007092883765
TCGA-B6-A0RG-01A,7.00293829768,0.0,0.0571927810155,0.0,11.731852515999998,1.02339584097,10.3800629425,9.69434969359,3.30315474466,0.309507884801
TCGA-D8-A1XF-01A,1.5081412827399998,0.0,0.0283485203523,0.0,30.703628196999997,0.0992470271068,35.3464583794,23.033430500100003,5.04574285567,0.061365021359
TCGA-BH-A0C3-01A,0.489822219221,0.0,0.90230408804,0.0,0.0264411454371,1.7674966835599997,0.0584862351309,0.0,11.7252779938,1.2120211566
TCGA-E2-A1IG-01A,28.1647369952,0.0,1.49748064582,0.0,28.1980919124,0.6707728502120001,32.119639144000004,10.1999195945,0.238255150641,0.098228558769
TCGA-A2-A3XZ-01A,268.1874925,0.0185780089362,0.0,0.0194669088853,7.818709250739999,15.368470685999998,6.80121497293,1.47948507528,17.4126961062,0.043456170435499986
TCGA-BH-A0HF-01A,1473.12948908,0.527098618297,0.0,0.0240138542557,51.394574026,20.8462379028,17.7983519428,49.0939236403,21.6358605638,0.0
TCGA-AR-A255-01A,1161.72089282,0.0342632286421,0.0,0.0,8.68843345251,31.224389354,8.28761019961,9.14080643392,10.4584511012,4.14086442815
TCGA-AC-A2BK-01A,0.0351681751985,0.038540465971,0.388700883773,146.494800612,0.0,0.0,0.0,0.0,0.262394675056,0.0
TCGA-JL-A3YW-01A,0.0,0.150845146953,0.036222683314400005,0.0,0.55479528632,0.0845427695016,0.70124231499,0.0,16.1657018453,0.150285715315
TCGA-AN-A0XO-01A,1201.83581175,0.542478990123,0.0,0.0,74.409431332,293.158494158,47.693684922399996,45.8865250545,0.0665469255493,3.1551594394
TCGA-C8-A273-01A,1.36340510534,0.0,0.0448488521494,0.0978520410532,5.7958516623800005,0.575718086708,6.22689495872,4.338107153359998,11.2321975,1.43803742753
TCGA-A2-A0EM-01A,1645.75540575,0.784392717731,0.192951546258,0.0,38.9465274909,97.4994162651,22.062137396599997,43.4216155008,0.34734134751999995,0.044750921276
TCGA-BH-A0BV-01A,132.277222045,0.0,0.0,0.0,36.9525658238,14.213123677899999,45.378439118,31.0309560528,20.6820324891,0.141118061042
TCGA-A8-A06Q-01A,1545.04745961,3733.95220574,0.0,0.0407173355328,89.5934506743,18.4245552524,98.7659137768,28.9853139213,1.91069085738,1.60073913725
TCGA-GM-A5PV-01A,64.5323430902,0.067224692005,371.2353147,0.657451054824,114.78421108399999,8.590309203310001,71.19395889409999,18.7373550625,1.5256173625999998,0.218397975806
TCGA-AO-A12A-01A,29.2883789609,3.51059336861,0.0138956757469,0.040423783991,129.225508854,4.0540167246199985,191.114238604,78.1876829954,10.8561946726,7.51234738163
TCGA-GM-A3XL-01A,0.7199582824230001,299.047179974,0.0,0.0,1.5686982083,0.512551001969,0.187560366656,0.0,110.40490740700001,0.17476836568100002
TCGA-BH-A0B7-01A,42.3662662025,0.642743764618,0.0,0.0,0.8492361052869999,1.0806977693000002,1.0875292214,0.752732002413,6.177862651930001,3.21326451587
TCGA-AN-A0XL-01A,7.802931981339999,0.0,0.0,0.0,3.60346935349,0.619138134419,2.3002573176400003,1.7920609335099995,1.11423477731,0.342940009528
TCGA-AC-A3QQ-01B,267.132925086,0.0551730891543,0.0,0.0,67.4425119927,12.245248839,8.512137133889999,326.01878696,5.5093045294400005,0.34415043061300005
TCGA-AC-A8OR-01A,1.84671282423,74.16612986279999,1272.8596782,0.0311856936262,17.521562018900006,2.30187530535,10.0393729655,9.71746213393,0.0,0.104424191742
TCGA-D8-A1J9-01A,198.92856363200002,2059.19687929,1.13790118527,0.0,14.6046070824,66.8923885008,164.51126645899998,4.19299345843,0.990888129315,88.90955736229998
TCGA-AO-A126-01A,0.965386673165,0.0,0.0680488726385,0.0197960356767,220.905484888,1.71530179383,100.43314830899999,12.637789175999998,1.45772673076,0.007365147229939998
TCGA-AR-A256-01A,0.270753868878,0.0329685076259,0.0,0.414551378186,0.0,0.138581634742,0.0,0.0,0.149639443939,1.87009347796
TCGA-AR-A0TV-01A,0.0717058756689,0.0,0.0,0.0,0.06967372534630001,2.57645679947,0.0,0.0,38.4313770943,42.1006353594
TCGA-E2-A572-01A,0.649271225772,0.0711530110435,488.32030612,0.0,94.2941595583,0.0,15.0708449302,0.755515608171,0.645907126157,0.0832176737973
TCGA-BH-A0E9-01B,214.081965011,2.49925827313,0.0144036200478,0.628521602084,35.2896077642,14.6909183578,21.4883092925,27.8644576924,14.0209166094,0.491069214339
TCGA-BH-A0DI-01A,16.2575365073,24.967309816500002,0.0,0.0211666002764,37.1815756855,8.796692818139999,19.9137902756,30.5645707991,4.49258349079,7.150561758180001
TCGA-A2-A04R-01A,2.4550589631,0.0,0.0,0.0,0.358382331388,0.19114297569,0.297270120401,0.6035484262690001,3.5689100594800003,0.214209999977
TCGA-A8-A085-01A,0.6670217529,0.0,0.0169869716358,0.0,0.0,0.5352363270130001,0.0,0.0,0.0,0.0
TCGA-D8-A146-01A,61.0911118175,0.0755207711626,0.013601191517,0.019783551297400004,90.5518506409,20.0944682226,98.0987765186,79.98885460560001,19.7954419293,3.90842677247
TCGA-A2-A0SX-01A,4.28605512172,0.0177918435937,0.0,0.0,0.588931632478,10.171060836799999,0.186097372992,0.141687772619,5.53169620043,0.12485170885
TCGA-BH-A0BJ-01A,2.77287868491,0.0,0.0,0.0,79.12719230399999,1.91600062681,74.23386141520001,48.8769620823,46.1869184821,0.0467634659811
TCGA-E2-A1LA-01A,5.11813134422,1.39063910632,0.0,0.0242862810434,0.219199254546,1.44188722694,0.242427832266,0.0,33.5057560016,0.370465762814
TCGA-BH-A0W5-01A,301.057175019,2.86790786712,0.0,0.060914763633,43.8232263634,785.928749907,51.6848131792,34.104145666,48.5939899386,5.952929388659999
TCGA-AR-A0TU-01A,0.100256306451,0.0549349624386,0.0,1.89959317485,0.0,0.0,0.0,0.0,4.031030767130001,0.0356942791101
TCGA-E2-A14W-01A,3.34135808538,6.67142991714,0.0,0.0,64.7850250485,0.927740156749,49.7125220113,4.9933122073,0.0,80.15788308489999
TCGA-B6-A0RN-01A,0.16050974402,0.0219876361671,0.0,0.0460793523503,107.22310835299999,0.110908844237,83.1967520945,63.2116555541,4.49094620574,0.908626588311
TCGA-A8-A09R-01A,1.4170582883,0.0,1192.11893053,0.0,13.4201730688,1.2533214189,15.309305543299999,13.9747711922,2.22030272736,0.0968670018168
TCGA-AN-A03X-01A,748.5986468589999,0.0,0.0,0.0,0.287531693089,49.5847300963,0.715503306421,0.0,5.10573602941,22.9464878808
TCGA-A8-A07J-01A,0.0467160283919,0.0,0.442572900555,0.0,69.1775487637,0.0,41.098948918400005,32.0047263601,14.6973950464,0.06985574338980001
TCGA-BH-A18J-01A,3.99367465833,0.0364719146879,0.0,0.0,9.8090254766,1.34911082508,9.29870517462,1.88791892939,4.386834339719998,4.5215435384
TCGA-B6-A402-01A,16.7648908501,0.0798803614062,0.0,0.0,0.472167318433,15.9156637162,0.156660887892,0.159034537709,0.498527954994,0.07785402380039999
TCGA-AN-A0XR-01A,30.4652636754,0.0,0.0,0.0,71.4665706589,270.254027097,51.7260278778,28.432111554099997,0.109492097429,0.818193951013
TCGA-A2-A25D-01A,2.33666170022,0.0,0.0,0.0,16.8180779143,0.328896720441,8.695636575950001,2.97393307301,14.730250787200001,0.17331714139
TCGA-BH-A1F5-01A,1094.45094975,0.0,1.6170103891,0.0192788123886,54.571891601400004,25.5522341489,132.208225395,48.2047424966,0.417541118055,185.04883469599997
TCGA-E2-A9RU-01A,665.34523967,48.3550342398,0.0,0.0,51.694178198,16.030897634200002,12.668843756300001,4.946459974780001,3.45355171814,0.0242149798498
TCGA-A8-A095-01A,285.878203338,0.180976934253,0.0,0.0,27.4091724321,33.7763400749,26.606670636500002,24.6611235742,1.64285797311,2.58699560668
TCGA-AR-A24S-01A,229.257765545,0.8323334289899998,0.0222077267238,0.0,14.121836480799999,9.5889639228,16.2430627844,19.8852022853,3.39306448513,1.06960792922
TCGA-AN-A0AS-01A,73.4161652624,16.1768058695,0.0154149283166,0.0,39.2598461494,22.953982164,31.33417787,15.677262369400001,0.971220354039,0.408759719099
TCGA-AC-A2QH-01B,0.0,0.0,0.0,0.0,0.22605080318300005,0.0,0.0,0.5075868035109999,0.0,0.0
TCGA-EW-A424-01A,264.218816678,0.924816679667,0.0754226115369,0.0182842694635,119.665386537,61.964090712799994,97.8281553375,17.6479768862,9.54363076276,0.986390362423
TCGA-A2-A0ES-01A,2331.91422198,0.60729133768,0.7291491389910001,0.530290282902,36.9734701864,24.472092469,38.324252870500004,39.6572285166,4.54807719939,0.67869604236
TCGA-C8-A12Y-01A,237.304746116,0.0,0.0,0.0,30.9892888134,12.061826748800001,12.4665672916,0.479070839424,12.4577034993,19.3541847467
TCGA-A7-A13F-01A,75.974754122,0.0,0.0,0.0,0.0983305007504,1.74815021728,0.0543752992956,0.1655975024,1.1797749523299998,0.243200604326
TCGA-A8-A0A9-01A,18.369121195399998,0.0473288646766,0.079556085032,0.0,83.55428827979999,0.318311596597,79.578611787,34.5500712139,0.107409547815,0.0615043546309
TCGA-D8-A1JJ-01A,1.04484834597,0.0,0.0,0.0,0.0376013799721,2.88787258772,0.0415860038199,0.0,1.98503139995,0.762595143479
TCGA-D8-A1X8-01A,18.54924796,0.0545472530497,0.0,0.0,64.5709917181,0.15285794520600002,70.6528587024,51.4033477376,6.06576759043,0.212654177443
TCGA-AQ-A04H-01B,0.177689434066,0.0,0.0,0.0,12.411882735799999,0.163706196452,10.862924207999999,13.31055397,5.487197031259999,0.0632628158668
TCGA-E2-A153-11A,104.300349517,1.08342893739,0.0,1.18687071719,36.2703457075,7.24523015627,35.2847961016,36.2769614863,21.6259662579,0.23038809301
TCGA-BH-A1FL-01A,30.3697184802,0.0,0.0,0.0,106.89409707600001,2.61364700796,93.74726817610001,56.292704246499994,3.49061217802,0.00637907896446
TCGA-A7-A13E-01A,0.0,0.0,0.0,0.0,0.0,0.0,0.0,0.0,0.0,0.0
TCGA-E2-A15F-01A,5.91300085992,0.0,0.051111225258599985,0.0,18.1728800919,4.33428422308,25.726288521799997,10.3585416524,7.40662563748,31.4121507875
TCGA-BH-AB28-01A,2.09549386914,0.0,0.0844049625057,0.0491083418215,76.4025063683,0.19699891440900005,65.0745631882,33.5901058059,20.420927882,4.485490813869999
TCGA-AN-A0XS-01A,60.5843736729,0.0,0.0,0.0,55.504819884300005,3.08344777255,30.8768363897,39.491300252100004,62.2579634241,0.211564682141
TCGA-A7-A13D-01B,0.550538520044,0.663662873478,0.521562808463,11.000233778499998,1.21252208463,0.6086567899140001,2.52426019937,0.960939962259,0.273842994426,1.05844521878
TCGA-PE-A5DC-01A,37.7274711986,0.0,0.745431393593,0.0235709531571,2.31357970988,0.416043157836,1.82347708065,0.537417731982,0.35735030537600004,0.0789265026942
TCGA-BH-A1EY-01A,0.0463323593456,0.025387594162,0.0182890892154,0.0,46.309849697299995,30.4352910987,70.8345706341,21.430822213699997,2.82315308759,3.7511271972199993
TCGA-BH-A1EV-11A,477.816214558,0.361483180882,0.158106424157,1.0281145014700002,1.35833211463,8.68273283391,1.65419019789,1.43936030206,12.1589189099,0.301982897628
TCGA-B6-A0WY-01A,29.8039683741,0.509205305229,0.0,0.323952725798,11.674024924200001,2.14042153254,11.318037918599998,11.1515961845,4.127163650819998,1.60939178199
TCGA-BH-A1FH-01A,1871.79872954,1.72763254833,0.0,0.0664328217523,14.202996609500001,25.610299071300002,14.6719365677,21.3315790647,15.467144276900001,0.83417982454
TCGA-AC-A6IX-01A,97.2025798937,0.227791043446,0.0298362670542,0.0,18.8504005184,25.661251289699997,36.768256121,9.23513836966,19.174362048,4.93271703402
TCGA-E2-A3DX-01A,72.2656073921,244.820885494,0.0,0.053769608774,55.587664947600004,4.91790671266,42.759732981,61.1611376601,185.317746003,0.313412767831
TCGA-GI-A2C8-11A,1.19375743174,0.0,0.0,0.0,0.0,0.0,0.0,0.0,0.0,0.0
TCGA-AQ-A1H2-01A,13.4644087375,0.0726157304362,0.0,0.0152180334598,0.0686762535623,0.80582554144,0.0,0.0,0.0659185283545,8.74762633618
TCGA-BH-A0DZ-11A,164.707322453,2.89611851824,0.0339243664685,79.2226478038,14.251713339,59.06720556760001,8.7429674729,2.25011070685,3.79390427904,0.541582053385
TCGA-A7-A26H-01A,6580.60686131,1.93074321912,0.0186697617886,0.0,1.91484736293,206.41345968599998,1.93140078969,2.78620735928,1.9114740566900004,3.930238273380001
TCGA-D8-A1XK-01A,0.420755977179,0.461102440744,0.0,0.0,0.0363405972192,0.284272752336,0.0,0.0,11.4410744468,0.00599207444135
TCGA-A7-A5ZX-01A,44.803405949399995,2.3706410342,0.06568451246069999,0.119426386292,210.271282351,1.83967064458,120.52382565799999,19.4235074666,6.56981258311,1.12859263778
TCGA-EW-A1PG-01A,1604.30116692,13.7546196743,0.021037697708400003,0.09180086272739997,19.7128621809,37.5134857501,18.3272886544,29.767959753699998,2.18704853275,0.273237280784
TCGA-AN-A049-01A,28.6468725038,0.248440404093,0.0,0.0,0.480604624186,11.4304261018,0.236237496864,0.0,13.7366596298,0.7484270942579999
TCGA-LL-A50Y-01A,31.352942436,0.0,0.0434251280277,0.0315819112929,240.686555756,0.912177737304,108.05312573100001,4.80045051652,4.651213712900001,0.352503041934
TCGA-BH-A1FE-11B,16.0175418477,1.06719212793,0.0,174.794660878,19.294082779700002,1.42311119158,30.0233056993,23.591302344000002,62.176478147,0.17215787561700002
TCGA-E9-A3QA-01A,3.80614813148,0.0,0.0,2.78455658948,0.0994161716464,0.706980644818,0.17592210910999995,0.133940696709,133.555530457,0.0196708633351
TCGA-BH-A0BO-01A,39.8938513744,0.479845856825,0.0512116192225,0.05586722097,71.4126333282,0.47810617255,63.5280900808,49.9601934728,31.297994355100002,1.16398745747
TCGA-D8-A1Y2-01A,1933.73536928,3916.36831084,0.321536858428,0.0,9.30227811505,33.6872431689,5.23047509139,0.6582303364450001,38.3785801866,0.0580016050806
TCGA-E2-A1II-01A,0.0,0.0308364081139,0.0,78.1946391015,0.0,0.0518477802453,0.0,0.0,66.2020934155,0.0
TCGA-AO-A1KR-01A,5.22160173981,0.289005215985,0.0,0.0,3.24575088722,0.6317066026179999,0.906872486698,0.23015324473,3.2137978992100003,0.0676017541263
TCGA-A2-A4S3-01A,12.456303941400002,0.119743368819,1.94090608505,0.0,0.17694870290999998,4.73135698753,0.15655998669399998,0.0,1.90224439792,170.752285355
TCGA-D8-A4Z1-01A,825.9274490610001,2.14706036986,4.3936126676199985,0.260845278968,79.1999838693,14.2308372541,103.337555816,42.126512553400005,14.3353402212,0.339667684139
TCGA-E2-A15M-01A,553.852635012,0.0,0.0160760351584,0.0,46.1406941407,21.499552524400002,51.759650488199995,17.2381863546,52.4162041682,0.622035959417
TCGA-BH-A204-11A,180.941821322,3.89183938952,0.0,0.0,3.97862893189,16.06416988,4.8381838929,4.95383013799,5.57445745566,0.08083686621839999
TCGA-AO-A1KS-01A,338.581455189,0.017014314475,0.049028090394900005,0.0178283965072,56.359675604799996,9.86960867682,141.57087947899998,53.656342128199995,0.424740762385,1.18732201466
TCGA-B6-A0X4-01A,1879.92134318,7.38103612391,1768.0732100000002,0.0,0.623268521742,26.839824713400002,0.459544253344,0.233253522531,0.0,0.0
TCGA-BH-A1FG-01A,9.16417514382,0.0,0.552664071173,0.0365397733007,9.11058347631,1.20195515322,7.021308319149999,2.77702277085,3.16551818439,2.73253108427
TCGA-AC-A6IV-01A,26.1574267229,0.0,0.0,0.0,3.52814441349,2.07749765487,3.2806812565099994,1.51381297649,12.6830859222,0.007410744433180002
TCGA-D8-A1XR-01A,4570.96592203,0.0142112813637,0.0102377322982,0.0,77.4497573657,44.8501493375,77.44444142409999,78.7687400212,0.0,0.0332418757667
TCGA-EW-A1IY-01A,1.76640440312,5.44998112995,0.0,0.0,44.7305745332,9.28868436754,90.4918227216,34.9822186687,3.00760446796,1.52095455641
TCGA-BH-A28O-01A,28.6456327221,2.11295499531,0.0,0.37955199779,71.5828579764,1.1842281355700002,49.463870969,30.7690152875,69.7816290145,0.0706064686587
TCGA-GM-A2DN-01A,168.360713734,6.09295223964,0.0,0.0449611341897,38.0186739309,36.1806820606,31.696928542,16.9143786822,89.3433646567,1.62260271193
TCGA-BH-A0BP-01A,166.530503143,0.269490817376,0.0,0.0,42.7226956848,11.327924953,47.9194895805,28.1142620353,24.585940497600003,32.9999241595
TCGA-B6-A0I8-01A,2753.51577189,0.01647818708,0.0237415984903,0.0,9.545340110960002,110.575150674,8.186953604760001,10.366876897100001,5.19805692127,0.6231350745709999
TCGA-AC-A23H-11A,67.9324792816,0.724060193644,0.0,21.8299896617,5.9334560955,40.3962670242,4.1309746299,9.04237486459,12.025265364000001,0.0577385055497
TCGA-E2-A155-01A,5.971641201440001,0.0148733280235,0.0,0.0,19.183100628,8.20254048817,41.965161615300005,30.559010181199998,7.324613136389999,0.487066742004
TCGA-BH-A203-01A,0.8708688921359999,1.83805915337,0.0,0.0,26.2631806247,0.208013043121,44.0431471552,21.2527196303,17.1265868482,1.61228953773
TCGA-A2-A3XV-01A,0.0,0.0,0.0,0.442918920362,0.0208209748888,0.0296129412526,0.0,0.0,0.319758391557,0.0274647839655
TCGA-E2-A574-01A,0.304320374801,0.0,0.0,3711.55203035,0.225292122467,0.96127521736,0.0,0.0,0.054061354516900015,0.00928690825257
TCGA-A8-A083-01A,0.203251165693,0.0,0.0916922551999,0.0,195.91108311,4.06613793501,158.71792521,82.483018514,0.758242690668,0.0372155481719
TCGA-AR-A24O-01A,2209.60507412,0.0,0.284690003912,0.15057983678,90.65485327370001,14.3160672845,98.3591988767,83.3986426005,1.67139717794,0.056023472874099985
TCGA-C8-A8HP-01A,379.29554576199996,1.45359512808,0.445600970115,0.0,4.789639145440001,15.6003103549,4.44802878825,0.7388874268089999,915.180351811,1.18160606156
TCGA-BH-A0C0-01A,145.216165093,0.050553050458,0.0,0.0,16.1360425024,11.3898642514,11.699032208399998,5.23361944196,11.5873878039,17.6290433395
TCGA-BH-A203-11A,174.23059202,0.018544836353,0.0,0.194321490971,8.155523497999999,39.3503630062,6.35263056872,8.86105998829,22.3056907305,0.245811929656
TCGA-AR-A2LK-01A,82.1507869507,0.0,0.0241010347212,0.0175280252518,19.8938592242,4.0782096372800005,27.3384871464,12.388808248,3.94807416448,1.49990596147
TCGA-E9-A54X-01A,1.3439132802899998,11.414057997,17005.3930446,0.0,84.5104234061,3.809705445390001,74.87649100590001,4.285485705,0.0,0.960628163793
TCGA-BH-A1F2-01A,118.33772469799999,0.0,0.0,0.0,0.0,13.0768652648,0.0,0.0,0.034608588859800005,17.633530387
TCGA-E2-A15I-11A,19.5142729759,0.0,0.0,9.51768831671,3.47962483607,0.46396389219,2.6457483245200004,2.19750170755,13.9858269298,0.439272148187
TCGA-EW-A1IW-01A,155.917559504,0.182714551803,0.0219377669105,0.159547395713,11.7541430093,25.1658608883,10.3520065469,4.85024082967,3.24815350899,13.712129448399999
TCGA-B6-A0X1-01A,0.855863658865,0.0,0.0,0.0,0.0,2.8386418474400004,0.408770702742,0.746935556828,28.310018643499998,0.0243770690553
TCGA-BH-A0H3-01A,2.76152300896,0.0347853630479,0.0,0.0182248672428,54.035329462,0.409412372763,38.1127128195,51.248326686700004,13.2229438342,0.196637152396
TCGA-AO-A12C-01A,7.39785963511,0.0,0.0,0.0,39.3051946098,0.516339880308,67.0257459116,27.064345992899998,0.278770028643,0.047888398333800014
TCGA-AO-A129-01A,0.590057809144,0.0,0.0,3.38789172714,0.191111841018,0.373741030744,0.158522993501,0.321849714078,166.790693149,0.007877941377090001
TCGA-E9-A5UO-01A,1.81699259998,0.0,0.0667194345159,0.0,12.3995502916,15.1828333132,12.0485340611,5.71603591707,0.0,0.370089466758
TCGA-A2-A0CT-01A,3.10299190065,0.0,0.0,0.0,0.0,0.63528944863,0.0,0.0,3.2691279091500003,0.0552379510575
TCGA-B6-A0WS-01A,6330.27168614,0.0,0.0,0.0,34.2794783899,353.598750739,28.1089562865,19.649442671,29.9512531375,25.3604392338
TCGA-A2-A0CP-01A,144.300489086,0.689735426309,0.0,0.0,50.0727103047,75.1174954337,52.0586469795,9.986912949530002,15.2973116099,56.2236087279
TCGA-BH-A0H0-01A,49.2351824345,0.0,8.37264174975,0.0,0.0711902580024,5.0119444691,0.0393671501342,0.0,4.1682264921800005,0.011738313569200002
TCGA-A2-A0YK-01A,798.2888770339999,2.41134819602,0.0868561274553,45.5441948329,43.2588056331,11.2847392928,58.430925719499996,41.1266395505,51.8508579321,0.06267144399090001
TCGA-BH-A0HA-11A,27.9398926671,0.592202458698,0.0,30.6821321703,13.016554986600001,1.06947545751,17.320988928,16.0696230813,29.5671652436,0.487396416089
TCGA-D8-A1JM-01A,7.9646685559,0.0,0.0,0.0160456682063,0.0,1.39033713149,0.0,0.0,0.7297869197660001,1.0148688764899998
TCGA-BH-A0DV-01A,288.759896591,1.58327220366,0.0739265438662,0.24578175623000004,23.0672480319,5.472064263709999,11.883731333,22.9990278393,6.154890935650001,0.142880471329
TCGA-BH-A0EE-01A,209.86441801700002,0.113422490006,0.0,0.0,46.8536563805,56.476376167,39.0229472268,4.12916784395,0.036772058195800005,79.7947444166
TCGA-GM-A2DH-01A,0.483141299332,3.70628941953,0.0,0.0,0.184097661093,0.576038401371,0.162885214173,0.0,0.282728221492,0.619246525178
TCGA-C8-A26V-01A,893.387687507,0.0245506406883,0.0,0.0,22.638274992600003,668.038766171,32.4842351908,16.1297709322,9.38813955812,18.6924448186
TCGA-AC-A6NO-01A,3.60145385172,0.17738421310600005,0.015973331690100002,0.0,120.89272739200001,1.78950369307,123.904990875,50.6778633926,2.76760731459,2.705642113
TCGA-BH-A209-11A,154.884946256,0.06483457884010001,0.0,0.0,14.0646413094,16.1064773603,12.5457813097,12.0044169749,17.0311704421,0.33490652274
TCGA-AO-A0JI-01A,13.2297806973,0.0,0.0153146095431,0.0,12.5909651382,0.536158307227,12.841231529000002,12.6972035484,6.89903322337,0.397811806769
TCGA-B6-A0IK-01A,12.8635490542,12.100998989,0.0,0.0,7.44777875087,2.93659401234,5.30105310383,7.4511305865,16.2084610945,25.594263274
TCGA-A1-A0SQ-01A,2453.03483703,0.0,0.235639891743,0.192796275063,21.243842547899998,115.907689706,18.4432177955,19.6994949497,5.24268235826,2.90905678547
TCGA-Z7-A8R6-01A,4.14371750123,0.0608177715445,0.014604267509,0.0,41.317345125100005,0.783977262366,31.7007641672,5.489080326310001,1.3802167842700002,0.268713322605
TCGA-B6-A1KF-01A,4.1753371278,0.120413471602,0.0,0.0,0.0854106891686,3.60380648751,0.0,0.0,2.29546758921,0.28166141822
TCGA-BH-A0W4-01A,7.22413779144,0.0177508146482,0.0,0.0,88.61867836319998,0.268613095367,68.4651570356,76.4763188619,1.6516535204799998,0.311409485283
TCGA-A8-A0A2-01A,98.52471088540001,0.0,0.044144532626800015,0.0160525573189,246.177079794,61.4844372584,218.765017831,159.08726405299998,40.7813139339,0.238895201042
TCGA-D8-A1JL-01A,29.6549946771,0.0,0.0,2.06128649711,0.0,29.564093584800002,0.0,0.107299845055,8.2865502101,57.65444634
TCGA-B6-A0IC-01A,0.911184087023,0.0,0.126945151443,0.0,91.05330862459999,0.543192049168,120.305098984,55.314233988699996,0.0,0.022899466570900005
TCGA-AR-A2LH-01A,73.39210031020001,0.957496416311,0.0,0.344887689428,16.2716243217,3.72293352273,8.215533616819997,5.004006839330001,11.0685717529,233.38351944
TCGA-B6-A0WW-01A,0.983624307765,0.0,0.0,0.0,47.1856483041,0.352418178086,43.14244725,34.8143391354,3.1938060424799994,0.466933360755
TCGA-BH-A1FC-01A,0.0315431500502,0.0,0.0,1.1228757721200002,0.0,0.116243470434,0.0,0.0,5196.51986959,0.0134763791937
TCGA-AR-A252-01A,12.6566870653,0.162036705483,0.0350191169415,1.6639386474000002,6.168153520780001,10.2167097411,16.3977276415,7.871448540169999,272.19446319400004,4.9715197686
TCGA-BH-A1EN-11A,113.64358701,1.19422797383,0.0,0.08938343344789998,8.87417062334,3.13145108685,5.57645898227,8.37820716185,11.9055954593,52.050011308
TCGA-A2-A04P-01A,2.7343374485900003,676.710270511,0.0,14728.2076668,0.0,8.87027909035,0.0,0.0,65.37028009630001,6.07961902107
TCGA-BH-A0B5-01A,4.755441709009999,0.115809843751,0.0695240015938,0.0,79.15610634789998,1.78493866664,106.849964556,67.6329487504,33.2032222492,0.127921687668
TCGA-A2-A04N-01A,761.510373892,3.0913138898500003,0.0,0.0,150.536717143,59.480728500299996,138.49110671,74.9955355239,1.57965365431,1.93144594304
TCGA-4H-AAAK-01A,69.8176965401,0.0233983315454,0.050568104688599985,0.024517868939900003,44.838781648,23.2115041765,29.5523022792,14.720528511500001,10.7263771078,0.07297530372510001
TCGA-E9-A1N5-11A,80.3769097031,0.11302517272,0.0,2.52657228204,13.2726024688,1.83703869979,18.8168356207,15.9016143001,47.7095065861,0.0293754788021
TCGA-OL-A5S0-01A,0.393202448192,0.053863349067400014,0.0,0.0282202714013,0.0318382549143,0.679236474803,0.0,0.0,24.142222855300002,0.0
TCGA-B6-A0WX-01A,18.934529182000002,0.4298528411150001,0.0,79.4581761472,0.7160522483949999,7.58884152127,0.6642013778320001,0.0,56.4915316949,0.0
TCGA-BH-A0DG-11A,23.6310076715,0.054253480534499986,0.37781124438,0.8148405521430001,91.0114216701,2.43255528846,80.6760592096,155.971851548,28.4827961745,0.014100593071700003
TCGA-E2-A1LS-01A,90.0449972716,0.0328493505542,0.0,49.6352115135,0.155336200192,76.60720751550001,0.17179720051,0.261600282595,0.931866291628,5.4619391446200005
TCGA-EW-A1PE-01A,1950.19868039,0.016898901188399998,0.0121738794746,0.0,19.4981848077,56.4576395305,33.4955390458,26.377033985900002,110.910728185,6.6342062764400005
TCGA-A8-A07B-01A,309.235319145,183.622228875,0.0,0.0,25.214397076399997,64.92177392720001,43.165109889600004,22.1264897229,3.89455891952,0.0
TCGA-BH-A0B0-01A,1.17879900751,0.0605547435364,5.29296264884,0.0,115.04028370799999,6.4143861541,95.2715914277,82.7838393909,2.42783733412,0.881345052342
TCGA-BH-A0B3-11B,185.755143533,1.32861732503,0.0,16.7062503837,73.320841985,3.01092648574,47.63226747939999,58.1167676391,37.4060100954,0.29276318371300003
TCGA-C8-A130-01A,84.9361569453,0.0395583170166,0.0284976033771,0.0,48.1682567851,3.92424579018,86.2706671023,12.916150127,3.05234433685,0.246750944061
TCGA-D8-A1JC-01A,334.039440235,0.71746088537,0.00993952010982,0.0,0.0,16.0070152648,0.0,0.0,6.38766092363,0.8929024349299999
TCGA-BH-A1EW-01A,35.063790316799995,0.0,0.0,0.0,19.6261300307,2.26514494341,22.0581947103,16.0102979028,4.89177415759,0.0565607723709
TCGA-A2-A04V-01A,1.199863373,0.0,0.0135322936804,0.0590500087873,102.32912292,0.315840098184,95.5388012819,19.8959162941,0.0852604617378,0.0732321722982
TCGA-OL-A66N-01A,3667.74822498,0.0,0.0,0.08819533654339999,41.4925137153,3340.48081137,10.1242980959,0.502713418297,10.9355362754,2.87935989919
TCGA-B6-A0RV-01A,2103.59348717,0.0,0.0,0.07289692630760003,69.4950697466,39.4581780921,48.450271128500006,33.7950150362,29.102618486500006,0.452023664094
TCGA-E2-A105-01A,11.2420762448,0.0,0.0,0.0,201.63972550900002,0.812934139024,273.930493712,72.4436541102,4.7141131861500005,0.111698214622
TCGA-BH-A0DK-11A,293.64915619,4.8142921455300005,0.247727908804,1.19564544415,36.3657640672,26.1499695882,47.0044379473,43.4428763843,7.413867364,0.402185763826
TCGA-E9-A1N6-01A,0.21751078321,0.0,0.137375231501,0.0,88.1737639727,1.36267792015,89.2586339984,38.914656487100004,0.16228783824999998,0.0278785516531
TCGA-E9-A1RH-01A,0.08495185880100001,0.13964689117999998,0.0,0.0,0.0733727255502,0.0260888625877,0.162296088456,0.123566340074,5.84539214963,1.95385494563
TCGA-AO-A0JE-01A,1969.9613107,941.383304513,0.0,0.0,0.23502003765,199.25282981200002,0.31191017534000004,0.0,26.1224771848,2.56535824007
TCGA-A2-A3XU-01A,23.379191268000003,0.0180429799483,0.0,1394.50833781,0.0213301625299,13.4696905816,0.0,0.0,7.45240512723,0.0
TCGA-V7-A7HQ-01A,92.2692193077,0.0554977786312,0.0199901538162,0.0,16.1725470053,15.256669562799999,1.01585784647,0.662946192012,10.516685274,8.55703132576
TCGA-BH-A0HB-01A,37.3861136186,0.0,0.0,0.0,12.6814848225,2.06584665706,13.5310584227,3.01064645686,4.82600387354,0.25792142543200003
TCGA-A8-A07I-01A,30.8958984351,0.0,0.0,0.0,37.088023941799996,0.477726735799,24.146590907199997,40.916933007,84.0936226111,0.0184613283898
TCGA-BH-A1FB-11A,86.911235347,21.8627233988,0.0199112400373,0.521312466432,46.888417564899996,19.564837965,40.4016296954,34.5572241637,121.24851612,0.204730436058
TCGA-B6-A0WZ-01A,439.375446576,0.0,0.0,0.0206933790239,71.4632579604,15.3073810025,74.25945693850001,10.3797989184,0.0,1.28573388175
TCGA-BH-A0DT-01A,24.0548806677,0.625600555446,0.0621626686219,0.0,54.3716141546,0.580343992662,47.723115721999996,49.30516829020001,7.539397653380001,0.5718854854259999
TCGA-GI-A2C9-11A,22.940858281599997,0.525884389277,0.0,0.053327063397900006,22.380958299899998,8.12905062392,17.7438507465,13.9148084093,5.69779870475,0.410035358262
TCGA-A2-A0YG-01A,2.75657337402,0.0,0.0,0.133482540738,12.650037706800001,2.57024347156,22.936911196300002,7.10127116725,5.94713626357,0.595948753307
TCGA-A8-A08I-01A,57.33783768560001,0.023169611543099995,47.1194445117,0.0,41.373797104699996,0.915488720202,57.6180516592,36.7183578421,7.335162875089999,0.00903274575511
TCGA-B6-A2IU-01A,25.287203399299997,0.0416096152031,0.0,0.0,69.3583432042,12.5231364728,35.1443504552,41.7518444333,6.42124756068,0.762417034777
TCGA-E2-A14X-01A,41.2850964511,5.55243129479,0.0,0.040497200909,0.228445748717,353.827386721,0.269497790725,0.102592908969,1.7541792725299998,0.0150670493813
TCGA-AR-A1AU-01A,22.6247123821,0.0195537897084,0.0,0.0819575109309,27.5545354699,0.887689508988,62.9942554465,22.5792942615,9.40770309411,0.975757602324
TCGA-A2-A0EV-01A,5789.38316778,0.0,0.0,0.0197219023402,37.3583399304,1275.48772537,22.8856487037,18.5859207654,0.939702662801,0.242139671456
TCGA-BH-A0BR-01A,337.878341171,5.50389273622,0.0,0.0,11.5531040553,32.4623780956,9.29264597552,4.48663782964,1.6228074254299998,11.6831367126
TCGA-AR-A1AO-01A,29.8020062246,0.13182535963199998,0.0,0.0517997974153,3.33112543379,1.5792475665,2.45608352879,2.49329691559,57.17856670760001,75.4827785211
TCGA-E2-A14U-01A,757.433731819,4.75179416736,0.0780950762446,99.090819167,186.808762211,7.50352282156,103.326080102,47.913459141800004,1.23009861028,0.0986122665767
TCGA-AN-A0XP-01A,13285.181255,0.0183777397839,0.0,0.0,83.14506139550001,68.7834002166,48.1044744799,104.496496693,2.2521777273,0.0501523366066
TCGA-D8-A147-01A,0.448225092076,0.0755700892858,0.0,33.693593229899996,0.0,0.158827730841,0.0,0.0,10.4615629303,0.0220959273079
TCGA-S3-A6ZG-01A,3.97760310013,0.0186282781882,0.174456276321,0.0,43.6037462237,0.720388769549,62.886620463999996,36.1971153913,120.69676472299999,0.384901513004
TCGA-E9-A1ND-11A,94.5136169861,0.433088636585,0.0164207775991,10.7481453376,4.6887635729,3.18102925435,1.01328452098,0.5445726971029999,1.65535051278,0.222159162889
TCGA-C8-A26Y-01A,0.116430323589,0.0159493593957,0.0,0.0,0.0188551131317,2.35989293108,0.041706384569,0.0,2.46132497534,5.11733812087
TCGA-AQ-A04L-01B,1.8659611288,2.78332101403,0.0,0.0,21.868874168,0.127342196889,135.859299169,7.991591097060001,2.10551745103,90.5493553555
TCGA-AN-A04C-01A,66.00717650909999,9.96725758646,0.0,0.0,1.6721968741100002,132.7427095,1.11824175553,1.17884576675,3.73267226087,27.9826495511
TCGA-E9-A22A-01A,1.98605854428,0.0,0.0,0.0,0.418117588269,0.3659532058560001,0.284569582464,0.0,17.2879707481,0.0159096812626
TCGA-BH-A5IZ-01A,0.293243855283,0.0,0.0,1.41911585468,0.0,2.7016708356200003,0.0,0.0,7.34520507977,0.259517735745
TCGA-D8-A1JD-01A,412.877259101,0.36766818783,0.0,0.0,5.35553690601,8.654669204500001,5.562529623810001,4.18282250051,3.06938982712,1.3207443543
TCGA-E2-A154-01A,3.92149433791,0.0,0.0,0.0,132.222709535,5.743573576259999,85.2193396416,103.33000465200001,0.0,18.1931776616
TCGA-EW-A6SC-01A,2.44606796581,0.136302835337,0.0,0.0,129.203683343,0.0,110.431336567,77.06810133270001,5.567935511880001,0.522524532082
TCGA-XX-A899-01A,1553.28801644,0.284705693781,0.0157769602576,0.0458966116585,79.9495438367,37.0071162987,81.9505236908,39.241602968,2.03776199638,0.170759089214
TCGA-A2-A3XS-01A,13.702226095799999,13.7441829525,0.0,0.148090481868,0.0208845551352,38.9411170263,0.046195389119999986,0.0,10.2635144325,1.54272452139
TCGA-AR-A2LO-01A,34.8446456219,0.0,0.0215249849406,0.0313090690046,2.57858281135,1.20572967468,5.00047888961,0.237948924435,78.99781001630002,0.337809109456
TCGA-A1-A0SK-01A,8.16817748837,0.0696609134982,0.0250916777239,0.0,0.0,33.7031800472,0.0,0.0,2.56897177111,0.135787628448
TCGA-A7-A26F-01B,0.394516258277,0.061763797773199985,0.0,0.0,0.0365081557688,3.37507739463,0.0,0.245932212952,48.1479205512,1.61328029324
TCGA-D8-A1X6-01A,23.891504708000003,0.164763832975,0.08632363498,0.0,46.3225905862,3.47547901601,38.1102099075,10.7355211502,0.0,1.93285034406
TCGA-E9-A1R6-01A,1.49068159729,0.0,0.0,0.0,87.557929609,3.29609443392,70.7517534234,33.9875404181,2.59517625227,0.0477654984444
TCGA-BH-A1FN-01A,15.624200491400002,5.14186531453,0.0370417271014,0.0,17.6888493727,1.0374527483,12.9749982835,7.57536993521,0.816837256702,0.240548679067
TCGA-AN-A046-01A,449.201050259,2.16573552968,1.01535815168,0.0360215752259,55.4732258479,0.6069047741520001,48.9016002016,38.190074054499995,0.156031279217,2.57986297335
TCGA-E9-A1NE-01A,29.771743101,0.0,0.499858987525,0.0,0.6981118429150001,2.48224988292,0.926509030926,0.8229786657279999,156.128373076,0.552524299707
TCGA-AC-A6IW-01A,1.0374035457200002,0.389787633615,0.0,0.8679302392049999,0.0192000656234,0.8192273681550001,0.042469398886400014,0.0,99.5538822317,0.493869778773
TCGA-BH-A0EB-01A,23.3592113908,0.0172268746775,0.0620507492495,0.0180511270544,35.9041545606,0.434474344073,27.793993875199998,27.986467385100003,17.2018823204,0.0940233159968
TCGA-AR-A0TQ-01A,3.11839356431,0.0,0.0,0.0,0.034237491957,0.024347391113400004,0.265059508629,0.461272391639,11.6005226473,0.107260714122
TCGA-UU-A93S-01A,697.5109122380002,95.0201548047,0.0,0.0,8.441832435439999,33.7268626199,4.31633241422,0.285765090665,26.710892412399996,3481.161847
TCGA_ID_NA,805.544502009,0.0188856001915,0.0,0.0,20.4285613732,69.0965025541,19.0623919593,25.4172708614,10.1148534746,1.16329245719
TCGA-BH-A1EO-11A,0.0406381385439,0.0,0.0,0.0,0.236918702442,0.0,0.436708354501,0.265995088651,1.61710312962,0.00868104428173
TCGA-AR-A0U2-01A,75.0636745012,0.0,0.0,0.0,21.1531627417,4.14019271117,51.0821508258,27.4532414866,73.598500013,13.226178604200001
TCGA-C8-A1HE-01A,22786.590013900004,0.0,0.0425677122453,0.0,82.06181737060001,410.025276965,77.9525360196,80.3492657175,3.4865823584199997,0.120940042267
TCGA-BH-A1FU-11A,139.338117173,0.240471348805,0.0,0.220480010597,64.6741364417,2.27432355323,81.3528929504,94.55442740149999,9.6185424608,1.21873062759
TCGA-D8-A1XD-01A,0.394330366364,0.0,0.0345903830144,0.0,59.914091112399994,0.0403665122317,87.6394334637,55.2540489111,14.5473171425,0.168472252652
TCGA-E9-A1NF-11A,0.15886949181399998,0.0217629440841,0.0,0.0,0.4373734997300001,0.0,0.455267797436,0.17331217288800002,0.296336875922,0.008484352032769999
TCGA-AN-A0XT-01A,779.805623055,0.0,0.0,0.0,7.9520205065999985,40.7719141873,6.69774100926,6.481501282540001,11.679937925299999,0.0559934925846
TCGA-LL-A8F5-01A,2.25442052482,0.025210181994,0.0,0.0,0.0,0.381491506412,0.0,0.0,14.2459734126,0.0
TCGA-AO-A0J8-01A,24.762865047800002,0.0135958849468,0.0,0.0,49.8901823783,4.77771401074,51.0174421827,37.2458032127,2.80779679901,0.249118724979
TCGA-D8-A1JS-01A,11370.637723,0.0884688058007,0.0,0.0,86.1375274072,242.64076168,43.167918048599994,7.608960708360001,0.281083273145,2.1107783006400003
TCGA-E9-A1R5-01A,24.0768851612,0.0,0.0,0.0,0.0,2.7201889129500003,0.0,0.0,0.340659308072,12.185169347999999
TCGA-A8-A07Z-01A,0.197242542938,0.0,12.9245771557,0.0,42.2594144627,1.6354851928799998,32.9954391231,14.6318104579,0.183956775797,0.0316009414587
TCGA-AO-A0JG-01A,17.9549821907,0.118534294047,0.0,0.017743684481400002,41.6985684638,2.5055036083,68.412232089,36.679744559899994,47.4602188592,0.0792187996071
TCGA-Z7-A8R5-01A,669.634450104,1.5830079889300002,0.0,0.478485576339,77.8434688399,131.955974665,20.7768435452,0.969730768047,9.18857586562,0.0237361781231
TCGA-BH-A42V-01A,629.150584791,0.0163306511824,0.011764515161,0.222456286681,87.6293486209,26.0027849572,63.1583790882,16.2564209498,27.4624014843,0.203729779237
TCGA-C8-A275-01A,0.986874065143,0.0772504160581,0.022260317258900004,0.0,5.0228408173800005,1.6106044518,7.635753960750001,3.44508764559,78.0499778774,0.283093380502
TCGA-E9-A244-01A,0.660575764178,0.0,0.0118524359601,0.0,0.0583504539575,0.193642869276,0.17209029405999998,0.131023292068,21.2454607527,0.0
TCGA-S3-A6ZH-01A,208.263020769,0.0,0.0127357222534,0.0,36.8669769108,8.649926552210001,24.038960881399998,8.16568199171,6.57981521934,1.3508594121000002
TCGA-BH-A1EO-01A,54.6909262622,0.0,0.0,0.0,5.54670171882,9.0594868839,5.303362546640001,4.82123867876,0.343482030223,0.0472039389999
TCGA-OK-A5Q2-01A,6040.77507826,3.06299845321,0.0,0.0465152667119,63.1844299828,992.2842040689999,59.897222964499996,17.14552731,19.795981668,0.34612161078000003
TCGA-AR-A251-01A,16.4438504839,0.56112228704,0.0,0.0,0.114810757579,1.0523217614,0.112868685062,0.0,8.71808250035,0.0
TCGA-EW-A6SB-01A,0.300343471833,0.0,0.0,0.103467607522,0.07782179027260001,0.22136639766600005,0.0,0.0,625.5858843369999,0.0
TCGA-E9-A1NG-01A,701.5374661889999,0.0,0.0,0.0,11.0976933405,35.456861833400005,16.6922558818,9.21019765716,4.73803654458,0.849055032289
TCGA-AR-A254-01A,211.340210118,0.0425954591193,0.0,0.0,2.0645863829,8.92853147697,2.82172665306,1.58300215345,14.1134425894,0.10517116475
TCGA-MS-A51U-01A,105.630335823,0.0,0.0202212343323,0.0,82.9257265171,4.29481939784,174.83894895,98.3560837922,34.5265527302,0.207917845133
TCGA-AN-A0FL-01A,182.583186672,0.0,0.0312271709395,0.794873442096,0.0,37.279847772800004,0.113349969739,0.0,0.0,0.0929449573847
TCGA-A8-A093-01A,0.06318425004480001,0.0,0.049882302666999986,0.0,68.7608356763,0.0291059885043,52.6447399179,44.3898076678,0.3928554406930001,0.0202459546205
TCGA-AC-A2FM-01A,41.1210576211,0.0376790741935,0.0,0.0,9.10918314328,0.253411662138,14.040235318099999,3.15065567665,0.213775058248,0.0367232632326
TCGA-AR-A24L-01A,118.70104006,0.0,11.4105504477,0.0,5.90977886581,12.1054173307,7.70826340271,4.11085853023,5.7957836382000005,0.879116913334
TCGA-BH-A1FR-11B,687.07934702,18.1197379749,111.925234266,0.485374569058,21.9040831165,8.52137337589,22.3727420327,12.3684860774,75.8737644699,0.106226115797
TCGA-E2-A15S-01A,0.699641258441,0.0,0.0662818034313,0.128546527867,0.471337268844,0.0,0.320790738199,0.122119201473,4.593706749719999,0.00597824306278
TCGA-E9-A1N8-01A,1.58800660886,0.0,0.0,0.0,0.0,1.07576376348,0.0,0.0,0.8712014312540001,0.109749926631
TCGA-A2-A0CY-01A,0.809205665388,0.0700105838836,0.016811752051,0.220081117759,0.0,1.37333621361,0.0,0.0,0.317768246021,0.163763074718
TCGA-BH-A0AZ-11A,173.33343949099998,0.979323796262,0.0123771878683,0.5761018353230001,57.56217504600001,2.05104969634,55.5301979507,82.9154566489,11.2684996617,0.301415095751
TCGA-EW-A1J6-01A,6.72469336632,0.17094263606,0.0,0.0,0.269448041724,0.894195132708,0.198667660615,0.151258332513,0.215523530783,1.4809449556299998
TCGA-E2-A2P6-01A,2818.71297211,0.270757139685,0.0,0.0,75.7001884712,69.42504086470001,52.613971910299995,9.97247774031,1.92020121733,0.356249881388
TCGA-A2-A0YH-01A,12.8616458004,0.810942576267,0.0278189887535,0.0,0.0,4.09051264958,0.0,0.0,148.632388575,10.1543889736
TCGA-A7-A26E-01A,2707.37146298,0.0,0.0,0.0,191.890945374,20.112378898499998,412.47202700800005,463.461308355,0.641761254186,0.0440978805725
TCGA-AN-A0FJ-01A,0.0606448309568,0.0,0.0,0.0348199986355,0.0,0.0,0.0,0.26463198962900003,4.29855589372,0.297961252231
TCGA-A7-A0CH-11A,504.232133715,12.4328460423,0.0528410433797,0.07685969946139999,21.9168389156,17.6669616668,12.3234777229,2.92066857953,38.3281002322,1.02229899324
TCGA-B6-A40B-01A,173.566809093,0.0498802976607,0.0479113385425,0.0,135.66525481899998,13.7263685916,81.4773072308,12.5789041555,3.54692852381,1.51678726238
TCGA-D8-A1X9-01A,3.60998920282,0.0818514320903,0.0,0.0,0.0,0.206435281702,0.0,0.0,2.91017889639,0.0106366792035
TCGA-A2-A0SY-01A,5019.6130905,0.0,0.0,0.0916602901035,87.3207629331,45.1531607978,55.5381463088,62.4169911489,10.5611651151,0.027281887859900003
TCGA-S3-AA17-01A,1470.89209472,0.0,0.0,0.0,77.5781099062,373.974213131,40.2660382633,29.0435658765,200.100520158,16.5691207023
TCGA-GM-A3XG-01A,592.934034191,3.95475425108,4.22576596112,1.1301755297799998,174.79641473,12.980749270999999,83.8691452843,5.575532613559999,0.515313194924,0.191799555862
TCGA-E9-A1RH-11A,89.6482949634,0.212497563394,0.0,0.018555409243700003,3.3076206426300003,1.01232044596,2.26896652018,2.9614433153,23.790918911,0.020710710451
TCGA-BH-A1FR-01A,3.26578389935,0.0275303173813,3548.9815728,0.0,42.3748428473,0.13886693681,68.0302905509,24.5550408992,8.93437253295,0.0214655612158
TCGA-E9-A1ND-01A,0.0,0.0,0.0,0.0,0.0,0.723071510641,0.0,0.0,2.52601208624,4.03357640595
TCGA-AC-A2B8-01A,800.31600795,0.0,0.0,0.0,22.5705898675,46.970817002299995,20.0995937138,21.1720304914,2.2508319886700003,0.139626599901
TCGA-EW-A1PD-01A,3.36549747346,0.0,0.0797091506872,0.0,14.6283323381,0.775162565864,48.5596077245,12.042361868699999,0.0837014915679,0.330708429969
TCGA-D8-A1XV-01A,3701.95335455,39853.499865199985,12929.0434073,0.0,10.8558134865,16.126955611,7.73174500745,9.38038390963,0.109108832617,3.19571855853
TCGA-EW-A2FS-01A,68.709503106,0.0,0.0133540976261,0.058272426005,0.0219144166173,2.30643977119,0.0,0.0,9.38135737069,0.7949461942470001
TCGA-AC-A2QI-01A,1.5562975576499998,0.132652455447,0.0136517329619,0.0,55.850289680299994,0.0318627778918,29.5340368354,26.409897948,2.75241571509,0.007387853707890002
TCGA-BH-A0HA-01A,0.325968409606,0.0,9.55387674207,0.0467897238669,103.04296932,12.3505113352,104.91317589200001,9.423450386789998,16.061966711700002,0.382980240926
TCGA-B6-A1KN-01A,267.31139283,0.0152941418055,0.0,0.0320518378507,31.2069842786,7.58601175695,37.6734431783,15.833607898199999,3.29735357785,1.60986667549
TCGA-E2-A14T-01A,5.19092030341,0.206111586397,0.00989878013617,0.0,32.6507455568,22.6414171068,27.163907415100002,20.5721848124,3.92914895685,5.3033144099400005
TCGA-A8-A091-01A,1.08898058154,0.0,0.00895543241396,0.0,93.9815225227,0.020901738609200003,177.032484987,142.458459712,0.930993761418,0.0969275105953
TCGA-BH-A0HP-01A,2934.32886394,9.016977013029999,0.0122793625376,0.0893044548192,43.908481591000005,102.25781744700001,54.33357673729999,42.8947157387,19.7671014927,0.398710409767
TCGA-E2-A10A-01A,81.62249211449999,0.0,0.0666792317509,0.0,61.9111537635,15.251498443900001,88.3914227148,30.2214525288,1.51240935188,0.627870875424
TCGA-AQ-A7U7-01A,218.898629508,0.0220932868899,0.015915887595,0.0,16.8202364901,19.7251918552,18.6026794615,8.97308804629,6.81892701272,0.017226274424099998
TCGA-EW-A1OZ-01A,137.782919236,0.0,0.0,0.0,19.3185495181,0.926160486074,16.2370887496,7.443983014239999,2.6137967745200004,0.22125132298
TCGA-BH-A0DP-01A,273.729807806,0.0,0.0165215963186,0.33643977957800003,67.130211257,29.4220138908,60.150841512700005,60.818699582600004,14.0527733246,0.464928161288
TCGA-BH-A1EX-01A,315.319209268,0.0128459218524,0.0,0.0,91.1480044684,25.6810935667,103.259124377,50.536323691599996,6.32618387761,33.3834809076
TCGA-B6-A0WT-01A,32.905098607199996,0.0709850040065,0.0,0.0,52.4484341343,9.01114432818,55.5933361825,52.007485844499996,7.813131814039999,0.22138981222800005
TCGA-BH-A18R-11A,43.071084695299994,4.3966846012000005,0.02427086932,0.035303082647300005,35.2885993313,7.222563492080001,31.011070856,30.7207425196,82.8056668182,0.16418211556
TCGA-A2-A0CS-01A,50.519973145,6.0348611961500005,1018.71893634,0.0,34.4585242644,3.49185049512,24.2141284255,12.4526484395,0.0,0.0571508398007
TCGA-BH-A0HN-01A,52.3418854179,0.0,0.231067331516,0.0,315.325935206,0.359536628436,307.048707815,62.5814358229,0.242640652092,0.104204819434
TCGA-AC-A62V-01A,0.379153037632,0.0,0.0149665672749,0.0,0.638573537064,0.06986313169410001,0.054326405392,0.0,0.141445692795,0.396870469297
TCGA-LL-A9Q3-01A,94.8057776768,0.0,0.0,0.0,1.06302805774,54.2558794202,0.403089359891,0.0,10.5532484184,2.36376240862
TCGA-D8-A1XL-01A,9.6622760676,8.19329764906,1.20048986517,0.0,0.28729671987,1.80956757668,0.0907833131871,0.0,124.170875726,0.0135346728606
TCGA-BH-A18G-01A,7.64058190132,0.0,0.0,189.09211107,0.0,0.19418779867,0.0,0.0,0.0655258051212,0.0112563243332
TCGA-E9-A5UP-01A,13.5740074371,0.0,0.13353671851600002,0.0,36.185026699299996,8.33720226464,26.7200994494,14.761877246800001,0.0,27.6505990642
TCGA-GM-A3NW-01A,2660.11164447,2.38840570108,0.14581312682199998,0.0,177.835184992,743.505667588,149.786208081,53.837387800100004,0.0,0.520800102637
TCGA-D8-A1J8-01A,458.724067365,0.0,0.0,0.0,26.404456150799998,67.4744746412,33.5450735894,12.9823273895,2.9043800561400004,98.6510875031
TCGA-D8-A1Y1-01A,31.2905587664,0.0,0.0200674839239,0.0,7.7223794546,0.562043618843,7.10209222094,1.88561376216,0.284479979356,0.282355839669
TCGA-A2-A0CQ-01A,7.895207856110001,0.017514742068900004,0.214497976061,0.0550583040156,201.197160387,0.883469139291,244.479030482,70.15896153029999,0.278239374006,0.368721566011
TCGA-A2-A0CW-01A,0.892771615336,0.0,0.0,0.0,6.824100444349999,0.904766627443,8.48532783054,2.85686916908,5.624923752590001,0.00635707425251
TCGA-A8-A06X-01A,0.204212533721,0.0,0.0,0.0,0.0330708556633,0.23517758202,0.0,0.0,21.0137871487,0.316270412705
TCGA-D8-A1JK-01A,9.029508815369999,0.627510134847,0.0,0.0,3.99448992721,3.2058328194300003,2.39822702282,0.384404809878,230.866956088,1495.31418146
TCGA-BH-A0H9-01A,1.92762879606,0.0,0.0,0.0,17.325246669000002,0.739972666434,16.686935846500006,8.41147111008,1.19852567631,0.111522805291
TCGA-AR-A1AT-01A,2138.90382799,0.0,0.0,0.0,7.40756581223,69.9576204877,4.73042443531,3.96695013581,90.9142321825,0.8483417595370001
TCGA-A8-A06O-01A,133.81297993,0.151318419412,0.0363363309772,0.0,5.62498826204,2.45943258268,2.59394400958,3.21345297951,3.0143465449,0.255631829144
TCGA-A7-A6VY-01A,2.78537832794,0.0186126182956,0.0,0.11701904517000003,0.0,1.31438666474,0.0,0.0,157.977732033,0.253966567398
TCGA-E2-A107-01A,767.3987255039999,0.421143310174,1.35146198011,0.0,15.909203927,88.7059643558,14.116129470699999,7.01255819288,0.347547376083,0.447774656769
TCGA-BH-A1EU-01A,85.5206077311,0.0227921240155,0.08209663091130001,0.0835892969278,84.2825063353,15.539678903199999,155.257227346,96.29009352959999,2.94833247758,3.4387198695
TCGA-AC-A8OP-01A,3.38521955342,0.0276852958775,0.0,0.0,11.2588364385,0.46549556984,12.6691219642,3.96856132178,8.54485857424,1.85643030728
TCGA-E9-A1NH-01A,1.3757480871,0.0235573302585,0.050911730196900006,0.0,100.006303254,0.19804435035,110.757987788,111.247993043,7.59156327855,0.0091838991128
TCGA-E2-A1BC-01A,39.3072960529,0.043688122540600005,4.8153221117400005,0.0,262.73081771,1.02838989412,250.53090803799998,195.528972584,1.38805993481,0.153287564802
TCGA-AC-A2FE-01A,3139.85727009,0.0,0.0,0.0,32.2467050205,372.414002854,30.621677152199997,14.724777769300001,3.79654398445,1.10528668614
TCGA-E2-A1LH-01A,3.64530660252,0.0,0.0,1.28517482839,0.41426880915,14.4943194136,0.183267574675,0.0,62.0308513764,0.0136614680721
TCGA-E2-A1IG-11A,185.258551983,2.4460610923700004,0.0187460589036,0.272669947688,5.59882292586,30.845722412399997,5.647767859759999,3.93735404462,3.01180204395,0.0405789187837
TCGA-D8-A1X7-01A,894.9613488389999,9.00569654151,0.325505251406,0.0,10.8858626253,36.9905296593,14.9932778118,10.7949377921,0.7425497677249999,1.5185549533899998
TCGA-E9-A1N9-11A,44.792906935699996,0.593329377798,0.0284954240653,0.227963392522,13.3504715005,4.09021457447,9.46422347224,15.592696048499999,21.095472489400002,0.06939339585460001
TCGA-BH-A18V-06A,0.776156820827,0.0,0.0,0.0,0.0,7.07415758823,0.039718046268300014,0.0,111.82173471899999,0.0296073553625
TCGA-A2-A0ET-01A,0.37772914362,0.0,0.8716826391240001,0.0,52.757385964099996,0.13384762212999998,74.8137887764,27.7670542499,1.84272806613,0.0372414478664
TCGA-BH-A0H5-11A,366.204556736,4.87961943393,0.0660141250328,0.504107863887,76.1836856276,6.933383727060001,62.3015694638,49.2585398427,8.21448304035,7.51109713502
TCGA-BH-A0HK-01A,0.609885414519,0.0,0.0,0.0,21.3900818603,3.01012817695,11.859605502,27.753746655500002,12.0261639103,0.0
TCGA-D8-A1JF-01A,0.0266293736136,0.0145914375965,0.0,0.0,0.0,0.0736013397383,0.0763110408033,0.0,25.6304271631,0.250294780027
TCGA-BH-A0H9-11A,0.152715286343,0.0,0.0,0.0,0.8243740153479999,0.0,0.437631865342,0.0,0.253206692383,0.0
TCGA-AO-A0J9-01A,2.1845595304400005,0.0478807568316,0.0114976817392,18.3461190805,69.09458138069999,1.39543457146,60.8077036104,12.7101645408,0.108662028457,0.037332926555
TCGA-BH-A0BW-11A,15.439738513900002,0.0232421172873,0.033486997933700004,14.4907372877,7.528564048260001,2.1493382167,7.35394466861,4.62729425992,62.3461968575,0.0996711358168
TCGA-A2-A04Q-01A,13.9200821023,0.0394183061904,0.0,62.493480867399995,4.520178560880002,0.530217830677,1.95844265144,0.941739169713,1546.31050604,0.776051192369
TCGA-GM-A2DL-01A,3.61463160738,0.141472861346,0.0,0.0,64.7525677575,2.81479401288,55.9227440153,14.270753359,0.107020921018,2.46352920282
TCGA-E2-A15K-01A,0.123887603299,0.0,0.0,0.0237105460859,67.9459136042,0.0,63.0162614989,42.1668351592,139.575753686,0.238181774033
TCGA-LL-A440-01A,926.2070678110001,13.526775844000001,0.0,0.0173488249684,19.9449209304,7.29356589345,18.703172641800002,15.822128371199998,1.4653914229799998,1.0779279712899998
TCGA-BH-A208-11A,107.484673194,2.06445497142,0.0725474388225,2.51497787918,20.357927447999998,4.09199117504,22.6908176415,18.0445266017,113.20507842299999,2.6696940905
TCGA-B6-A0IB-01A,12379.3767059,0.0,0.0129431853095,0.0,8.53851978569,50.8418256142,3.3826918215400004,3.43394472792,0.8970365113959999,1.2467853021200002
TCGA-B6-A0IN-01A,84.0231710029,0.0,0.0133415290368,0.0194058604171,64.4115338275,0.778469256655,31.3327601574,9.291525967710001,28.285700608200003,5.91316516859
TCGA-AO-A12H-01A,0.148159516263,0.0,897.4606740260001,0.0,0.0,4.69560447704,0.0,0.0,1.2159827656,0.0
TCGA-C8-A12T-01A,0.837738757755,0.0,0.0300623956132,0.0,3.4533213422300006,0.0,1.58226913269,1.16314141573,7.765755418089999,0.0
TCGA-GM-A3NY-01A,23.559685671799997,0.0,0.0,0.0180843479301,227.777462893,7.05143783744,92.56141491790001,15.255955913800001,14.491840678099999,0.141294531491
TCGA-E2-A1L6-01A,772.6095869239999,0.29367955687,0.124450121816,0.0181018359005,185.78424749299998,26.664525447600003,168.949027463,186.687854009,2.70514586033,2.8892366865599994
TCGA-EW-A1OV-01A,0.0,0.0558678396276,0.020123448813200003,0.0,0.0,0.0939351775697,0.0,0.0,163.493324816,0.0762308839779
TCGA-OL-A66O-01A,7.89688734655,0.0,0.389649046705,0.0,0.044098212182300006,6.805048199880002,0.0975426126182,0.0,12.8252110023,0.6471368480659999
TCGA-LL-A5YN-01A,1013.12791989,0.0520255457795,0.0187394646805,0.0272574031716,7.657233567889999,10.0158662049,1.08834335768,0.414312528208,25.443726635100003,1.6023034580000002
TCGA-AO-A12D-01A,998.474550255,509.086920416,0.0,0.0,15.1008874769,407.183318868,16.2805987068,9.69681415763,165.956864846,75.1637242545
TCGA-A2-A04Y-01A,0.621051756615,0.0,0.0,0.08914618516010002,124.679702178,0.7629042691619999,125.396838261,31.9559358404,6.918452211,1.75232226833
TCGA-WT-AB44-01A,133.61784557,18.9943459633,0.0,0.5550683841049999,283.772103417,29.6464656987,92.1148410327,6.02645674172,3.52063729341,1.7258677851800002
TCGA-E9-A1RC-11A,0.107740276979,0.0442768261556,0.0,0.0,0.5408823621600001,0.0744462566456,0.308748256417,0.470139390453,0.4689214127570001,0.0115076397307
TCGA-BH-A0B5-11A,0.0649192553259,0.0,0.0,0.0,0.883112137226,0.0,0.6046211242289999,0.14164201162,2.38149392594,0.0
TCGA-BH-A0AZ-01A,8883.84609342,0.0,35.437654366,0.0,11.459856992899999,106.760035745,5.731483429580001,5.21849686208,16.0508171307,0.590217176519
TCGA-B6-A0RL-01A,3.43361675938,0.0180907100073,0.013032452275,0.0,126.073938315,0.456260901143,94.61171323209999,27.084753178899998,0.0,1.67149465333
TCGA-C8-A12V-01A,2.067018483,0.0,0.0,5.449614201830001,0.73779392271,0.5441013829670001,0.4230997321280001,0.0,36.457511151999995,0.0
TCGA-5T-A9QA-01A,663.900552178,0.0,0.0,0.0,0.15570493767100002,33.5502300583,0.0861025065779,0.0,0.0,0.847230271668
TCGA-A7-A13G-01B,22.469136891599998,0.194910646401,0.0,0.0,571.097663298,3.8780110568,105.842881047,4168.16771711,1.32700823508,0.0633221058623
TCGA-AR-A2LM-01A,36.9640585274,0.0645040721184,0.0,0.219668771915,110.05622108799999,9.1645305688,89.5655408068,145.50183547700001,1.0979060979700002,0.320625714949
TCGA-AR-A0TZ-01A,0.649370692265,0.0,0.108447534639,0.0,58.29168743020001,0.184082641244,250.897153073,72.47521852130002,0.0310579844846,0.02667641747
TCGA-AO-A03R-01A,47.3912124458,0.029745461216000007,0.0214284737049,0.0311686890254,19.5867238624,0.8002157090270001,11.978452835499999,7.10646109778,41.5832300506,0.6262035146239999
TCGA-A7-A6VX-01A,565.693984292,4.5012189434400005,0.0632713060727,0.0,17.1838377929,30.8268490086,10.3923592398,4.54633093817,0.597963016978,5.666766268150001
TCGA-A7-A0DC-11A,100.835414037,1.01507323308,0.7644922061949999,0.555994331778,19.9637295852,38.8280124032,14.7195259927,13.5952700953,21.989268954,0.0719508154047
TCGA-D8-A1JN-01A,5506.79611278,35.0351017655,0.0,0.0,179.445115292,504.016672959,184.10295145799998,89.45087080389999,0.12650710074000002,0.184721761249
TCGA-C8-A12K-01A,1.01588226641,0.134944925385,0.923529333102,2.8457076101300003,0.059823762468099985,1.07774632347,0.0441088636705,0.0,273.785773693,0.006576087819149999
TCGA-BH-A0GY-01A,4.878933754469999,0.0954781556648,0.0171954902061,0.0,2.68073283213,3.973247395330001,1.62284363688,1.14052996858,4.9294926534800005,39.6884464292
TCGA-EW-A1P3-01A,42.2305010917,0.423809534766,0.0,0.118423334116,109.957583975,12.2089684173,75.7290708987,41.8508062767,2.94953868962,1.58614537764
TCGA-E2-A1LB-01A,0.0,0.0,0.0,0.509820476579,52.7075938863,0.446215234779,33.6572825672,23.071693931,7.87976415355,0.767339942942
TCGA-EW-A3E8-01B,29.666533506700002,0.0,0.0,0.0,407.885293655,4.13702286507,233.339615624,66.2292229539,8.5992200144,0.127897280089
TCGA-LL-A442-01A,1988.45589293,20.5736163754,0.0,0.0,31.536531136599997,2217.58210955,40.6695317337,33.319657682,0.0327422042614,126.47490215299999
TCGA-E2-A1IK-01A,41.3143148893,0.206874497818,12065.2120675,0.0,21.871025566900002,2.38515461592,17.6198847336,4.70706649582,0.737765603619,0.0230430491562
TCGA-E2-A15K-06A,2.51933841201,0.0,0.0146246424846,0.0,75.3821572005,0.102400567723,78.83162511329998,53.1890270087,10.8267819596,0.06331487409440001
TCGA-A2-A3Y0-01A,0.06204776917769999,0.0,0.0,0.0,0.0,0.571649312961,0.0,0.0,6.90562736755,1.27906215768
TCGA-A2-A0CU-01A,0.20543393127300005,0.0,0.0,0.0393174988082,11.244804659100001,0.7886139396259999,11.5288295759,12.400739124100001,1.23473243666,0.519298945095
TCGA-E9-A1R7-11A,51.6223431171,0.129076602247,0.0398511878177,0.0,3.88021138136,1.27115855396,3.85743636906,3.5242941371900005,0.627707828839,0.0862644314844
TCGA-AQ-A54O-01A,9.156470175,0.240347014683,5.1510555507,0.0,501.569189309,0.454629525854,272.214517742,4.78509056505,13.772631134100001,0.12883755193
TCGA-A8-A07P-01A,90.04895025969999,0.0,0.230068856054,0.0185914227115,12.3961886202,4.53445156774,7.60883110278,6.9234458177499985,1.00663402764,7.51874532418
TCGA-AO-A0JC-01A,0.376365113905,0.0,0.0330144836758,0.264115869407,21.7252233092,0.847604095294,12.9424660065,6.2043218777,83.8273663025,0.0
TCGA-D8-A73X-01A,2012.05405291,2.48582985682,0.0573049198572,0.0208381526754,360.78002056599996,37.0147985983,309.984378178,149.342872594,10.0642878937,1.31023478531
TCGA-B6-A0I6-01A,0.223062087266,0.977806409931,0.0,0.0,0.0288987319534,1.43855779887,0.0639222697836,0.0,0.332859487733,0.0
TCGA-BH-A18M-11A,48.720376431000005,0.0240505375446,0.017325880665400004,0.17640896677499998,34.772598242,3.80118515081,37.8599972395,29.687108980100003,10.9162025332,1.3782980955500002
TCGA-LL-A6FP-01A,4550.20030744,0.0,0.0130287590966,0.0,38.2070030863,19.187936160899998,20.761385958199998,0.864162057901,0.164175865922,1.05760821505
TCGA-A2-A0T1-01A,2187.61875191,1.8136473598400005,0.0,0.0188160865889,19.211706871,68.80851454319999,12.678110641300002,11.583182904100001,307.473378471,340.01698452200003
TCGA-E9-A1R0-01A,2.87036128089,0.0,0.0,0.0164805432396,40.5708716755,2.69736829775,15.916367508599999,15.531263949000001,14.5272999957,0.637687739841
TCGA-B6-A0RM-01A,568.314944182,0.0,0.166884765771,0.0,192.935905618,43.1700886094,170.37191013,93.7791241351,0.219054269406,0.857967429545
TCGA-EW-A1P7-01A,45.368144328,0.0655340698577,0.0,0.114449452144,1.0329796706299998,9.953631508600001,0.685466808303,0.5218895017759999,83.137268042,0.0170324418322
TCGA-AR-A5QN-01A,100.07287431600001,0.0,0.0,0.0183865950896,46.81887141439999,62.7239104995,55.703369859300004,14.2532885135,24.450551310599998,0.6840762570059999
TCGA-A8-A08A-01A,0.143475541297,1.49371796419,0.0424763115682,0.0,83.9477134746,0.231323329538,43.0683595009,50.242525916000005,5.218644040959999,0.0459734711766
TCGA-LL-A441-01A,66.4341844652,0.0354971163897,0.0,5.3189626506,14.897291841900001,68.18921112529999,9.32864218721,9.894014440980001,10.5128480607,0.0138386621973
TCGA-BH-A0HU-01A,616.289274056,141.973092899,0.5892267443829999,0.0,19.2527740341,30.6219970404,29.6580979111,4.197675134130002,2.26870953738,0.977866404801
TCGA-E2-A1B5-01A,4.91796524184,0.0,0.0,0.200105581931,18.9136831514,2.96116999765,20.4186010182,1.18284632874,101.942792219,10.2905900963
TCGA-EW-A1J5-01A,144.335215423,0.0,0.0,0.0,14.9728679124,92.7017673905,11.658513716099998,15.830465931800001,19.0762387395,0.08856767766550001
TCGA-GM-A2DF-01A,2.66729387652,0.0,0.0,0.0494019548051,0.111471077509,15.8541398146,0.0,0.0,407.38310953800004,0.0183800775332
TCGA-A2-A04W-01A,242.84929185599998,0.0735996156673,0.0,0.0,2.9292845685000004,179.518644906,2.501947532,0.976867626129,8.07307701387,3.81617446469
TCGA-AC-A3HN-01A,2360.16041629,0.0,0.0,0.092305116319,49.709066401899996,45.9151515264,54.8615688457,33.4390668052,15.993176630599999,0.0286185570548
TCGA-A8-A07G-01A,131.109298375,95.34896775959999,1.82577399009,0.0170235337071,43.732148591000005,5.79100753547,39.8486877016,26.781423228,5.972878800569999,0.164674467582
TCGA-E9-A1RG-01A,0.124050886666,0.0,2.56263015876,0.0,0.0,3.46675798437,0.0,0.0,2.36532260586,0.264995218512
TCGA-E9-A54Y-01A,0.195000277134,0.0,0.461842761634,0.0,0.0,0.0449136914705,0.0,0.0,0.666840325952,0.177036299668
TCGA-BH-A0AU-11A,1138.03031186,0.27440187154,0.0,0.886554372043,51.0380074805,53.0196030754,46.460741956999996,54.448815000799996,13.4926101602,0.543796855347
TCGA-B6-A409-01A,18.4774881633,0.0,0.0,0.0,2.06565624498,3.65179507258,0.298913626522,0.260093675026,3.446578103,0.0190990015039
TCGA-BH-A0DV-11A,159.530784623,0.198217978595,0.947640796592,2.13366694924,29.333926281,22.178277935900002,28.8377305131,36.019319224499995,12.8000450106,0.231827702603
TCGA-D8-A27M-01A,3.48237353617,0.048104618894999986,0.0,0.134416734137,0.0379124121925,6.20097160266,0.0,0.0,67.5398819154,0.118773665167
TCGA-C8-A12X-01A,905.133898422,0.0,0.0,0.0,16.8075057768,37.5068503788,12.6716651289,14.0330836965,1.0906541733,0.2185838582
TCGA-EW-A1IX-01A,9.2018446437,0.0,2.8749921031700003,0.0,93.27704210440001,0.981973802009,91.27500229530001,129.607448881,9.14533062394,0.00758950231192
TCGA-AC-A2FG-01A,2704.69321035,1.79483583844,0.0105121161911,0.122322806588,94.8785871608,23.013826918499998,65.9360093205,50.433693156000004,19.9357653876,0.164975195978
TCGA-BH-A1F6-01A,0.0965342199407,0.132238657453,0.0,0.08313951956610001,0.125064576441,0.0444687385523,0.0,0.0,3.84136170541,0.8351692192460001
TCGA-E9-A1RC-01A,19.2896851969,0.14533324463400002,0.0380717470992,0.0,25.5061181592,13.5064820726,32.1302816116,26.4093326423,0.0299839666274,2.73506617879
TCGA-A2-A1FW-01A,1.78003743462,0.0,0.0113330057383,0.0164843719829,69.7415737739,0.42321489375,118.886274883,82.3097661852,74.0814509813,0.122660747465
TCGA-AO-A0J2-01A,0.0539311416589,0.29551310498000005,0.0106443042748,0.0,12.087562762100001,0.472026882849,5.56376195741,1.4120153452500002,3.55442550208,0.0172810066731
TCGA-E9-A2JT-01A,86.18276237280001,0.0,0.0296595566373,0.172564693162,17.2785929948,6.43788856237,17.3332219708,8.852568759219999,6.1667289572,0.064202974403
TCGA-B6-A40C-01A,1.13231331898,0.045398462505199993,0.0436064179326,0.0158568792482,82.5078151816,0.0763321557668,62.7994899067,18.3178669075,2.12925845905,0.0471966214562
TCGA-EW-A1J1-01A,0.643485173355,0.0,3.61960410012,0.0,37.167564668800004,4.0264139446,71.80142023890001,21.5275039813,86.1870037888,0.0687300585693
TCGA-E2-A1BD-01A,274.270237289,0.0,0.0,0.0,163.510219133,8.06641043722,167.59934747,56.063526035900004,1.26456129805,0.460956044493
TCGA-AN-A04A-01A,213.896920205,0.0161950797144,22.0270131569,0.0,2.27832643691,1.82441769405,3.00677366543,1.4186889829799998,7.460980920880001,0.025254810556
TCGA-A2-A0SW-01A,118.825838768,0.118252903451,0.0170377538524,0.0,13.2527513043,46.8439470834,15.151903366300001,6.02702798097,9.553854263869999,3.10722529003
TCGA-UL-AAZ6-01A,2.50272208568,0.133326138506,2.0307174818,0.0,40.372295993,2.33779542232,24.8529019055,1.6684813904499998,0.25934943893,0.133656720196
TCGA-E9-A1N3-01A,1.06089994725,0.828373931416,55.1947156767,0.0609129156317,22.3003745997,2.00369586967,21.699362503200003,29.6280421632,0.923477674292,0.07365393492269999
TCGA-E2-A1LS-11A,1.60093181033,0.015124532927,0.0,0.4595976488970001,0.268200219516,1.0172046713299998,0.276846674354,0.120446280401,0.0343240695442,0.194579438297
TCGA-B6-A0IJ-01A,0.267896862777,0.014679280152200004,0.0,0.015381638054200003,3.55749680125,2.12260700488,2.30311332775,0.818303144482,73.5231141325,0.005722763423800001
TCGA-E2-A15M-11A,73.2375390094,0.0,0.0169160648754,0.319867408554,8.27238946935,2.96112306457,6.44729302477,5.0489840181,3.73029907305,0.0183087982987
TCGA-BH-A1FE-01A,16.2459373197,0.202974541498,0.010444413672,0.0,16.6082245714,1.09696413845,20.8893261817,20.6670259773,25.2033983971,0.248695108637
TCGA-A8-A09K-01A,0.0428458812947,0.0,0.0,0.0,4.82926856374,1.18422397436,3.25372901533,3.73927691299,181.950695902,3.0386825292000004
TCGA-AO-A03V-01A,2.79486027431,0.0,0.0,0.156012933973,26.7039281271,3.03983523118,105.39821333,7.62234620268,2.31698261083,0.381437687638
TCGA-OL-A5RU-01A,0.681407439325,0.42315713127,0.0179317747191,0.0260825814096,119.32446602799999,0.0418522803424,87.8059592262,22.796176151999997,74.3969821837,4.2891975175
TCGA-GI-A2C8-01A,0.059040866203,13373.7914321,0.0349584076202,0.0,56.449760981800004,1.2510770880600002,211.70115965099998,49.46551117520001,2.93674774896,27.595495915
TCGA-A7-A3IZ-01A,163.539856362,0.0567037841374,2.31478276692,0.0,88.5748308956,12.1718318672,85.9013242824,78.2718416675,0.12868527177300002,0.515810123617
TCGA-E9-A1NI-01A,21.6971775776,0.159582072833,5.34573696939,0.0,0.0314426216378,3.30926048923,0.0,0.0,0.0,42.6059277443
TCGA-B6-A1KI-01A,24286.0921474,0.0148516644108,0.0,0.0311245407268,22.5964165677,339.959558419,14.913021734800001,24.8373835,0.438162575932,0.526887085077
TCGA-BH-A0B2-01A,39.5721478002,3.9115096402,0.0153142986843,0.0668260306224,51.4434780008,3.4313435148,19.9563140443,16.929261091,20.3589714985,0.53869255363
TCGA-A7-A0CJ-01A,3.29916858878,0.0215209953606,0.0,0.0,32.1330243118,0.253295093188,18.1208065772,6.341259105700001,2.58854086166,0.0671202205105
TCGA-A8-A08B-01A,3316.53920222,13.9738212569,0.0,0.0,19.4348931032,1197.41727467,21.2555848303,10.5463741893,27.152626776399998,126.490780775
TCGA-D8-A27G-01A,360.457198193,0.263259971383,0.0118531936129,0.0,66.3681585347,32.7830669259,60.4075544485,41.143943618499996,3.9954474802,0.532407265224
TCGA-AR-A24T-01A,36.8365181048,0.0,1.19923553244,0.7449796489399999,21.4632410678,5.48134270233,19.724739653,12.8427223383,14.442606852699999,0.371814606557
TCGA-E2-A10C-01A,272.52832081,0.0,0.0,0.0,0.0861013968887,22.6957332774,0.0,0.0,1.54268720436,565.057909422
TCGA-E2-A573-01A,0.0417665036463,0.13731453253599998,0.0,2.66186520846,0.459938825579,1.1543908877299998,0.059844542538,0.0,5.60926308038,6.11162723583
TCGA-B6-A0IQ-01A,0.440748678624,0.28678852376200004,0.0,0.0474490204261,0.0,0.532959054767,0.0,0.0,56.692155165,0.0294224752086
TCGA-E2-A15E-01A,252.378008502,52.956527154899995,0.0401786239535,0.525974713573,42.1648902864,7.12696297752,39.0128441779,38.4195307448,0.443005760482,0.217433051747
TCGA-AO-A1KQ-01A,76.9241333246,0.0,2184.88800704,0.0,167.258237022,15.589795564800001,87.3247624133,11.7237315495,31.8270377898,0.795440526276
TCGA-E2-A1IN-01A,88.54978619629999,0.405350299018,0.253077259058,0.0,72.1514779749,1.5675619625,66.3535449476,44.2244546234,1.56385405518,0.189632503039
TCGA-A8-A09T-01A,8.40542592247,0.0,0.0,0.0,31.3750455726,60.648260471,33.1496980965,14.162877882,6.72675547071,0.124444170223
TCGA-AN-A0XN-01A,116.087747498,0.023515609854599998,0.0,0.0,15.095307838499998,126.721604445,10.453566028500001,7.49079063005,0.907239538743,360.1046746140001
TCGA-GM-A4E0-01A,11.737196933699998,0.0722622560179,0.0,0.0,117.932586941,2.73376020367,64.7189393225,8.34431978127,0.819970677094,0.338060006791
TCGA-A2-A0SU-01A,307.103914022,0.0,0.0,0.0237222663981,1.28465196494,18.0808291491,0.828792256488,0.7211568985019999,0.616533099756,0.741376250797
TCGA-A2-A0YD-01A,3.849628176640001,0.0,0.0,0.0,40.4019086153,2.95060131541,61.277312323400004,46.4425730829,9.574204791649999,0.0552840657695
TCGA-A7-A0DC-01B,1.03296946548,0.0,0.0,0.0,278.581130879,0.8459378859960001,40.2909483052,1710.34701799,0.713623119501,0.41680417536
TCGA-E2-A14Q-01A,77.910035431,0.148617686242,0.0535316994853,0.311457160642,58.6597617745,3.21724486427,55.670410726899995,31.2157939253,4.7218842074500005,0.014484767818
TCGA-AQ-A0Y5-01A,1850.98567615,0.24096495958,0.0,0.0,0.020347532735,22.6886315877,0.0900150552633,0.137068379605,0.11718281158,0.7045570914300001
TCGA-LD-A9QF-01A,3.40950431745,0.0479031165079,0.0,0.025097565825900003,0.877771276578,0.684619204449,0.751578448852,0.190741500277,13.0998890475,47.3042316174
TCGA-AC-A6IX-06A,2446.84942168,55.1979135434,0.0,0.017061640719299997,26.6021602271,1110.66643984,42.4499732728,26.7117047101,53.1002460325,71.6540921972
TCGA-GM-A2DM-01A,1.85340225167,2.62015222427,1.05351285884,0.042566176114800014,18.2969070869,0.7854725857350001,16.783525584,16.822152800599998,0.0,0.015836814967499998
TCGA-A2-A0CK-01A,30.582246067,0.0,0.185722142108,0.27014129761100003,155.485942425,3.5400089940300004,97.13286512040001,12.1473536826,3.7054614605,0.0251266271476
TCGA-E2-A15O-01A,6.04205518395,0.0,0.0518482996334,0.0251385695192,2.94959215692,0.6857377159450001,1.94474975421,0.955265641731,0.8166778802369999,0.495700818095
TCGA-A8-A08P-01A,134.516477957,0.0688427700696,0.0,0.0,0.0,32.063024650500004,0.0,0.0,10.155200331,4.78621163341
TCGA-AN-A0FK-01A,2486.42390722,39.339953576199996,1036.03087154,0.0,6.656950867919999,12.8842170745,6.98288436018,1.38691675533,10.188288887799999,0.120702837827
TCGA-BH-A0DK-01A,14.448517645699999,0.0,0.0318623588188,0.0,18.797157736,1.6360495645299995,13.4160504046,11.6233884971,15.7086381675,0.137942601953
TCGA-E2-A15P-01A,4.45367506341,0.0,0.0105905399415,0.0154044217331,1.00800216059,2.59539374229,0.807283665513,0.936588841375,6.80604067372,7.02650039763
TCGA-OL-A66L-01A,4966.21090222,0.0,0.0496411714792,0.0,84.0420790308,417.75672367199996,26.4879363709,1.09752117307,13.2925167982,1.41484334579
TCGA-A7-A26G-01A,1.32608835946,0.0,0.0,0.530254060343,0.153393679521,0.0436332884932,0.0,0.103331560477,12.2498761851,0.0556436084457
TCGA-A2-A1FZ-01A,9.50118797086,0.0,0.0167431648923,0.0243536943887,54.5947382825,2.38376391372,37.8629431077,61.634329758999996,3.42844495618,0.0362433262287
TCGA-D8-A1JH-01A,29.753547584,0.0,0.0,0.0,64.2939707748,2.03566631834,75.15454936319999,65.7385631316,6.213372827940002,0.176999691565
TCGA-BH-A0HK-11A,422.40878029099997,15.9085519164,4.56746459221,3.5445955815400003,7.472474905089999,20.1506419723,3.8415253709,1.53936722398,3.99198598758,0.30143372432300003
TCGA-BH-A0BQ-01A,2.02433297904,6.5074448276100005,0.0,0.697377868379,21.5346047181,1.24335230959,9.66845601932,9.81494777719,16.8939152932,0.307508822214
TCGA-A1-A0SH-01A,4211.13901281,11.6500865734,0.0,0.101167184947,8.332025591,6.57450776954,7.700181736639999,11.404913983,2.15456400273,0.144284426061
TCGA-A7-A0CD-01A,6.95804569865,0.0,0.147544466207,0.0,5.7923571112,0.238406413431,2.51303291053,3.88939594275,3.61116404178,0.178118108121
TCGA-D8-A27H-01A,4.22719919984,0.837801065548,0.059171321386400015,0.137707802499,0.0194203311217,4.8336495934800014,0.0,0.0,0.8574629619349999,0.019212904354
TCGA-A8-A07R-01A,2.09987432336,0.0,0.0,0.0482267787184,0.0,2.99222014907,0.0,0.0,0.487431967288,1.4473900098
TCGA-A2-A0T5-01A,0.587911248829,48.776262836,0.0273023799766,0.0,21.4834727365,1.14701438182,21.505473460300003,20.9761703326,2.70930145757,2.02419140412
TCGA-E2-A1LG-01A,0.111971098414,6.0126945997800005,0.0,0.0,0.0,11.4765002981,0.0,0.0,43.2684172007,0.125575063642
TCGA-D8-A143-01A,0.235585773944,0.08605873020780001,0.0,0.0,0.0508687231188,0.0723487981401,0.0,0.171335108323,61.3743663932,9.26826097759
TCGA-BH-A0DL-01A,0.08620925452349999,0.0,0.0,0.0,0.018614683837700003,0.344175142819,0.0823491386493,0.250790558614,15.294325776600001,0.073663448458
TCGA-OL-A5RW-01A,37.6211712498,2.04151680397,0.0,0.0,0.0294323544366,21.3070473906,0.0,0.0,0.5650097056360001,0.145589950852
TCGA-C8-A138-01A,36.1139238482,0.024015110951,0.0,0.176149115253,0.0283903335939,14.8593153303,0.188393168893,0.0,75.755854141,1.88183563677
TCGA-A2-A0T2-01A,0.152638892921,0.0627283121594,0.0,0.0,0.0,3.69145883072,0.0,0.0,0.521977561285,0.25269990283300003
TCGA-AO-A0JJ-01A,46.641923722399994,0.0,0.0,0.147027735911,102.630745297,16.4471103274,88.94971117899998,87.79656230100002,204.88897233400002,251.51937287200002
TCGA-E2-A159-01A,6.72164935363,1.10888897865,0.0,0.0,29.4955489463,10.321150638999999,40.8023856768,11.5115637024,957.9951256610001,8.63063752658
TCGA-A8-A07F-01A,46.5984534387,0.0163152710189,0.0,0.0,67.121157079,3.97766933746,87.75823563450001,88.7414288432,8.18282696416,1775.32123112
TCGA-S3-AA14-01A,64.7638959546,0.0,0.0,0.0,164.022853513,1.4773855448299995,132.745758605,99.3184346908,9.777462482519999,0.011050115119100002
TCGA-E2-A15E-06A,52.5230402821,0.90450636885,1.7622862199900002,0.0,93.4904041481,7.120205954339999,94.28613661899999,54.6785312859,0.8397466099869999,0.384681431782
TCGA-E2-A1IE-01A,36.2583981015,0.0,0.0100438775904,0.0,180.991704321,4.17270099174,168.908878835,102.481152758,1.77188572124,0.168497556586
TCGA-AC-A3EH-01A,1.0481278848200002,0.0,0.0,0.019412771442900004,75.2757589685,1.33944396896,38.126219525399996,37.6219510564,1.5135926667,1.30005956686
TCGA-A2-A0CX-01A,2.53712588457,3.93565350413,0.0,0.0,0.0,5.695518733049999,0.0,0.0,3.19941146357,0.0
TCGA-A1-A0SJ-01A,4.06606718703,0.0192067415542,0.0,0.0201257244037,11.5800321954,3.26168074041,13.2089635021,7.3418642624800015,16.3020453237,0.179707402953
TCGA-BH-A42U-01A,682.220321365,0.780522458897,0.0488942844675,0.0711189592254,20.1394304022,34.7774440707,7.72033454087,0.0,24.606238662,0.284444186275
TCGA-E2-A15T-01A,1.6874725279499998,0.0,0.0,0.0,60.3937536318,18.1478663717,74.2100432956,83.1227726354,6.4970046313199985,0.797203823411
TCGA-A8-A06N-01A,8.654859259430001,0.0,0.0179810095418,0.0,64.38492360229999,2.24524483061,53.356901388900006,49.295428049899996,1.24618644368,0.608169437105
TCGA-OL-A6VQ-01A,24.1240670315,0.057223666089,0.288565395113,0.239846562172,19.1446755908,4.04102326823,16.459917804,11.3927117032,21.1680125221,0.200779431885
TCGA-A2-A0YF-01A,0.388955908585,0.0,25.1139764284,0.0159517119037,12.4177941896,4.09539536322,17.1969930073,10.3048058898,2.97115098194,0.605355753205
TCGA-B6-A400-01A,0.593765379372,0.0,0.0,0.0162341867224,0.018315492712400003,0.156296891746,0.040512776417699986,0.0,1.44156213497,0.157038844058
TCGA-BH-A0DT-11A,350.045187706,0.30607273772,0.205793643388,0.0855246310184,40.5978844627,17.771722847,35.1090098714,27.46195902,14.216365025999998,0.246601728691
TCGA-OL-A66I-01A,0.578372115167,0.0,0.0,0.07115993214630001,0.187327000864,0.152244922007,0.059193734601300015,0.0,45.2594374652,0.017650112230900003
TCGA-A8-A08F-01A,15.3489225781,0.0,0.0,0.0,11.871381901500001,0.0772734530851,8.11198257125,10.9798551975,0.0,0.268754800116
TCGA-E2-A153-01A,22.2154309617,1.96679056191,0.038293664034300005,0.0,20.3290261581,6.16697041676,23.2130475903,13.7578691149,0.482539849385,4.34151646642
TCGA-E2-A1B1-01A,38.549718888200005,0.235534181461,0.0462757049102,0.0,22.1870251508,4.98628862326,22.816455022,14.4941116955,2.76982872084,0.8180660440199999
TCGA-A8-A075-01A,50.23411348760001,0.0,0.0142451546868,0.0,17.8831480376,3.45777205818,16.7533224601,14.015160189300001,13.642282026300002,65.4030997389
TCGA-PL-A8LZ-01A,0.0455148597606,0.0,0.0,927.745284035,0.0,0.0,0.0,0.0,13.1309191268,0.0
TCGA-BH-A28Q-01A,29.9496687731,0.0278621008658,0.0,0.0,56.8348504972,1.4990986784399998,71.7644547852,41.7141242489,7.429652958839999,2.08552846854
TCGA-E9-A1N5-01A,86.4607677079,0.0,0.059981107928,0.0,37.6004647852,2.19324394133,43.7622163443,34.7003432629,1.07075083168,0.400336746461
TCGA-AR-A1AR-01A,0.0249746443425,0.0,0.0,7495.7774268,0.226490701729,0.345139038898,0.7156913005609999,0.435921064887,1.7702234953599998,0.0
TCGA-A8-A08Z-01A,0.132892822332,3.93217118133,0.0131144232565,0.0,45.431052298500006,0.367304537732,51.2212573717,34.2138611677,0.206569153884,0.05677663971469999
TCGA-E2-A15R-01A,16.5533794038,0.0,0.0,0.0,0.0313533241542,8.450322650810001,0.0,0.105603696356,0.69216930513,2.23849757785
TCGA-BH-A18L-01A,2.6128108023400003,0.0325381170901,0.0,0.0,0.365428084243,1.36772507538,0.297796617905,0.0,1.73531004771,0.0126850870365
TCGA-C8-A133-01A,3027.80292179,0.044932633529699985,9.06338515803,0.0,5.94929897553,12.9566396655,6.16851288368,2.32587650289,0.0,0.008758564079219999
TCGA-B6-A0X7-01A,74.7144101285,0.0544406952263,0.0653646505184,0.0,310.703994571,10.953760459100002,195.790191293,278.336467906,1.3590428476700005,0.318358137638
TCGA-D8-A27N-01A,28.283035116799997,0.0325921209015,0.0,0.0,9.3820444548,1.8905932397,12.996959496199999,2.72529389138,24.8894037477,0.08894298414230001
TCGA-B6-A0IP-01A,35.8223032381,0.0,0.0335610352622,0.0325440341936,223.30881801299998,0.8355259143449999,118.36993834,92.9978321117,6.27307336824,0.187674942181
TCGA-AR-A24W-01A,1223.72506645,29.564796057800002,0.0565317146008,0.0411139742551,15.9796313272,34.4372542287,18.057748405999998,17.3418743408,7.21262663383,0.328875199493
TCGA-OL-A66P-01A,8.822705389400001,0.0,0.0227623978055,0.0,17.9671193344,2.70946806584,8.923403519389998,0.251627961195,91.570413754,23.3430567473
TCGA-E2-A10F-01A,3.12749914143,0.0,0.0,0.0,25.0793732631,1.05981836019,36.3131140662,25.098425711799997,0.491727576283,0.122867237574
TCGA-C8-A1HG-01A,73.5993963927,0.121471193914,0.0,0.0,4.06871124555,14.0244438701,5.08220971315,0.6449016113270001,320.788429748,0.0789265434424
TCGA-E9-A1NA-11A,46.925033276099995,0.35547023503200004,0.0,0.124159460083,1.49415828886,4.81465443098,2.01397763012,1.57268649438,9.90466546073,0.138581186421
TCGA-EW-A2FR-01A,29.270814658000003,2.43914592308,0.0102159760778,0.0,2.16264355123,5.55560857996,2.66993772406,1.24226269106,14.8685327271,8.104838028869999
TCGA-E9-A22B-01A,3.7875605754,0.0432369928699,0.0,0.0,3.23723126103,1.55088852736,4.786270577869999,1.0329710660200002,3.5324399148800003,0.494444934929
TCGA-AR-A1AP-01A,9.02072098181,0.0,0.0,0.0,8.059837258630001,1.76042359865,8.40457144927,2.90860685486,3.59180293821,0.27528425655
TCGA-E9-A229-01A,3.08264881481,0.0,0.0,0.0,136.585055179,0.987847070757,283.643699383,99.8924428591,5.0666829810500005,0.057261718276
TCGA-BH-A0AY-11A,3082.77590245,6.4327262987900005,0.0,0.630407620139,23.4158506952,94.8528449965,13.7957216601,23.7712165686,76.7215370274,0.577339517783
TCGA-C8-A12Z-01A,969.705664943,1.39924364357,0.0,0.0,3.87780033059,92.29381310299999,3.658917706780001,7.67227602599,12.1813708925,5.0972906396800015
TCGA-A8-A06Y-01A,0.371239882006,0.0,0.0,0.0,72.3842620137,0.228016818122,64.363021931,25.91929358,0.410351510334,0.0
TCGA-D8-A1XS-01A,97.8392041509,0.0155482954821,4.144336785919998,0.0,25.2370867673,6.82322473293,32.7700516864,19.1922505506,4.37543535869,0.127292587312
TCGA-A8-A08C-01A,1341.94297806,156.045064456,0.0,0.0,57.0685553989,12.0235129452,50.5027108674,67.2610978289,0.93708610677,0.0219514041275
TCGA-GI-A2C9-01A,22.335883285100003,0.0351690809086,0.0,12.142672071300002,0.0207882016707,5.2628065719,0.0,0.0,0.0399068845543,0.0137107765358
TCGA-S3-A6ZF-01A,195.906989132,0.0,0.0,0.019751094257900004,0.155983000806,25.1640313836,0.246446489546,0.0,1.7538562351900002,0.433557175423
TCGA-D8-A1XQ-01A,0.119126676616,0.0,0.0117559220344,0.0,0.0,0.219504049042,0.0,0.0,105.214162155,0.0508952423458
TCGA-BH-A0BM-11A,151.93134165700002,0.0436435387801,0.0,2.49238017756,15.7364111893,18.198601752200002,5.0214822649,5.90854163194,4.35802217291,2.26293787993
TCGA-A2-A3KD-01A,7191.10578066,0.16461329305800002,116.62987186,0.086244763588,12.765994134400001,62.9392764859,6.887223628380001,11.929375699500001,17.1098886221,0.173272523695
TCGA-BH-A0W3-01A,89.38713273340002,0.0,3.34065135602,0.0,67.4394942842,5.90541292079,91.0531214358,54.410746647799996,0.0622716995574,0.0106973191051
TCGA-D8-A1XU-01A,1.01165656445,2.17953406786,0.0363034652314,0.0528050403366,131.690354698,2.79613330673,137.11309485700002,91.29991474190001,0.914922564174,9.587346104149999
TCGA-E2-A14R-01A,0.132328730312,0.024169631107200003,0.0,0.0,0.0,0.0,0.0,0.0,2.79741564597,0.0
TCGA-E9-A2JS-01A,5.029452762780001,0.805285089219,0.0,0.0,10.8527652024,0.962838627468,17.5012087609,5.70044232853,1.78692622216,10.367092824
TCGA-AR-A1AL-01A,1843.72055734,0.0565189750655,0.013571990723,0.118446464491,79.9341533616,21.508453259699998,65.5707841707,97.22085805450001,7.524930483339999,0.029378799678
TCGA-AC-A3W5-01A,299.96196375200003,16.4281190737,0.0,0.0,23.252305043099998,22.4128420955,29.5804708391,6.81731735799,7.67852300499,38.4908913581
TCGA-AO-A12B-01A,0.0413733560512,10.2923307656,0.979895274897,0.0,8.25457079435,0.266822411386,4.683216899890001,0.902691404754,0.514487329134,0.715886107375
TCGA-D8-A1XM-01A,1.6707305197600002,0.0581250017746,0.0942141270541,0.015226525584499996,124.47645623,0.342056152478,130.941574893,87.7169685872,8.96992255366,0.130296232283
TCGA-A2-A0D3-01A,0.133010156959,1.14789587512,166.608347593,0.0,88.1205752419,0.398264577458,78.3767312946,87.496499614,8.97301680624,0.66061119344
TCGA-AC-A7VC-01A,0.0469661494371,0.0,0.0185392695146,0.0,0.334657583034,0.043270156871,0.134589562566,0.0,0.0,0.361181603148
TCGA-LL-A6FR-01A,21.1169317391,0.163354185895,0.0,0.0,0.06437168998819999,6.86651952226,0.0,0.0,0.926802246398,0.26535059124000004
TCGA-AO-A1KP-01A,81.9516101715,0.0,0.0,0.0181954973238,236.239140023,11.153106451700001,282.93270518599996,77.1634650508,0.472894376042,8.4553107555
TCGA-A7-A3RF-01A,0.0305589059118,0.0,2143.4257861,0.0,48.6171160611,0.281540783832,35.7730762458,27.736374238499998,0.570010680219,0.0
TCGA-E9-A3HO-01A,272.60223571,30.6985097777,0.0765226466184,0.0,106.36255456100001,13.3594147101,32.4430437971,9.47433844387,2.41066161368,0.28159789068
TCGA-A8-A09X-01A,21.663996086799997,2.28282361294,0.044850930433599986,0.0,0.0,18.1097898915,0.0,0.0,114.77624217600001,95.0888162335
TCGA-C8-A12N-01A,1.08329218765,16.0267885297,0.103217495194,0.0,67.6562324542,0.791551112033,54.9685761015,23.798469125700002,3.06581172994,0.119695283383
TCGA-C8-A131-01A,0.0,7.15985029999,0.0,0.0,6.9673787003499985,0.0387088203047,9.8127437216,4.21679812465,34.1694590096,245.83995893099998
TCGA-BH-A0H5-01A,159.800713954,0.4716857911240001,0.185345433474,22.0617231117,19.415330193699997,6.45281964678,11.6053904852,6.658955937180001,33.962710034299995,0.45972046398
TCGA-A7-A0CE-11A,238.45979832700002,2.31916149718,0.302665169648,1.39115917976,73.9459125451,4.94488661045,34.4969629062,27.837271283200003,44.1267626072,0.766547022985
TCGA-OL-A5RZ-01A,7.92051370732,0.12916689020400002,0.0,0.0,25.317547188600006,0.0434357757462,20.468363781,3.70309731771,0.586270444657,0.8157691020319999
TCGA-AR-A2LJ-01A,3030.32660896,0.0,0.0,0.123549075365,57.5443018198,44.5396392842,14.182696245399999,1.8779459455400005,23.190524198000002,0.191527642421
TCGA-AR-A0TW-01A,0.631202041767,0.0,0.0,0.0,0.0430395596347,2.32611884874,0.0,0.0,53.1263152907,122.47386507600001
TCGA-BH-A0DG-01A,646.1617397809999,0.0216141399962,0.0,0.0,44.664788988999995,16.0993398849,35.6071987495,49.0562381041,20.4545917811,0.126395104384
TCGA-AO-A12E-01A,2562.24788998,0.0450183234255,0.0,0.0314482067949,5.64132448043,42.5394641886,4.51258298695,4.78012743282,8.41166206928,3.39310336242
TCGA-BH-A18R-01A,4.74629188611,0.220666123389,0.0,0.0,25.9191442074,3.4717249322300003,33.2613952963,17.6985694133,25.32548021,1.00160450208
TCGA-E9-A3X8-01A,14.752288825499999,0.107492632071,0.0,0.0,127.508369433,2.42186470692,17.9894535058,1.0272386803,43.422567703599995,2.14560460149
TCGA-A2-A0EU-01A,9.83113774574,0.0,0.0,0.0,63.89142944140001,5.54539478784,98.66233979180001,24.864205890500003,3.69252419085,0.31715939868
TCGA-OL-A66J-01A,210.489269111,0.0,0.0,0.0,165.103461203,44.6213432458,104.48051750299999,13.527514491,0.223477749345,0.441485415817
TCGA-D8-A1JI-01A,7.509147493289999,0.0685766894365,0.691632005961,0.0,0.0,3.7665845391800006,0.0,0.0,0.259383333102,0.106939350149
TCGA-D8-A1JE-01A,122.20947024,0.0146465645849,0.126615696477,0.0,35.668832101599996,4.90066741783,39.716761276599996,31.1428571262,3.72280762837,0.022840036629
TCGA-BH-A0BT-01A,91.2640038222,0.0,0.0,0.0212147307569,0.263280248368,8.88477810411,0.211767342243,0.0,1.83787719304,162.49267713
TCGA-A7-A0CH-01A,1768.10018699,6.577368505730001,0.017549265384400003,0.0,46.5100530804,24.5757083004,46.756691114300004,30.4578668461,1.76911143689,0.0189941314708
TCGA-PE-A5DE-01A,499.07610783,0.0,0.0,0.0,66.384918502,57.7833389567,71.5026859661,21.0998048342,16.1122308659,0.0701986671433
TCGA-AN-A0FW-01A,246.09662755099998,0.0,0.0,0.0322748970014,0.546190564639,3.23678189697,0.362442276177,0.122644608605,0.629109650359,0.210138737486
TCGA-BH-A0C1-01B,17.9168401419,0.5321606597,0.039658524662300014,0.0,20.9559711856,3.85674712007,35.460798075700005,24.1123829947,10.6610881634,0.314773728457
TCGA-C8-A135-01A,4.16094718218,0.044271282693800006,0.0478391985688,0.0,4.31779433236,7.555349000830001,4.39911181585,2.11536238035,2.00941158755,91.99206079209999
TCGA-BH-A18H-01A,2.58327776348,0.0,0.0,0.0,32.319169288299996,1.91332303584,28.0871921185,10.6093974457,117.91273327,0.0
TCGA-E2-A1IJ-01A,4200.8884699,0.6751821467229999,0.254779729238,0.134759526209,85.7865322354,153.52757078,48.6787612717,42.503154566199996,3.72124816025,2.14337815183
TCGA-BH-A0BM-01A,4139.0715751,0.7742146598999999,0.0,0.0649006738825,188.398335682,96.85024170860001,101.387639006,39.9528548421,14.1967702071,1.8713460885
TCGA-AO-A0J7-01A,4.22624866969,0.0,0.1930213616,0.0,34.4355765397,0.547043815051,47.493297003,12.0405221303,0.998967698226,0.059689484571199984
TCGA-BH-A0E7-01A,296.860473607,0.0,0.0352320402578,0.0,52.6902690269,22.339322570100002,62.664653334899995,48.2947996203,2.25679777043,2.58667252753
TCGA-BH-A18K-11A,59.49097226550001,0.894140090734,0.0,0.214153580173,27.392439351100002,22.1642789829,44.3572794658,32.3478982851,17.1611361189,0.149392851322
TCGA-A7-A26I-01B,0.0,0.0524151872167,0.0377596250015,0.164769272734,0.123929025646,0.0,0.0,0.0,11.300497098900001,0.16347380152000002
TCGA-A8-A09Z-01A,2.87611447519,0.0,0.0,0.0,0.0460017309971,1.01411301606,0.0,0.0,0.750626690895,0.0151701302487
TCGA-A2-A0YC-01A,119.142147149,0.0,0.0228023248133,0.0,46.8675476162,15.593463921400001,36.7494518686,63.6475073696,4.27407721474,1.17845499596
TCGA-E2-A15G-01A,136.175464003,0.0990267984131,116.24589735200001,0.0,158.07122627799998,3.2467865076599995,146.888075899,141.556107601,0.730386774824,0.231635448358
TCGA-A7-A0D9-11A,3.1351969959900003,0.0,0.0,0.0,1.10320322146,0.213960980746,0.8318930669300001,0.168899501468,4.13935047638,0.00826833340518
TCGA-AC-A3BB-01A,2.60550095977,0.0,0.0140888660406,0.020492896059,86.7931948575,0.986491042534,61.4197175746,14.6401249446,62.2701599243,0.00762441526717
TCGA-A1-A0SI-01A,4.863488638590001,0.0,0.0,0.111062702708,28.658245529499997,1.62936628618,26.8052793079,26.7692845727,70.8905586062,58.3925593068
TCGA-A8-A084-01A,100.725297833,0.0421473417471,0.0,0.0,90.3594641435,1.62991293958,118.918913459,50.850384660299994,0.908679217667,0.0246469101272
TCGA-BH-A0HO-01A,1.1810552283600002,0.0,0.0,0.0,26.8767505583,0.283855383265,31.9689654025,24.4240353943,3.70360188753,0.0
TCGA-D8-A27I-01A,23.411940564600002,0.0,0.0,0.162150332028,39.3318497689,0.832599939043,42.4882272998,21.935696916799998,73.0115056164,1.88224278609
TCGA-E2-A14N-01A,0.627321025061,0.893717624744,0.0,1.48876185852,0.893995954742,0.0,0.0,0.364986778217,0.6760765451430001,0.34841862006
TCGA-AR-A0TS-01A,0.101694877748,0.241467289629,0.0,0.0778525379887,0.0,0.405998744175,0.0,0.0,30.5190016536,0.036206454026800006
TCGA-E2-A1IU-01A,5410.39241846,3.23290562628,9.19421027371,0.0505610463583,0.4563458543110001,45.230301106000006,0.567793004179,0.384263952323,12.8121167523,0.131679235999
TCGA-A2-A3XW-01A,108.54509384100001,0.0,0.0,0.0,0.08098198836180001,3.0234182363200004,0.0,0.0,2.75941929385,0.206968986945
TCGA-AR-A0TT-01A,0.0434472931502,0.023806735972700003,0.0,0.0,1.85750370715,0.60042324507,2.8013777076,0.947940941459,59.9707714778,0.0
TCGA-EW-A1OX-01A,8.68061661352,0.0,0.0,0.0,2.9785576707300003,0.277140987642,2.15508141137,3.18784120461,0.0534383621619,0.321296071566
TCGA-E2-A1B4-01A,1734.83072386,0.0,0.118314029289,0.046934490957500005,587.6406865609999,224.704085398,303.122276811,176.210852851,2.23631906137,0.0
TCGA-BH-A202-01A,3251.81971779,2.32339968,0.0,0.0,20.2474662319,132.458857311,20.5837180361,17.3905254141,1.03727076515,108.46647502
TCGA-BH-A1FG-11B,1265.09173695,60.299846799099996,0.753685512509,0.916880226788,10.344289738099999,42.7616777789,15.7182187406,0.4544536776250001,4.53276336492,0.593263961297
TCGA-BH-A0H7-11A,292.09484465599996,0.24419880942,0.0879597685248,0.191912222236,7.24126914898,14.131189837300001,2.76710053898,3.07912498787,27.247779071900002,0.468074887483
TCGA-AC-A2FF-01A,54.1319784173,0.10066071732,0.18128862741,1.16024721542,44.7240593295,9.92928135219,53.9601540784,44.891019534799995,94.7274721371,0.372807516482
TCGA-BH-A18N-11A,721.116486416,0.690028869959,0.0392441973306,0.6849896261339999,72.75136260010001,20.3340682491,48.1482956909,71.58141593100001,1.1538742925,0.134504959965
TCGA-LL-A5YP-01A,7.75077020865,36.6455202037,0.0,133.862105958,0.0,0.326437703331,0.0634604639685,0.0,24.2333481579,0.94611728658
TCGA-A8-A09N-01A,7.25986860002,0.197665102698,0.0,0.0,36.5996544102,0.6647010747150001,41.479579267300004,24.5958281198,1.90649527809,28.888002629000002
TCGA-E2-A15A-01A,8.40207508636,0.0,0.0,0.0,4.18027842538,1.23618541224,6.36270869715,3.6245384403,12.394794666300001,0.668798130608
TCGA-A8-A07W-01A,11.042294341300002,0.0,0.0,0.0,18.3577400484,0.852677361405,17.4222654572,14.7617429345,17.1840310873,131.338000099
TCGA-AR-A5QP-01A,42.3500665631,0.0926367901198,0.0,24.4856987435,25.7905324266,1.8690939304,28.7052377169,2.76647141403,60.1791147837,0.216688459666
TCGA-A7-A0DB-01C,430.37889919199995,0.35303002148400003,0.0,0.369921410072,507.744642301,19.7067998481,405.07697409699995,2040.51609167,0.0,5.1473568206
TCGA-A2-A0T4-01A,1.32994887942,0.390395952864,0.0,0.0,14.030229936800001,1.18152848076,21.437981937,6.632472333759999,2.3626034867700003,3.33818944368
TCGA-A1-A0SE-01A,106.190150876,0.0540096386526,0.0,0.0,57.6986208813,1.60432469825,43.0284311663,67.52776021060001,10.5411143459,3.28470902524
TCGA-E2-A1B6-01A,6.94117520334,0.381569235809,0.0,11.3756984798,6.32975373285,1.9246908861900005,2.05992273822,0.0,219.33541001700002,33.4173074717
TCGA-A1-A0SM-01A,2073.09602773,0.154697402818,0.0557215973966,0.0,16.6056075277,281.902256377,18.6080195342,19.0952848678,0.983009817699,0.199020583919
TCGA-BH-A0C7-01B,1.61664286014,0.0,0.0,0.0,13.081641833699999,2.02658983506,12.873018165,8.09526081979,22.179576554,0.141534536553
TCGA-E2-A1LK-01A,1.24892987147,0.0,0.0,0.0,0.0,6.11934231214,0.0,0.0,8.40071529185,0.0727620267394
TCGA-BH-A0E1-01A,4114.51542581,0.0424621715876,0.0611790498532,0.222469272194,30.79659248,93.5633168105,18.043254106,30.095643142300002,4.24005684371,1.9782042929
TCGA-D8-A3Z6-01A,97.6543101456,0.0179020445094,0.0,0.018758601663,125.542182125,5.26753056295,145.72734493299998,75.84477824380002,6.50039004778,3.25927155872
TCGA-A2-A0SV-01A,25.434060760599998,0.0145474651875,0.0,0.0,7.92819183735,3.98695481612,5.553918231719999,1.0426565048999998,0.0,2066.4051613
TCGA-C8-A137-01A,13.5254161942,0.0,0.0,0.0,56.4937790742,1.29523313605,60.2924025374,26.8657338286,6.51064660527,121.83625213100001
TCGA-C8-A274-01A,0.0275041717778,0.0,0.0325707297368,0.0,92.1645866276,0.0760192079846,155.113676586,95.2944540722,0.5472332623139999,0.5992898309920001
TCGA-C8-A1HF-01A,230.934613347,1.47406787521,0.0110615701984,0.0,37.9020448399,70.4298879417,24.1312611527,4.89122522229,56.7654564496,3.81317480336
TCGA-E2-A14P-01A,0.8848622965909999,6.387451479859999,0.0,0.0,12.2612849829,1.24056468186,6.50468533146,5.875765447719999,2.77478782801,0.00821837623814
TCGA-A8-A09V-01A,2.57436109171,0.0,0.110455996498,0.0481989802899,299.388995963,0.206241062175,342.28143761,301.963398251,10.7173221389,0.0896625445535
TCGA-AR-A24X-01A,1.6456889462399995,38.9723940523,0.040600878608,0.0,44.6401455054,0.568568158011,67.64518444699999,26.4806312259,15.284442674300001,0.07690135262810001
TCGA-A8-A082-01A,550.741769662,0.021364694665,0.0,0.0,84.3585401332,2.26309936502,55.587746758,73.6709054909,0.0,0.23321461092300005
TCGA-A8-A06T-01A,17.1489513426,2.78251371698,0.0,0.0,84.3752762363,3.52802532141,71.8859389131,20.5847959629,0.483093352375,3.10019453846
TCGA-BH-A6R9-01A,0.502607414683,0.0,0.0,0.0,0.8030866113160001,0.0,0.720153907606,0.14621306609,23.8751542892,0.0143154759856
TCGA-E9-A1RB-01A,41.1456103914,0.310693480307,0.126508057556,0.0,47.4772014346,5.9507537388100005,53.8683219132,10.650032168400001,1.7780710010599998,0.331776703066
TCGA-AC-A23E-01A,1130.00807229,0.0292163688653,0.094712932621,0.0,30.774417491599998,9.97214672281,31.7818276908,31.4102525638,0.232065769278,0.5239442811739999
