TCGA_barcode_TPM,ENSG00000163631,ENSG00000158874,ENSG00000198804,ENSG00000198938,ENSG00000198712,ENSG00000198899,ENSG00000087086,ENSG00000198886,ENSG00000197249,ENSG00000228253
TCGA-YA-A8S7-01A-11R-A37K-07,14805.19141,581.545227,11056.31152,10156.76953,6147.711914,8168.715332,35172.9375,6037.933105,16378.29688,6294.639648
TCGA-K7-AAU7-01A-11R-A38B-07,13902.36914,3670.872314,31777.24609,23063.34961,22341.66406,26722.38086,12276.86621,20228.43555,18253.93945,23386.46484
TCGA-K7-A5RF-01A-11R-A28V-07,90927.8125,21308.97266,16487.54297,13255.26367,13280.28125,13429.75879,10000.93262,10343.34473,20516.41406,7196.725586
TCGA-DD-A1EA-01A-11R-A131-07,9631.65918,12639.06738,29707.9707,20586.87695,18496.93945,22753.35352,10730.06543,16590.9707,14661.58984,17118.74414
TCGA-BW-A5NO-01A-11R-A27V-07,53202.14844,22409.58789,9336.549805,10098.07129,12870.81543,7536.060059,8755.021484,7524.412598,8457.729492,3948.825195
TCGA-DD-AACN-01A-11R-A41C-07,16123.15137,16040.50293,17209.96875,10469.75,9189.71875,7421.320312,7398.726074,6605.161621,13260.9502,6488.233887
TCGA-DD-AAVZ-01A-11R-A41C-07,31929.03906,44234.77734,17683.84961,14060.89453,9816.727539,11468.51074,16904.04297,10278.27148,22448.58203,8687.970703
TCGA-G3-A7M5-01A-11R-A33R-07,73728.79688,27500.73633,19187.80859,18140.45508,13356.92188,13445.74609,10388.03711,10595.67285,6584.149902,5247.993652
TCGA-DD-A39W-01A-11R-A213-07,73072.875,18184.90625,17978.4707,22458.55078,14578.70215,22946.79297,30380.49414,14252.04883,19520.46094,13908.63867
TCGA-DD-A11A-01A-11R-A131-07,65896.0625,25376.06055,18346.29297,16334.31055,13938.68555,18318.69141,12268.24121,16765.61133,7113.558105,15236.27246
TCGA-DD-A4NK-01A-11R-A28V-07,36338.60938,18478.61523,33085.85547,23471.58203,16870.61133,20465.01563,5383.898438,18857.46094,7348.433105,16046.17969
TCGA-DD-AADJ-01A-11R-A41C-07,44964.26172,49856.3125,16694.90625,13223.47949,11362.28711,9068.426758,28761.12695,5955.610352,21977.77344,3849.069336
TCGA-DD-A3A7-01A-11R-A22L-07,59876.48438,46285.10938,11112.90527,12382.82031,20839.46875,14970.86523,38362.73047,10189.91504,9060.399414,1194.525757
TCGA-DD-A4NI-01A-11R-A27V-07,76990.85156,8903.728516,40206.07422,27289.64258,35494.80469,38666.10156,9273.642578,37853.89844,12860.26074,30158.52734
TCGA-BC-A217-01A-11R-A155-07,51305.02734,12076.78418,15702.76465,10013.10938,14543.05566,9753.900391,5052.421875,5303.579102,10771.47559,3510.573486
TCGA-DD-A4NF-01A-11R-A27V-07,64644.51563,21694.14063,28007.30664,20841.43359,28063.58789,22102.41992,9504.945312,18080.26953,9713.489258,14725.48145
TCGA-DD-A73G-01A-22R-A32O-07,27636.34961,54732.83594,7162.30957,8072.389648,12910.47363,5405.029785,15462.62695,3235.8396,15012.0127,462.267517
TCGA-2Y-A9H2-01A-12R-A38B-07,9340.636719,1018.258423,20691.02148,32269.06445,29793.09961,35096.60547,2656.613037,33341.45313,2240.725098,23918.26758
TCGA-G3-A5SJ-01A-11R-A27V-07,81331.94531,1806.453979,12735.76367,17995.17773,20983.25781,17375.77539,8123.142578,18537.08203,32158.45703,10939.37695
TCGA-2V-A95S-01A-11R-A37K-07,57542.10938,63907.43359,4604.26416,5198.269043,10463.51367,4581.080078,13575.17676,4446.303711,32104.31055,2873.946533
TCGA-ZP-A9D1-01A-11R-A38B-07,21242.81445,21592.98047,19199.91797,13701.62695,13695.41992,15630.57031,13704.78613,13934.14746,18826.11719,12736.08594
TCGA-MI-A75C-01A-11R-A32O-07,22005.67383,38498.35938,15814.14356,18712.35352,12251.40723,18675.41797,22365.83594,15067.26758,19643.77734,9927.852539
TCGA-DD-AADM-01A-11R-A41C-07,39624.01953,25592.92969,8921.963867,7628.156738,13826.27832,5793.503418,50520.75391,4647.210938,17730.73438,1349.546509
TCGA-DD-AAE1-01A-11R-A41C-07,49342.76172,56138.70703,23011.38477,13317.93164,14851.51074,8291.248047,40491.05469,14099.94922,13794.84082,6235.721191
TCGA-BD-A3ER-01A-11R-A213-07,45040.32813,18200.18555,29244.17383,25326.41016,26079.99609,34022.16797,19662.96289,25883.10742,19016.54102,20756.55078
TCGA-CC-A8HS-01A-11R-A36F-07,61609.07422,12540.08398,15961.44238,13845.85547,10098.22754,14624.20703,12759.88086,17609.7207,11391.38281,12298.46387
TCGA-DD-A39Y-01A-11R-A213-07,23601.10742,63391.57813,4505.297852,6011.68457,7648.419434,4624.095703,74758.83594,3317.022461,15764.35449,1486.575806
TCGA-T1-A6J8-01A-11R-A32O-07,55702.35156,57708.03125,13758.74805,10161.3457,7346.692383,6483.678711,37253.92969,5367.237793,11651.16895,4219.757324
TCGA-DD-A116-01A-11R-A131-07,27408.18945,81682.875,15091.19727,16362.6875,17887.5332,13101.12207,9843.050781,17345.57031,12916.05762,4823.98291
TCGA-BC-A10R-01A-11R-A131-07,98814.71094,6469.030273,37637.23438,21994.03516,18737.21094,25209.19531,6406.5,22621.61328,8387.841797,16398.50781
TCGA-CC-A5UC-01A-11R-A28V-07,43575.58203,66862.55469,29113.61914,26143.94336,25640.30273,22999.46289,16362.43457,15396.64258,10440.75781,13354.60449
TCGA-DD-A4NS-01A-11R-A311-07,49468.61328,11380.50977,28408.52344,20761.75977,17861.66211,21608.62305,9627.446289,21503.37305,11549.99512,15755.58008
TCGA-FV-A4ZP-01A-12R-A266-07,37035.21484,29070.13086,4194.677246,3696.706543,8823.46875,2844.710693,42979.65234,1792.276489,4760.561035,497.361908
TCGA-G3-AAV4-01A-11R-A38B-07,28036.1543,37178.08984,20321.63086,23882.57422,13405.43262,10922.80469,12837.79785,10049.64941,8159.580566,7583.164062
TCGA-CC-A7IK-01A-12R-A33R-07,12118.18652,25603.4375,15776.89551,17575.59375,11302.28809,10792.81055,52480.05469,12598.06348,4726.129395,8863.585938
TCGA-DD-AAD5-01A-11R-A41C-07,2561.080322,129.519028,13176.84668,17073.19531,22294.54102,16829.93359,20404.55273,11289.5332,5657.111816,9598.676758
TCGA-FV-A496-01A-11R-A266-07,69173.44531,44595.04297,24507.66797,15949.28613,11230.79102,12715.72559,21052.25195,9068.039062,24521.09961,8126.074707
TCGA-DD-AACY-01A-11R-A41C-07,86798.1875,29438.95898,18812.50391,15888.53027,12729.18555,14541.46289,8995.279297,8249.652344,20761.25781,9900.166992
TCGA-CC-A9FU-01A-11R-A37K-07,24681.05859,24846.14453,9190.331055,14128.54199,10540.6543,10744.50977,22150.41992,10054.62891,11909.22754,8158.097168
TCGA-DD-AACB-01A-11R-A41C-07,21267.51367,29603.52539,10213.87402,10992.36426,8085.834473,7495.271484,28050.41992,5708.852539,11256.58691,2835.503418
TCGA-XR-A8TF-01A-11R-A36F-07,9437.844727,32975.21484,21151.76953,18209.77734,22247.30469,21899.34961,10328.76074,18977.86523,12608.63184,9734.745117
TCGA-CC-A3MB-01A-11R-A213-07,57617.59766,16353.8916,27206.78711,16047.40527,19013.04688,16725.08398,9012.496094,13265.30078,9256.243164,12701.5957
TCGA-2Y-A9H0-01A-11R-A38B-07,81251.26563,44575.25391,17393.87109,21043.76953,12971.06836,16614.98242,16055.65723,13756.69531,8663.782227,10165.82617
TCGA-G3-A5SL-01A-11R-A27V-07,52026.50391,32971.71094,24717.28516,19747.77344,20524.16016,23506.07422,11336.49414,18126.50391,9330.682617,17242.01563
TCGA-2Y-A9H5-01A-11R-A38B-07,138368.8594,23729.93555,19812.62305,15917.27344,14835.40918,9088.520508,4719.519531,13596.20508,27093.19531,6318.990723
TCGA-DD-AACS-01A-11R-A41C-07,77503.94531,23972.29883,20191.15625,13726.63965,11482.0791,12863.48926,7259.055664,14519.54883,3467.738281,9438.776367
TCGA-G3-A3CJ-01A-11R-A213-07,6199.988281,32390.59375,21589.56836,19869.04688,34460.80469,8318.804688,24778.11914,11638.82422,24787.86523,1721.327637
TCGA-2Y-A9HA-01A-11R-A39D-07,34510.74219,31851.24414,20636.25781,13409.26856,12854.41406,14945.73047,18255.19531,13066.37598,8499.988281,12593.59473
TCGA-5C-A9VH-01A-11R-A37K-07,33251.42969,49550.66406,28837.75977,17646.07227,11873.03516,12044.93848,16328.16113,11414.8877,24093.23633,8063.124023
TCGA-EP-A3RK-01A-11R-A22L-07,21549.12305,15458.625,16013.07422,12668.58984,8729.636719,7110.936523,23193.23047,8395.081055,20518.73633,4547.242676
TCGA-DD-AAW1-01A-11R-A41C-07,43316.80859,44718.25391,19665.76953,14766.62793,21121.125,13235.32813,10392.59668,19310.04883,9266.084961,9928.507812
TCGA-ZP-A9D4-01A-11R-A37K-07,22896.35156,14743.11621,22533.64063,25755.79102,26405.17383,32017.06055,13608.21777,33649.59375,6911.054688,26080.01367
TCGA-DD-AAC9-01A-11R-A41C-07,44141.25391,36647.12891,12514.59082,13650.42969,14354.78613,15249.96582,22735.81055,9866.786133,26327.79297,5879.896973
TCGA-BC-A10Z-01A-11R-A131-07,15142.4707,23639.49219,24729.62305,21318.43164,29017.21289,29369.14648,5331.388672,27974.59375,3184.352783,19750.14258
TCGA-FV-A23B-01A-11R-A16W-07,63349.42578,25628.41992,25355.50586,19549.75195,16580.95508,20361.00586,17582.28711,10988.49414,25223.91992,14022.80957
TCGA-DD-AADD-01A-11R-A41C-07,46802.38672,34079.29688,19621.98242,18319.45703,17497.70898,16001.29395,10867.46777,18297.99023,5132.304688,12857.71582
TCGA-DD-A3A4-01A-11R-A22L-07,42567.50781,5050.583496,32259.39258,20426.80078,15182.83789,22523.19141,23158.50195,17520.66016,23491.45117,16466.26953
TCGA-BC-A10W-01A-11R-A131-07,7591.440918,9169.365234,8145.933594,6283.096191,8428.433594,8090.020996,22610.24023,6192.086426,26041.8125,6462.064453
TCGA-WX-AA44-01A-11R-A39D-07,45036.11328,30406.74609,17943.49609,19562.83398,17532.76367,16689.14063,29884.91992,18910.60547,7812.008301,9716.80957
TCGA-DD-AADY-01A-11R-A41C-07,21669.47266,48274.19531,14261.43945,8683.486328,12235.7959,8678.882812,2464.712646,9377.25293,16970.36328,8641.330078
TCGA-K7-A5RG-01A-11R-A28V-07,24062.41406,18067.38672,15823.83398,12430.04004,12907.5918,13801.68457,24304.125,18547.07227,4354.974121,10792.87109
TCGA-G3-A25Z-01A-11R-A16W-07,27572.88086,25873.88867,16121.35742,9186.360352,25371.44531,13416.62012,8190.616699,17347.07031,22463.64063,6155.621582
TCGA-DD-A115-01A-11R-A131-07,93709.35938,2685.858154,19565.32227,11990.18652,18932.85938,9470.678711,6653.51123,15111.18652,2686.269287,6193.935059
TCGA-ED-A627-01A-12R-A311-07,53804.16016,8108.11377,15204.15723,13482.66504,10060.69824,13753.94141,6870.647461,13138.37207,19282.65039,9993.582031
TCGA-DD-AADA-01A-11R-A41C-07,172282.5,52940.04688,34392.52344,16870.76172,14349.16602,17679.66797,13334.8291,21015.91406,11966.35742,13454.3125
TCGA-DD-A73C-01A-12R-A33J-07,89411.39844,11281.12793,11440.16406,10293.69043,6115.57959,6583.748047,1855.467163,5964.116699,6158.260742,5939.85791
TCGA-QA-A7B7-01A-11R-A32O-07,45410.8125,14888.92871,21282.65039,11232.20703,20371.2168,14358.00684,5287.946289,18532.05664,3017.909912,10281.82813
TCGA-RC-A6M3-01A-11R-A32O-07,6133.893555,23.235205,39280.49609,38035.27344,30717.58789,27250.43359,14938.01074,25863.74805,8141.821777,24034.67188
TCGA-G3-A7M6-01A-11R-A33R-07,35986.19922,5376.801758,11547.37598,15396.90332,12307.61231,10588.69043,8983.704102,7983.849121,6899.889648,7788.674805
TCGA-MR-A520-01A-11R-A266-07,111023.6875,19433.19336,43344.05469,26709.84961,19217.38477,23022.84961,16169.36426,16776.46094,5572.496094,17549.15625
TCGA-G3-AAV0-01A-11R-A37K-07,115781.3672,31985.91211,14042.28613,14715.62598,8885.783203,8907.77832,9063.195312,5982.342773,6915.654297,3056.069824
TCGA-RC-A7SF-01A-11R-A352-07,103527.8281,37391.94922,36830.92969,28790.75,22883.36328,25324.7168,12358.00195,23516.34961,16074.58203,24272.98438
TCGA-2Y-A9GW-01A-11R-A38B-07,53472.21094,21958.26758,18036.49023,25780.49805,19705.54492,22666.63086,36182.55078,16989.80469,20266.9082,15949.08106
TCGA-DD-AAD2-01A-11R-A41C-07,52166.42969,25448.64063,27191.86523,19939.92188,15810.21875,13461.7334,13449.05469,12891.61719,27933.97266,9359.214844
TCGA-G3-A7M7-01A-12R-A352-07,49205.03906,13076.31543,27233.21094,22191.08594,17649.70703,10878.81836,24977.39844,12941.40625,13525.89551,6257.178223
TCGA-DD-AACQ-01A-11R-A41C-07,45380.64453,32127.73828,34607.67578,22991.18555,14056.37012,15525.78809,60864.58984,12666.76953,6490.263184,11319.49121
TCGA-WX-AA46-01A-11R-A39D-07,93337.38281,16942.16602,26705.61914,26794.24023,24113.14453,22604.86523,7534.572754,17696.51953,10595.71973,18845.38086
TCGA-G3-AAV1-01A-11R-A38B-07,24983.11133,29696.9375,35808.76953,26657.30273,23998.85547,16405.72656,14525.12598,23846.70703,7556.344238,12695.82227
TCGA-ED-A82E-01A-11R-A352-07,37.149765,27.638363,29669.78125,31028.04492,15267.43652,22902.94727,1480.658203,17724.64063,192.213623,16289.87598
TCGA-DD-AAEK-01A-11R-A41C-07,58398.37891,21591.53711,10130.95117,11661.21484,9867.683594,18211.94336,15746.1875,15527.16992,14220.30469,17268.17773
TCGA-DD-A118-01A-11R-A131-07,4427.696777,20461.33008,37548.8125,20729.85547,32001.88867,17620.68164,4893.331543,22980.625,13505.19336,11770.03418
TCGA-G3-A5SI-01A-31R-A27V-07,59819.54688,37166.28125,15144.34863,16415.80078,15545.33301,17077.92383,7042.073242,12216.8252,12848.47559,10499.06348
TCGA-2Y-A9GS-01A-12R-A38B-07,406.774902,10244.56641,14995.13477,16348.74805,10049.39356,9852.301758,28598.10547,10443.80176,12022.89258,6858.513184
TCGA-2Y-A9HB-01A-11R-A39D-07,52988.41406,47414.76172,15953.41992,12575.9707,12163.57813,11100.38086,10328.75488,8505.943359,9332.556641,8708.462891
TCGA-CC-A7IL-01A-11R-A33R-07,18274.5,48876.41797,24022.64648,25059.69922,24755.61133,21964.63086,7568.199707,19385.50977,12091.81641,13601.30469
TCGA-ZP-A9CV-01A-11R-A38B-07,39926.38672,18694.36914,17446.87891,11553.61035,13518.19922,10092.52734,11064.10449,9714.932617,16500.33984,6789.950684
TCGA-DD-AACW-01A-11R-A41C-07,27926.38672,44416.51953,21152.23633,18388.89258,17616.85156,7211.213379,22929.29102,9499.00293,15688.06934,4824.126465
TCGA-GJ-A9DB-01A-11R-A37K-07,85745.03125,21112.20703,18407.41797,11588.36035,9381.71875,9791.433594,12132.58887,6100.209473,13785.46777,8259.041016
TCGA-CC-A1HT-01A-11R-A131-07,1497.320435,4.931549,11198.70313,7770.815918,9252.768555,7456.154785,12629.92676,8224.311523,2484.442871,4733.577637
TCGA-DD-A1EI-01A-11R-A131-07,69336.27344,38764.36719,9895.72168,11391.8916,7576.839844,9976.381836,14188.61621,8254.228516,13262.35645,5935.803223
TCGA-DD-A4NQ-01A-21R-A28V-07,27876.625,23776.25391,22275.87695,18237.34375,21947.4668,20225.5,84046.42969,15015.28613,11385.31348,15311.81055
TCGA-FV-A495-01A-11R-A266-07,67842.75,36648.70703,10312.30078,8802.186523,13840.28418,6781.273926,11672.17871,3606.064453,6864.746094,1019.449524
TCGA-DD-A4NN-01A-11R-A28V-07,31623.10156,33693.91406,15500.49609,10916.46191,10947.54688,9521.570312,8203.719727,6516.06543,38784.875,5506.194336
TCGA-G3-A25T-01A-11R-A16W-07,4181.175781,1509.34021,22231.10156,21195.1543,19299.95898,12741.49316,3406.642578,10496.47754,10169.13086,3250.78418
TCGA-ED-A4XI-01A-11R-A266-07,67424.42969,20757.70117,28359.35742,20933.46484,15943.98438,20262.67969,13215.44238,20215.03516,15649.42578,15576.65332
TCGA-DD-AAD1-01A-11R-A41C-07,54504.08203,15601.05664,15975.38867,12437.62695,7432.275391,12372.44824,6358.395996,9926.881836,28509.52344,9591.953125
TCGA-G3-A7M8-01A-11R-A33R-07,94453.79688,5774.137695,29359.07227,31716.23242,27183.81055,28207.38086,7857.11377,21173.56445,10537.86719,21453.97852
TCGA-CC-A5UD-01A-11R-A28V-07,2487.287354,1558.395996,22000.3457,27039.05664,17873.78711,24298.23242,10009.67383,16304.81836,4273.056152,15468.13965
TCGA-DD-A4NO-01A-11R-A28V-07,39886.05078,20547.95898,26861.86719,16958.53906,15370.87305,12845.72656,29864.28906,10179.25684,16356.7168,9436.734375
TCGA-CC-A7IJ-01A-11R-A33R-07,17.947725,41.484558,8702.668945,8094.838379,10697.21094,7138.520508,13898.75488,6054.945801,72.129059,4206.679199
TCGA-PD-A5DF-01A-11R-A27V-07,23879.4707,2150.019043,17384.3457,20778.99219,18223.10156,23793.35547,10816.3457,23619.06836,17848.47266,14081.64551
TCGA-FV-A4ZQ-01A-11R-A266-07,70318.23438,16417.06445,8972.317383,9294.617188,6919.049316,5740.395996,19465.58789,3726.461914,7944.428223,4139.176758
TCGA-HP-A5MZ-01A-21R-A27V-07,59234.48047,28921.4375,25206.85742,27267.14844,21441.90234,29858.11914,24604.3457,18957.70508,15955.65625,19930.42773
TCGA-ED-A7XO-01A-11R-A352-07,59668.94141,17344.58398,12130.91602,15040.34473,15905.22949,12546.07324,9251.90625,8538.351562,12951.1377,7773.276367
TCGA-ZS-A9CG-01A-11R-A37K-07,19140.49023,32180.41602,18616.24609,23463.21289,22011.76367,16280.55566,5357.659668,19917.35938,8555.923828,11764.2666
TCGA-CC-A9FW-01A-11R-A37K-07,25925.89844,18337.87891,16795.15625,16140.51465,8774.963867,8692.257812,18129.24414,7874.561523,22435.99609,7116.214844
TCGA-DD-A3A1-01A-11R-A213-07,73651.10938,6505.222656,7160.058594,7248.347168,14794.51758,3746.557617,21859.60742,4498.06543,15126.2666,951.996765
TCGA-DD-AADV-01A-11R-A39D-07,56141.79297,13765.92578,19461.68555,14436.58203,10527.25488,11761.69336,13256.12402,9895.977539,10208.62793,9584.414062
TCGA-5C-AAPD-01A-21R-A39D-07,102460.3047,11949.49023,10388.90723,10147.26367,8018.001465,6577.21582,8930.183594,7725.9375,2937.158203,3033.511963
TCGA-2Y-A9GX-01A-11R-A38B-07,55422.55859,8619.640625,27265.95898,18184.23438,17466.63086,24187.58203,19460.94531,17091.43359,13083.92285,18092.33008
TCGA-ED-A459-01A-11R-A266-07,27709.04883,12004.41309,14496.59863,6838.302734,9641.648438,12190.25586,17423.9707,12942.91113,16110.27246,8770.445312
TCGA-DD-A11C-01A-11R-A131-07,25834.36328,11966.7832,10504.75684,6488.79834,9986.639648,17327.79688,3232.438477,19599.42383,5761.316895,11635.83594
TCGA-WJ-A86L-01A-12R-A39D-07,20836.0625,6797.063477,49150.99219,34201.1875,31107.10547,33696.24219,9996.359375,35246.55469,4287.965332,33862.60547
TCGA-DD-AAEH-01A-11R-A41C-07,119386.5781,17194.0918,24918.49219,14961.19824,22482.16992,19102.81641,9796.773438,18096.99414,5605.693359,13599.94336
TCGA-BC-A216-01A-11R-A155-07,64209.67578,27910.25195,30694.66992,20045.64063,22295.66211,28742.86133,4542.474609,32671.10547,15606.79199,20833.20703
TCGA-DD-AAE2-01A-11R-A41C-07,66113.625,14311.80273,22206.27734,15871.73731,19808.62305,16021.18164,5571.006348,13203.95898,11982.41992,13897.59277
TCGA-G3-A3CH-01A-11R-A22L-07,101649.7344,15095.8584,35854.94922,26694.74414,19757.36719,30619.69141,6939.55127,25196.60547,3615.369873,23458.91406
TCGA-2Y-A9GU-01A-11R-A38B-07,69056.53906,30283.4668,31381.7793,22192.55664,22620.80078,20130.84961,9240.126953,23583.28516,9298.1875,14927.45801
TCGA-DD-AADK-01A-11R-A41C-07,98929.42969,85279.17969,18838.08398,14371.83984,12638.54199,15605.2041,6496.449219,14327.52441,22897.29297,9362.922852
TCGA-DD-A4NR-01A-11R-A311-07,31032.72266,23293.25586,20353.02539,11920.61816,12164.87695,10977.86719,33843.33984,14096.26856,18645.08789,8670.245117
TCGA-DD-AAEB-01A-11R-A41C-07,50593.73438,54453.6875,35165.44531,36227.85547,38980.5,30628.48242,8230.170898,15278.16797,4849.703125,4258.51416
TCGA-BC-A69I-01A-11R-A311-07,49047.66406,22348.56836,13943.80957,12548.74414,12344.95606,11785.05957,14464.98828,9984.277344,24223.88867,5005.833496
TCGA-DD-AACH-01A-11R-A41C-07,58482.41016,382.469849,16702.17383,8989.283203,13559.68848,8763.734375,21163.51172,7470.422852,8717.563477,6440.305664
TCGA-DD-AACA-01A-11R-A41C-07,23045.73633,18505.90039,21854.75977,21742.90039,26068.6582,17853.51172,15764.1709,20798,5617.928223,15288.66113
TCGA-G3-AAV7-01A-11R-A38B-07,17958.0293,13885.44922,12193.06055,9789.671875,10913.03516,9941.545898,30869.23438,8756.69043,3540.395752,7949.578613
TCGA-UB-A7ME-01A-11R-A33J-07,69921.71875,27620.63477,11891.45703,9842.635742,8153.360352,9908.972656,10474.50488,6533.677734,19994.55469,5409.353027
TCGA-XR-A8TD-01A-12R-A39D-07,36494.55469,20080.25977,18592.80664,26500.11914,30182.03906,26174.88867,19947.5625,19102.86328,5633.278809,20156.8125
TCGA-BC-A110-01A-11R-A131-07,72699.46094,12252.05469,21271.21094,23338.5625,15050.97266,15841.00586,6116.646973,13141.42188,21729.51563,9470.669922
TCGA-CC-5259-01A-31R-A213-07,77218.39063,85729.39844,13847.87891,10526.6543,14398.95313,12111.3916,29723.33008,6710.495117,7768.095703,1749.428345
TCGA-DD-A73E-01A-12R-A32O-07,47986.125,2828.94043,20143.00586,17104.07813,16040.14551,11510.23535,14352.50977,9885.841797,7521.827637,7021.478027
TCGA-DD-AACJ-01A-11R-A41C-07,42298.44922,46144.84766,11557.10938,16233.14063,25797.2832,13869.70996,30816.98828,14855.9375,14203.19043,5455.483887
TCGA-BC-A10X-01A-11R-A131-07,77033.30469,13233.21875,22558.44531,20206.51172,16352.92578,21722.37109,6138.343262,18802.73047,17570.70508,15282.12305
TCGA-DD-A3A9-01A-11R-A266-07,34806.28125,38156.26563,16040.53223,12369.08594,9991.304688,7407.852539,24182.04883,6761.525391,17779.44727,1983.263062
TCGA-ZS-A9CD-01A-11R-A37K-07,15400.04004,28750.90039,21883.56836,20440.54688,13764.38184,14276.33203,23202.13477,11960.44824,16499.27148,9237.130859
TCGA-ES-A2HS-01A-11R-A180-07,526.041809,64620.07813,3719.570312,5542.659668,7527.107422,7176.632324,30079.16797,3278.155273,28711.66406,978.860291
TCGA-ED-A8O6-01A-11R-A36F-07,75427.28906,30678.51367,14785.39844,16617.47461,14196.85449,11793.39356,12835.58008,9723.65332,14726.99414,7633.131836
TCGA-DD-A4NJ-01A-11R-A27V-07,39010.28516,11843.55078,26258.45313,25440.50586,22268.66602,26084.97656,8207.583008,21293.55859,12052.99707,21526.53125
TCGA-BC-A3KF-01A-11R-A213-07,42628.19141,48343.92969,33996.77344,26700.54492,24713.52344,25156.90234,15939.34082,21317.92969,3004.854004,17693.875
TCGA-DD-A11B-01A-11R-A131-07,62526.58984,21546.33203,26449.79492,21467.10938,13044.59375,21695.9082,4676.066406,21194.70313,12491.18359,16156.59961
TCGA-DD-A4NH-01A-11R-A27V-07,62196.83203,33392.47656,17227.4375,16967.12305,12860.7832,13445.85547,12870.93652,15924.98242,7736.858887,9950.005859
TCGA-DD-AAVR-01A-11R-A41C-07,41866.49219,39238.69531,21399.40234,15809.10059,13827.13867,16427.15625,23634.28516,12395.30859,20888.43555,9039.22168
TCGA-DD-A1EE-01A-11R-A131-07,6478.986816,9584.130859,22728.57031,14759.41504,23821.85352,24062.95117,18692.34961,21952.0625,11816.05762,18103.51953
TCGA-2Y-A9H3-01A-11R-A38B-07,49277.69922,36076.51563,19248.50977,24099.93359,24858.82617,7555.120605,13365.38184,5065.029297,7329.093262,1413.837891
TCGA-LG-A9QD-01A-11R-A38B-07,32425.61914,9127.757812,17034.79297,15319.73145,12652.61621,16470.99805,6187.860352,14105.58398,25872.54883,11218.42383
TCGA-DD-A4NA-01A-11R-A266-07,5211.811523,3.066014,31665.52539,29096.28516,15845.97852,17783.43164,1980.718262,20566.86328,8517.424805,14789.09961
TCGA-MI-A75G-01A-11R-A32O-07,42141.23047,43161.03125,11524.79199,7942.253906,13234.4502,7780.721191,16580.32227,6556.822266,10191.86133,3324.591064
TCGA-ED-A7PY-01A-11R-A33R-07,31667.5957,50265.94922,34227.89063,31150.24805,15470.37207,19301.29297,8995.515625,13120.2168,8929.530273,10930.29297
TCGA-DD-AADI-01A-11R-A41C-07,14057.02832,36108.98828,7858.365723,11793.73145,9079.007812,1807.561035,6415.777344,3679.304688,22256.4082,467.815491
TCGA-EP-A26S-01A-11R-A16W-07,20228.08008,22475.16211,27553.9082,36468.18359,36429.75,18818.32813,7994.09082,20944.73047,8784.900391,12527.11426
TCGA-DD-AAVP-01A-11R-A41C-07,70111.47656,27609.52734,18648.50391,16243.25,25049.57422,11749.74121,8783.367188,11400.52246,10187.66113,5045.157715
TCGA-KR-A7K0-01A-12R-A33R-07,36455.01953,32237.43164,24075.19336,22519.49609,19578.48828,19792.59375,20435.35547,22231.57031,16472.32422,14656.46094
TCGA-RC-A7SH-01A-11R-A38B-07,32404.11719,24055.27344,29014.375,32506.31836,37900.42188,29358.21289,8330.266602,27145.23438,2863.099609,20039.47852
TCGA-XR-A8TC-01A-11R-A36F-07,33033.86719,35493.13281,25787.875,19200.66016,15399.6543,19014.83008,9565.370117,19977.65039,10481.29492,14719.49805
TCGA-DD-A1EG-01A-11R-A213-07,42712.1875,38488.64063,12410.59277,8965.460938,10596.77832,9048.136719,51346.32422,9745.787109,13362.00977,5311.564453
TCGA-G3-A25X-01A-11R-A16W-07,14919.88477,3856.237793,8996.823242,6759.845703,7067.422852,4007.560791,8019.998535,1804.621216,14966.16992,578.577515
TCGA-DD-A1ED-01A-11R-A155-07,34352.77344,5373.808105,15195.92871,15587.16211,13357.57715,12548.96289,6088.533203,13231.27148,26939.3125,8039.861328
TCGA-MR-A8JO-01A-12R-A36F-07,2171.004639,187.362305,69685.20313,65511.82031,45165.91406,44350.16406,4880.728027,47329.08203,7171.222168,36342.22656
TCGA-DD-A1EC-01A-21R-A131-07,5259.083984,30.762754,30376.49805,18545.12305,31972.72656,24980.62109,5908.513672,20427.29688,20963.82422,18449.04492
TCGA-DD-AADS-01A-11R-A41C-07,129222.6641,35826.89844,13987.5127,9791.113281,21146.58203,9521.955078,10275.69141,4715.243652,9500.170898,446.611755
TCGA-DD-AAED-01A-12R-A41C-07,69581.57031,42533.35156,40318.79688,25627.33789,14547.82324,21427.2168,6804.353027,16819.37891,12503.82422,12964.30469
TCGA-DD-AADU-01A-11R-A41C-07,42467.17969,69493.51563,17126.59766,22755.93359,22551.64063,32438.82422,22573.31055,29766.50391,4824.297852,12572.12891
TCGA-DD-AAVX-01A-11R-A41C-07,3899.753418,15545.89453,16076.54492,17346.35938,10846.01367,12268.66309,16251.98926,10032.84863,26875.32031,9956.581055
TCGA-ED-A7PX-01A-51R-A352-07,12524.09863,6250.144043,27512.38867,33871.26563,27054.13477,19916.74414,10927.04199,16463.20117,2563.84668,16396.31445
TCGA-G3-AAV6-01A-21R-A37K-07,29796.0957,53879.625,7680.092285,9704.452148,7083.335449,3638.931152,16602.06055,2620.944336,27026.01758,1215.779175
TCGA-DD-A4NV-01A-11R-A311-07,40838.33984,10257.17383,25884.12305,17181.09961,17148.99414,12814.46289,7890.036133,14212.15723,6672.279785,9530.521484
TCGA-DD-AACF-01A-11R-A41C-07,38393.31641,26728.51953,12378.75391,18745.49023,16148.84863,14409.2666,7515.621582,8700.946289,13213.86426,7930.82666
TCGA-CC-5262-01A-01R-A131-07,24076.97656,45427.92188,7976.809082,6962.418457,9290.730469,8846.694336,31630.60352,6567.314453,23952.79102,4948.554199
TCGA-DD-AAE0-01A-11R-A41C-07,5503.428223,4261.319336,12433.41504,14755.79395,13531.73047,9959.744141,13375.36719,6776.625,16293.40332,5127.484375
TCGA-G3-A3CG-01A-11R-A213-07,43958.64063,51130.41016,19253.9043,13744.97656,21824.38672,18811.74609,7131.704102,8507.273438,18164.95508,12207.72852
TCGA-DD-AADP-01A-11R-A39D-07,20489.64258,44704.08203,15828.4082,10919.14063,12467.52441,9432.761719,6099.756348,8555.588867,29125.38477,7446.32666
TCGA-2Y-A9GY-01A-11R-A38B-07,28703.86523,35298.42578,12286.36719,12644.91406,12981.79199,8103.37793,27346.42773,6943.082031,8186.939941,3329.810547
TCGA-DD-A3A2-01A-11R-A213-07,77801.21094,25327.53516,45459.13672,35814.70313,32989.15625,34946.3125,1815.76709,41238.14844,7848.410645,21874.43945
TCGA-G3-A7M9-01A-23R-A352-07,2517.927002,7939.228027,11330.08301,10804.81543,9278.823242,8240.411133,8790.949219,9200.262695,8613.624023,5904.825684
TCGA-UB-A7MC-01A-11R-A33R-07,16808.88672,11450.96191,8450.750977,8607.080078,10263.89941,9728.006836,22211.70117,10708.39453,5056.850098,7646.290527
TCGA-DD-AAW0-01A-11R-A41C-07,50615.09375,53900.08594,19879.9082,11843.76074,9022.350586,10704.9668,14768.18164,10805.03027,14004.88867,9542.422852
TCGA-5C-A9VG-01A-11R-A37K-07,20549.81445,20841.57813,15549.71387,18576.53711,16609.98633,15929.74707,14723.77051,12353.9668,5157.849121,11155.23145
TCGA-DD-A3A8-01A-11R-A22L-07,99964.42969,41171.28516,17249.75781,17380.67969,17141.14648,21701.25781,6126.578613,22015.72852,10452.5957,12336.38379
TCGA-DD-AADR-01A-11R-A41C-07,25110.89453,39201.26563,32866.27344,34582.01953,22548.11914,19538.95898,28440.19531,14711.59375,9146.693359,14146.45996
TCGA-BD-A2L6-01A-11R-A213-07,42161.33203,26444.14258,24832.02539,25587.99414,22595.00391,16835.16992,7075.742676,15542.71387,12140.43164,7551.100586
TCGA-2Y-A9GZ-01A-11R-A39D-07,46003.78516,6738.693848,27661.87305,16419.49805,22831.12695,13818.35938,5936.391602,15026.53711,9941.074219,10959.23633
TCGA-DD-AACD-01A-11R-A41C-07,16286.91211,20425.13867,16862.68945,20989.49219,30915.90039,10828.69531,7157.089355,6896.231445,21861.38086,1409.911255
TCGA-UB-A7MF-01A-11R-A33J-07,103836.2813,16783.69727,12145.47461,12722.54004,10631.41992,10654.10449,8270.494141,7319.588379,8789.267578,5609.509766
TCGA-2Y-A9H1-01A-11R-A38B-07,111179.5938,40946.25391,6194.807617,9796.072266,10088.77441,8293.477539,21926.03516,4677.588867,11454.65039,749.142883
TCGA-CC-A3M9-01A-11R-A213-07,14.753417,8.503315,7718.117188,6616.416504,7702.669434,6539.953613,14088.3457,6617.826172,239.328033,3668.672852
TCGA-KR-A7K2-01A-12R-A33R-07,85806.45313,59293.55078,25665.53906,28641.60547,17237.60938,18130.29883,11687.91309,10954.65918,10534.03125,8567.380859
TCGA-DD-A39Z-01A-11R-A213-07,60058.36328,62132.73047,11565.78418,11914.72559,19504.6543,8684.581055,9197.106445,7188.236816,51245.65234,2158.81958
TCGA-DD-A1EF-01A-11R-A131-07,57923.93359,17942.57227,17645.74805,11708.87988,11079.31836,15852.23633,22309.13672,14868.51563,9805.999023,11227.73438
TCGA-BW-A5NQ-01A-11R-A27V-07,16791.96484,44426.64063,9458.660156,15780.13184,13694.97168,12542.32227,30812.25391,5686.219727,12284.96387,7560.035645
TCGA-DD-A39V-01A-11R-A213-07,8480.704102,49809.45703,3726.57373,3726.189697,6117.223145,4422.961914,60831.39844,2208.699951,9642.383789,483.004669
TCGA-BD-A3EP-01A-11R-A22L-07,11845.0459,19846.88672,17917.66602,14050.9707,14565.9043,9026.577148,28736.7793,10639.74805,33431.94531,6297.72998
TCGA-2Y-A9H6-01A-11R-A39D-07,43539.40234,31273.48242,31650.15039,22959.25781,15256.32813,14208.16113,8730.21582,17017.76758,22073.11523,8786.664062
TCGA-G3-A5SM-01A-12R-A28V-07,50786.24609,28655.80859,26097.51953,19629.83008,18836.44336,17903.17773,30069.39063,15259.28125,13638.88184,14215.61621
TCGA-WQ-AB4B-01A-11R-A41C-07,37788.78906,29612.78711,25596.58594,25063.43945,18332.73047,20413.04297,21000.12109,12610.94531,11750.56055,4152.097656
TCGA-WQ-A9G7-01A-11R-A37K-07,27013.14648,44876.07031,30346.1582,28915.33984,35391.14453,25877.61133,20076.61719,21565.87695,7268.043457,15248.18066
TCGA-FV-A3I1-01A-11R-A22L-07,49802.6875,20570.7793,8914.484375,5654.310547,4948.637695,7295.806152,29418.875,6575.304688,19460.51172,5258.330566
TCGA-BC-A10S-01A-22R-A131-07,63390.71875,21477.60742,6096.98877,16344.59473,16701.40234,21698.63672,14158.18164,9149.908203,24702.89648,8910.263672
TCGA-ZP-A9D2-01A-11R-A38B-07,33684.8125,13153.27051,13682.4043,9125.235352,6894.159668,6889.105957,10617.93945,6704.056641,5806.881348,5555.937012
TCGA-DD-AACA-02A-11R-A41C-07,64518.45703,23061.17773,20143.55664,14730.46094,18045.43555,11508.76856,16524.54688,16267.48535,5978.290039,11059.31055
TCGA-DD-AACA-02B-11R-A41C-07,57377.16406,43261.76563,12413.78906,14012.44043,19172.12109,9664.103516,31202.97656,8162.005371,8729.421875,4585.733887
TCGA-5R-AA1C-01A-11R-A41C-07,13632.17188,15769.75098,14443.42285,13086.9707,11948.02832,7254.933105,21628.96094,8443.429688,5247.626465,5977.069336
TCGA-G3-AAV2-01A-11R-A37K-07,39442.10938,34773.72266,15515.52832,14982.53809,13084.21777,14832.91113,10663.08496,8523.545898,10880.7666,7898.790039
TCGA-XR-A8TG-01A-11R-A36F-07,47163.65234,9771.644531,18588.54297,10677.59766,12135.91309,13853.46777,5938.505371,10835.19824,17052.90039,10603.85547
TCGA-DD-AACC-01A-11R-A41C-07,45874.55078,52115.73438,8599.510742,9524.77832,8557.451172,8438.541992,20287.99414,5858.115723,39586.10938,3460.275879
TCGA-DD-AAE4-01A-11R-A41C-07,96223.32813,23394.88281,6668.924316,16687.67773,18847.5332,11321.05469,5299.256836,6422.60498,17619.33398,1262.824707
TCGA-CC-A8HU-01A-11R-A36F-07,67826.35156,34979.51563,13354.84863,13469.06641,8414.489258,9424.017578,12244.10059,9856.922852,3913.090332,5557.958496
TCGA-GJ-A3OU-01A-31R-A38B-07,25183.19336,39985.67969,11448.95703,15782.67481,15926.28027,13549.79395,34332.94531,11036.64746,7371.316895,8661.302734
TCGA-ED-A7XP-01A-11R-A352-07,19043.90625,51135.11719,13748.68848,13346.45898,13607.74414,11249.44141,28120.2168,15269.80469,6038.387207,9560.469727
TCGA-BC-A112-01A-11R-A131-07,27348.0918,10.227702,17167.69922,25986.97266,12324.67578,22245.95898,26835.96875,15520.09668,15005.21973,18818.85742
TCGA-BC-A5W4-01A-11R-A28V-07,66070.88281,71631.14844,22138.99414,17940.89453,10563.19531,9344.460938,8602.214844,8645.524414,15247.21777,4342.077637
TCGA-ZP-A9CZ-01A-11R-A38B-07,115955.3281,32822.85156,13081.30664,10148.62988,8875.192383,9987.040039,12119.9668,7051.521484,15012.97949,6684.805664
TCGA-XR-A8TE-01A-11R-A36F-07,36413.17969,24160.53906,15441.77832,14805.9834,9023.613281,11400.68066,19894.29492,13026.48633,30384.68555,9123.666016
TCGA-DD-A4NB-01A-12R-A266-07,8560.475586,2065.909424,50498.09766,35611.14453,29543.39844,29819.08203,10136.9375,29898.92188,10197.68555,22417.23047
TCGA-EP-A2KC-01A-11R-A213-07,15931.43457,36302.80859,7115.703125,19957.56836,24305.9082,10242.55469,34711.05859,19033.49023,16418.98242,7134.583984
TCGA-CC-A5UE-01A-11R-A28V-07,4895.688477,11073.87695,11459.15137,9327.077148,11225.37109,3975.33374,36054.43359,6370.830566,13224.57227,2648.572754
TCGA-BC-A10Y-01A-11R-A131-07,58104.03516,3511.802734,14044.92773,10586.99316,9210.488281,14319.79883,4609.956055,11044.57617,8683.216797,10945.05469
TCGA-UB-AA0U-01A-11R-A38B-07,79723.25,15323.3457,31085.77344,21161.85938,17884.54492,19770.98047,5869.57959,18596.48242,14438.93262,15122.37109
TCGA-CC-5260-01A-01R-A131-07,394.343201,60.497536,12587.42188,18295.17188,13046.69531,7400.513672,4867.763184,8545.514648,3440.581787,5348.205566
TCGA-5R-AAAM-01A-12R-A41C-07,43785.05859,13237.05957,23713.53125,18516.11133,13780.25684,16070.24121,12481.30273,13612.80078,18346.47266,13452.15332
TCGA-2Y-A9GT-01A-11R-A38B-07,82044.97656,7667.256348,17659.75,12617.58691,12754.44238,17217.97656,5099.618164,14299.09375,16789.54883,11908.46973
TCGA-DD-AAEG-01A-11R-A39D-07,32958.01563,15659.18164,23858.00781,16919.0332,13360.93262,14796.39746,22733.71289,14220.62109,9337.894531,14214.72852
TCGA-G3-A25V-01A-11R-A16W-07,56363.95703,12693.04395,12234.28711,12961.03418,10887.66992,11375.83594,23865.70313,9829.321289,35609.125,6589.528809
TCGA-ED-A66X-01A-11R-A311-07,48825.91016,26812.80664,21298.4707,19658.82422,8666.223633,12197.02832,19765.31836,10550.34863,16705.06055,9286.709961
TCGA-DD-A73D-01A-12R-A32O-07,37833.90625,30668.0293,32017.32227,21047.40234,21618.52344,13685.91699,14952.25391,20493.43164,5241.007812,8199.603516
TCGA-RC-A7S9-01A-11R-A33R-07,114254.0313,34166.88672,11514.94824,17334,15744.21094,15371.41406,2615.415771,15384.69629,23244.61719,7420.897461
TCGA-DD-AACO-01A-11R-A41C-07,89009.10938,58187.51563,9697.327148,13206,14725.91797,9453.986328,15944.26074,4793.176758,11820.97559,604.199524
TCGA-2Y-A9H9-01A-21R-A39D-07,103793.4844,7547.477051,9451.825195,11671.58984,19078.73828,14271.05469,7665.824707,13678.03125,11589.8291,11202.56348
TCGA-G3-A25Y-01A-11R-A16W-07,15303.40332,17083.24414,15498.85742,11073.60645,8271.923828,8824.777344,8926.415039,7426.338867,31877.43359,5296.683594
TCGA-G3-AAV3-01A-11R-A37K-07,14256.91797,28221.34766,12755.24512,12244.81641,11101.30859,8072.768555,32090.30469,7828.438477,13013.97363,5713.448242
TCGA-EP-A3JL-01A-11R-A213-07,26053,46029.66016,19675.1543,34417.61328,29962.34961,34540.72656,26438.17383,22547.44922,10770.55371,16428.91602
TCGA-ZS-A9CE-01A-11R-A37K-07,84505.51563,34927.25,20062.40234,17369.36523,8775.34375,10886.60645,8337.895508,7588.918457,4414.031738,8897.40332
TCGA-DD-AAD0-01A-11R-A41C-07,29658.32422,40152.62891,15593,12852.69531,13993.75684,14411.5332,13374.72461,18397.54102,13906.45508,8770.148438
TCGA-EP-A2KA-01A-11R-A180-07,60729.94141,6961.512207,9717.993164,10371.28223,18011.27734,5622.740723,10512.41895,6000.178711,36022.21875,2308.993652
TCGA-BC-A10Q-01A-11R-A131-07,507.892914,13.658826,32988.61328,40963.95313,41111.82813,26137.80469,2483.212158,24707.8418,3995.077393,13966.33106
TCGA-RC-A6M6-01A-11R-A32O-07,41264.72656,21358.66406,8287.724609,5126.165527,5424.096191,7006.066406,25678.10938,6565.680664,77004.85938,4325.587402
TCGA-MI-A75E-01A-11R-A32O-07,44438.31641,18287.20703,18700.80469,16282.77344,17773.02148,14339.20215,26273.12305,12263.04395,28007.82813,8465.396484
TCGA-DD-AADB-01A-11R-A41C-07,26425.45313,26946.47656,23664.32422,15779.15625,12213.56055,9087.231445,28776.10742,11456.68359,8904.59375,5855.619629
TCGA-DD-A4NL-01A-11R-A28V-07,71226.80469,7796.273438,25351.23633,18251.54297,12211.92188,20919.64258,10113.68066,22100.53711,21726.33398,16710.01367
TCGA-DD-AACX-01A-11R-A41C-07,15849.16113,23830.08203,42970.79297,32830.49609,28142.5,19328.83984,27198.66992,20181.9375,7060.454102,13761.16309
TCGA-DD-AAEA-01A-11R-A41C-07,38284.27344,38262.61719,39223.66797,28729.25391,26664.88477,21285.36133,27666.1543,23097.29883,5164.657715,18104.07227
TCGA-CC-A8HV-01A-11R-A36F-07,31902.39844,19530.25,44595.17188,38327.98438,26253.66797,25289.53711,18922.89453,23955.41016,6679.068848,17693.13867
TCGA-3K-AAZ8-01A-12R-A39D-07,30513.00391,30034.96289,10431.28223,11975.7959,13442.04883,4130.611816,13250.50488,7205.074707,18090.48633,2916.275391
TCGA-G3-A3CK-01A-11R-A213-07,11803.20801,20230.60547,19547.4707,14693.88867,13835.53906,13948.75293,19941.99805,10780.43457,20654.97852,10551.16699
TCGA-FV-A2QQ-01A-11R-A22L-07,45114.57031,46041.66797,8012.813477,8657.822266,6269.23877,7839.141113,41129.91016,4811.584961,20748.46875,3913.10498
TCGA-DD-A114-01A-11R-A131-07,45518.98438,13263.05859,16172.20117,11539.58887,9133.732422,12225.01563,18861.92188,10515.91211,5024.027832,9146.027344
TCGA-5R-AA1D-01A-11R-A38B-07,9923.65332,2918.002441,47480.00391,34418.51953,40293.63672,26717.69336,8521.983398,33626.8125,11302.77148,20377.04883
TCGA-FV-A3R3-01A-11R-A22L-07,6166.691406,28687.67188,39314.72656,24571.39063,25190.25781,23352.83594,14599.88477,24414.57031,24975.17383,14740.27344
TCGA-DD-AAE3-01A-11R-A41C-07,27133.73633,31210.95117,25907.78711,20172.27539,30759.39648,12366.70215,14652.99121,13126.99121,15739.48926,4623.834473
TCGA-2Y-A9GV-01A-11R-A38B-07,18485.2207,5819.250977,23672.25781,16332.22266,15855.03711,16462.05469,9983.605469,15656.34473,10140.45215,12438.03613
TCGA-G3-A25U-01A-11R-A16W-07,31132.41602,13916.70215,35192.71484,18674.25586,13625.58398,22944.54883,6324.215332,11958.90723,5605.357422,18198.60742
TCGA-DD-AACE-01A-11R-A41C-07,28711.08398,34631.4375,49829.21484,37869.44141,56596.22656,38661.96484,8131.986328,28683.13477,1297.495483,32048.47461
TCGA-DD-AAD8-01A-11R-A41C-07,51334.80859,25943.36133,23502.83594,19757.7832,15293.92871,20819.10156,19235.8418,22538.53125,13344.15332,17905.55859
TCGA-BW-A5NP-01A-11R-A27V-07,25487.39453,38196.58594,12502.14941,8591.350586,4372.65918,8925.646484,25293.39844,4970.678223,17856.53906,6232.769043
TCGA-2Y-A9H8-01A-11R-A39D-07,55792.92578,23694.64063,19505.79297,27508.92188,24355.02148,17903.81055,15067.17871,15112.15723,13849.17285,12818.49023
TCGA-DD-A1EJ-01A-11R-A155-07,12467.79102,58067.61328,5518.845215,10333.18066,13417.66504,9956.379883,12868.66406,8506.631836,15243.06348,6182.257324
TCGA-ZS-A9CF-02A-11R-A38B-07,20633.08984,15858.85059,32154.99219,20821.62695,22057.45703,30103.82422,2089.770996,31748.78516,8374.546875,23987.6582
TCGA-DD-A3A5-01A-11R-A22L-07,21000.62695,14637.91895,13815.08203,11463.26758,14023.59668,13837.01953,6311.027344,10399.81543,10487.89844,5898.161133
TCGA-DD-AAVV-01A-11R-A41C-07,28286.18945,11351.49609,15764.67676,11396.9668,14428.98828,10620.34961,24920.36914,8801.775391,8870.06543,6806.522949
TCGA-DD-AAW2-01A-11R-A41C-07,42160.87109,29824.47266,33364.64063,21119.85938,24903.00586,21974.40625,12019.51465,19161.75781,5805.986328,15015.42871
TCGA-NI-A8LF-01A-11R-A36F-07,53133.89453,23102.37109,38379.78125,28939.88867,25690.3125,38578.41797,7626.630371,33895.14844,2484.111328,32651.60352
TCGA-DD-A113-01A-11R-A131-07,155327.8125,12861.85449,18076.54102,14473.41211,18270.51758,17465.89453,16410.94531,8413.212891,12269.91699,10876.59766
TCGA-G3-A25S-01A-11R-A16W-07,755.636841,64308.39063,9923.021484,10192.23047,12682.62305,18811.99219,21446.21094,9218.631836,7214.030273,4975.617188
TCGA-DD-AACP-01A-11R-A41C-07,7487.819336,37907.44141,16043.0332,14226.91504,12029.4209,7378.815918,35761.73047,8166.839844,23168.12695,4684.219727
TCGA-ED-A5KG-01A-11R-A27V-07,26001.60742,8338.036133,5829.057129,3749.94873,3863.468994,3330.635742,6041.529297,2931.020264,16363.21191,2471.747803
TCGA-CC-A8HT-01A-11R-A36F-07,49198.55078,23141.94531,34542.71875,20323.77734,23964.68555,23549.49023,20748.08984,32036.75,5970.441406,17257.82031
TCGA-KR-A7K7-01A-11R-A33J-07,36681.58984,33661.72266,9944.108398,10437.76367,9545.076172,7038.215332,43893.07813,5508.989258,10808.6709,2080.395996
TCGA-G3-AAUZ-01A-11R-A38B-07,136823.3125,2969.761963,8974.401367,9468.120117,11059.91406,8746.979492,13882.41309,5341.772461,11669.89063,1777.775635
TCGA-BC-A8YO-01A-11R-A37K-07,29078.71484,2118.24585,16139.63672,10309.87305,10235.29297,10089.61328,19185.93555,13207.22363,9803.992188,8000.954102
TCGA-EP-A12J-01A-11R-A131-07,66319.57031,25150.72852,16418.69727,10330.50781,12463.81738,7558.930664,6906.836914,11565.55859,5022.393555,5741.827148
TCGA-RC-A6M4-01A-11R-A32O-07,43393.36719,29599.46875,20970.0293,24243.13867,28512.93164,11401.32715,15868.2832,15084.86035,9555.18457,6325.116699
TCGA-DD-A73B-01A-12R-A32O-07,42947.35547,62364.15234,17973.88281,13082.83106,22110.20313,18090.11328,4110.799805,20106.29102,9805.901367,11434.30273
TCGA-ZP-A9CY-01A-11R-A38B-07,117665.9609,18020.9082,17178.29297,11553.55762,14320.3916,12495.48145,10170.47754,12320.09961,24088.22266,9087.46875
TCGA-MI-A75I-01A-11R-A32O-07,127787.1094,39318.42969,12183.71777,9433.652344,9557.96875,5599.017578,24655.35742,5997.630859,8845.146484,3619.336182
TCGA-RC-A6M5-01A-11R-A32O-07,26468.80273,910.720276,39632.86719,23798.50586,27699.61328,25963.39453,9197.605469,19705.03906,16817.00781,17493.7793
TCGA-DD-AADQ-01A-11R-A41C-07,9947.162109,9397.675781,14810.29199,13633.7959,8425.633789,10138.63867,11528.68652,7581.95166,16385.38281,6505.242676
TCGA-O8-A75V-01A-11R-A32O-07,34009.88672,52422.5625,12067.91895,14984.58203,17045.52734,9281.558594,33654.43359,9045.827148,13115.20117,5348.015137
TCGA-BC-A10U-01A-11R-A131-07,31282.79688,53863.22656,24659.93555,16114.6582,15698.74609,17398.93359,14536.15332,17645.86719,15939.33301,11800.04785
TCGA-CC-A7IF-01A-11R-A33J-07,65208.42188,23668.0625,31985.61328,24641.5918,22301.50781,32314.12695,7582.465332,30302.58203,6029.834961,23581.47852
TCGA-DD-A11D-01A-11R-A131-07,68227.75781,20787.24805,17815.43359,8253.444336,13327.49609,10934.93848,7398.608398,10648.24316,22814.72656,7945.80127
TCGA-LG-A9QC-01A-11R-A37K-07,17564.15234,16500.34766,14482.30566,12378.55762,19812.92578,16051.89941,5402.365723,25870.12109,16210.48438,12120.18262
TCGA-CC-5258-01A-01R-A131-07,124417.0547,42407.35547,6485.448242,2754.381836,5916.540527,4411.416992,19484.50391,6093.728027,20316.41992,3415.053711
TCGA-DD-A4ND-01A-11R-A266-07,60266.9375,10293.44824,36174.98047,23125.08203,15332.58887,17765.47656,11090.54102,18943.4082,19868.20898,15394.61426
TCGA-ED-A7PZ-01A-11R-A33R-07,11865.32813,21220.10352,9483.336914,20860.69336,32398.88281,22800.35352,20726.73633,14132.22461,12219.66699,8147.67627
TCGA-CC-5261-01A-01R-A131-07,94913.85156,7306.471191,7403.865234,5118.217285,3886.131104,4637.180664,6094.081543,4670.059082,12541.91504,3868.507812
TCGA-DD-AADW-01A-11R-A39D-07,40431.07422,10880.85352,22814.0332,19112.42773,10651.35547,11894.80273,8037.38623,13478.88965,19230.57813,12160.20215
TCGA-BC-A69H-01A-11R-A311-07,25061.7832,42141.55859,1752.692505,2827.549561,3024.39209,1605.268066,32056.88477,1261.803589,34202.00391,303.348297
TCGA-DD-A1EH-01A-11R-A131-07,60208.64453,15414.83984,23095.9043,12918.73926,11319.18164,12369.92676,7695.208984,11569.94922,13241.72461,8500.761719
TCGA-CC-5264-01A-01R-A131-07,73510,4324.101562,10190.79199,8459.592773,6011.235352,7200.718262,6697.841309,5265.401855,8548.399414,5275.996582
TCGA-CC-A123-01A-11R-A131-07,28620.73828,53374.51172,4764.301758,3770.58667,7302.11084,4072.24707,43410.62109,1979.290527,10493.6875,190.622559
TCGA-GJ-A6C0-01A-12R-A311-07,57600.80078,39837.73828,13661.72363,11712.87988,7258.731934,7301.234375,29893.20898,12503.89063,19281.5918,5604.703613
TCGA-DD-A73F-01A-11R-A32O-07,198440.3438,13710.24512,21379.61328,13556.02148,13227.47363,11231.77441,6793.583984,14892.64551,12912.10938,7427.270996
TCGA-MI-A75H-01A-11R-A32O-07,42543.32031,36114.55859,22448.8125,17062.90039,14388.32715,13943.89648,23650.06836,13438.40039,8576.072266,8804.452148
TCGA-DD-A73A-01A-12R-A32O-07,132913.5625,14521.77148,27998.17383,28023.36328,28720.00781,16315.93359,22381.06445,28085.70313,13572.19727,12236.75391
TCGA-BC-4073-01B-02R-A131-07,80077.26563,6062.916504,5425.274902,3919.633545,5151.553711,4363.835938,10427.09277,3709.956055,20523.01367,3030.548096
TCGA-FV-A3R2-01A-11R-A22L-07,54507.35938,20814.69141,15256.24902,15953.63672,8452.298828,12103.33984,13065.20117,6656.139648,14903.96387,8753.891602
TCGA-DD-AACT-01A-11R-A41C-07,36097.875,30319.57813,35322.60156,26359.36914,19724.9375,20081.44922,23512.60742,20624.08398,11741.57324,16168.43848
TCGA-G3-A3CI-01A-11R-A213-07,127717.9219,26136.68555,42967.375,20686.71875,25775.82813,19916.41016,13071.57129,17246.68555,6822.291992,13699.45606
TCGA-DD-AAEE-01A-11R-A41C-07,32953.96875,36447.51172,21529.57227,13261.13477,14512.55957,10864.1377,29254.52148,11225.9043,6667.951172,6777.778809
TCGA-ES-A2HT-01A-12R-A180-07,45356.71094,86186.75,9461.662109,8168.324219,7513.103516,6096.585938,16847.77148,2682.978516,26561.18555,1189.997192
TCGA-DD-AACZ-01A-11R-A41C-07,14812.69043,42883.34375,16178.4209,18696.91602,17290.72266,19334.25781,39936.35547,12836.39746,3606.840576,14180.24219
TCGA-CC-A9FS-01A-11R-A37K-07,40965.69141,39206.69531,34070.45703,23284.13477,17250.0957,23487.59961,9774.819336,18284.27734,12194.49414,18800.86719
TCGA-DD-AADF-01A-11R-A41C-07,41326.83594,42220.03516,28376.86133,22529.39844,24787.51367,21463.24805,10106.79785,14356.17285,5506.192871,8878.584961
TCGA-DD-AAVQ-01A-11R-A41C-07,112407.8281,21076.51953,17837.83398,12385.63086,11093.42481,8919.767578,9060.152344,8596.054688,19235.95508,4056.35376
TCGA-DD-A1EK-01A-11R-A213-07,40350.54297,33599.67188,33324.34375,24200.44922,22175.4082,35706.58984,10895.98535,32020.66016,14750.59082,23656.47266
TCGA-BC-A3KG-01A-11R-A213-07,62196.875,13949.47363,21975.91992,17734.61914,15831.68262,21956.82031,6135.840332,19741.10742,1710.717529,15522.36426
TCGA-DD-AAD6-01A-11R-A41C-07,19906.99023,30315.46875,59665.23438,44484.89844,35138.38281,40927.07813,14306.64844,24877.24805,12489.6084,36257.93359
TCGA-4R-AA8I-01A-11R-A38B-07,16589.5957,18210.72656,10952.31055,9421.693359,11999.00586,17432.18945,14572.26172,16849.26563,8486.113281,12764.94531
TCGA-DD-AAC8-01A-11R-A41C-07,7308.541016,34522.99219,5697.54541,7218.370117,8219.538086,6363.23877,46179.91797,7033.53125,16240.06641,3994.109619
TCGA-EP-A2KB-01A-11R-A180-07,40405.66016,57602.22266,15191.21387,15263.59961,16895.32227,10852.17773,39590.92188,10790.00391,9211.695312,6680.986816
TCGA-DD-A4NP-01A-11R-A28V-07,22229.07422,13467.84863,22623.70117,21237.49805,14789.41211,16289.49219,8270.155273,12538.51465,23648.29688,8810.574219
TCGA-DD-A1EL-01A-11R-A155-07,3581.88916,14419.22559,22337.125,23127.55273,18681.55078,12246.62207,42665.03906,10943.08496,5439.92627,7856.538086
TCGA-ED-A8O5-01A-11R-A36F-07,27597.48047,41801.42969,15047.39258,12538.90137,9886.068359,8284.947266,5207.199219,8826.637695,23324.18945,6594.575684
TCGA-DD-A3A3-01A-11R-A22L-07,40740.0625,63059.86328,11523.79395,13060.11133,14618.21289,5929.472656,32285.45117,8694.680664,35837.02344,2313.506592
TCGA-HP-A5N0-01A-11R-A28V-07,54153.39844,20285.10156,18529.88281,11346.76172,9605.808594,6331.940918,6570.423828,6447.256836,11308.96484,4173.581543
TCGA-RC-A7SB-01A-21R-A352-07,25245.60156,35490.50391,37356.59375,26456.82813,22198.40234,24377.36523,18921.85742,26277.23242,7439.570801,20830.375
TCGA-K7-A6G5-01A-11R-A311-07,49201.25781,40124.99609,11693.00391,10109.19824,9844.484375,7948.927246,14414.31543,6158.565918,13520.02051,4527.265625
TCGA-DD-AACL-01A-11R-A41C-07,16137.16797,58129.92969,15054.77051,13414.2793,12238.75488,10300.75391,40915.96484,8393.587891,12885.44727,4938.546387
TCGA-ED-A66Y-01A-11R-A311-07,90156.03906,9581.736328,20418.23047,14490.74707,7698.553711,10754.82129,4804.22998,6900.749512,43067.73438,8513.863281
TCGA-RC-A7SK-01A-11R-A352-07,57275.40625,17160.86719,17084.19531,10465.38379,9448.742188,13398.19629,16643.69922,15913.80371,7624.963867,10690.33887
TCGA-DD-A39X-01A-11R-A213-07,34643.80469,74861.5625,8707.130859,7592.869141,7090.488281,4991.412598,57097.375,2975.970947,14929.64356,1374.619263
TCGA-DD-AACV-01A-11R-A41C-07,32568.0918,17424.09961,25245.18359,16286.87109,12452.66602,17833.68164,4141.182617,13281.61523,6736.576172,13958.85254
TCGA-UB-A7MD-01A-12R-A352-07,7299.699707,2918.062744,10382.07129,8496.514648,8108.735352,7540.40332,36637.50391,12623.92969,16897.6543,5322.26709
TCGA-FV-A3I0-01A-11R-A22L-07,81.840927,26.73855,18443.22266,12975.42188,8383.446289,9646.382812,3722.045898,10395.46094,5248.391602,6124.506348
TCGA-DD-AAD3-01A-11R-A41C-07,117669.2734,25606.89648,17847.10156,8681.124023,12693.26074,8714.15332,13165.6582,9111.181641,22574.2832,7067.97998
TCGA-DD-AAVU-01A-11R-A41C-07,16099.81641,38320.01172,6691.381348,8103.21875,10489.74316,5657.400879,33142.75781,4767.020508,17874.14648,1534.714355
TCGA-DD-AADN-01A-11R-A41C-07,64148.66406,68867.63281,3913.113525,4593.007812,10306.29688,3906.015381,49954.11328,2752.585693,8617.735352,284.013794
TCGA-G3-A6UC-01A-21R-A33J-07,28158.48633,8683.125,19512.14063,18856.99023,17956.64453,13151.03906,5775.90332,16469.74805,8135.381348,11495.43164
TCGA-DD-AA3A-01A-11R-A37K-07,5476.380859,336.055237,12227.49121,12811.83594,10672.87891,10257.00195,6544.137695,16598.89453,860.698669,8997.631836
TCGA-DD-A3A6-01A-11R-A22L-07,31.357294,11.890536,45113.50391,52714.98438,29508.3125,34980.77734,12849.79297,23207.40039,21.114561,15817.22949
TCGA-RG-A7D4-01A-12R-A33R-07,41841.01563,39221.32813,12067.44727,14236.43848,12223.53906,9556.96582,22216.79492,11149.77441,8414.922852,6715.532715
TCGA-WX-AA47-01A-11R-A39D-07,2964.742432,197.254425,63760.93359,60589.01563,40939.19531,30560.31055,14930.49512,35551.00391,16282.5332,24147.08789
TCGA-FV-A2QR-01A-11R-A213-07,80301.3125,47778.87109,17096.08398,10707.10254,9268.382812,11339.92969,13795.72559,8196.759766,12022.29297,7406.541504
TCGA-DD-A119-01A-11R-A131-07,46291.66406,57755.89453,8052.105957,8557.545898,11519.98047,14629.00977,32470.76758,9882.410156,18404.7168,2352.875
TCGA-BC-A10T-01A-11R-A131-07,84435.59375,21708.32617,17832.68359,28380.08203,24807.17773,15674.21191,3058.355713,17961.13672,2882.066406,10242.60156
TCGA-ZP-A9D0-01A-11R-A37K-07,43758.21875,35025.69531,32568.14453,18229.82031,13629.29102,8556.791016,7296.638184,15267.19824,7715.863281,6570.254883
TCGA-DD-AAE9-01A-11R-A41C-07,25380.07813,47326.07813,32652.64648,22961.68359,15236.4541,28166.60352,16406.91016,19957.79688,5805.640625,15355.9707
TCGA-DD-AAVS-01A-11R-A41C-07,23558.63867,25666.02734,23274.38672,15792.4209,9914.172852,11120.01758,15240.50098,12640.88672,11908.1582,8264.141602
TCGA-DD-AAW3-01A-11R-A41C-07,104607.375,19069.98828,31772.80859,25866.67188,23868.20703,20021.48242,9382.902344,16574.01563,6084.57959,15221.22363
TCGA-CC-A7II-01A-11R-A33J-07,78.071236,799.860474,5723.251465,7323.792969,5688.046387,4617.51709,5656.453125,3271.090088,2464.807617,1816.546387
TCGA-G3-AAV5-01A-11R-A37K-07,23442.31445,72145.09375,11798.72363,13818.69727,19230.60742,10726.55469,26760.92969,7962.573242,14708.5293,5260.632324
TCGA-CC-5263-01A-01R-A131-07,64733.92188,2200.536133,8866.62207,7853.450195,7724.730469,9184.806641,7525.208984,10512.60449,5556.322754,7003.653809
TCGA-DD-AADL-01A-11R-A41C-07,48751.47266,26387.1543,28923.73633,25647.10547,21093.99219,26984.375,12365.85352,20745.46484,3210.111084,25567.61133
TCGA-UB-AA0V-01A-11R-A38B-07,113561.1563,14327.33984,25613.79492,21220.29297,19083.27148,23652.29492,5909.490234,18902.99023,14085.19336,17005.3457
TCGA-DD-A4NG-01A-11R-A27V-07,7455.092285,12173.32422,48939.44141,64270.14453,50418.92578,53038.71484,3568.028564,55454.20703,9494.882812,38202.44531
TCGA-DD-AACI-01A-11R-A41C-07,66944.25,9982.289062,14189.51856,9281.75293,18561.5332,6382.959473,12144.04297,4204.701172,9239.098633,655.96991
TCGA-DD-AADO-01A-11R-A41C-07,36406.73047,74160.66406,4958.166992,3858.661865,8497.357422,3331.219727,23241.8418,1860.469604,23020.1582,212.924026
TCGA-DD-AAE7-01A-11R-A41C-07,139212.3438,15245.39941,12974.30469,11973.96387,9238.588867,11384.64941,13950.05176,6488.979004,48930.03125,6253.316895
TCGA-DD-AAVW-01A-11R-A41C-07,97669.38281,51282.45313,19012.89258,9580.367188,10885.13965,16805.29492,11011.26563,18755.85352,12923.99512,14967.74902
TCGA-2Y-A9H4-01A-11R-A38B-07,159307.7031,7847.216797,13330.53613,16690.72852,18183.51367,12734.01563,7244.323242,10750,3665.290527,5721.349609
TCGA-LG-A6GG-01A-11R-A311-07,13235.98047,23611.38867,12633.43359,6695.128906,9835.455078,8798.041016,10257.14941,8822.244141,31101.95117,6647.525879
TCGA-DD-A4NE-01A-11R-A27V-07,105457.2734,9204.561523,25545.1875,21645.46094,16707.4043,25593.12109,6520.906738,23399.32617,7244.844238,21198.18359
TCGA-CC-A3MA-01A-11R-A213-07,15147.82324,1234.595459,18159.83008,35839.37891,24712.55273,22632.6543,2663.961426,21844.96094,3391.480225,16072.37402
TCGA-DD-AADC-01A-11R-A41C-07,8098.556641,23756.88281,24169.88281,14633.73926,10384.48047,11289.11035,40335.36719,13310.53613,17380.73047,8324.518555
TCGA-UB-A7MB-01A-11R-A33R-07,54918.44922,26617.13867,12632.91504,9237.224609,4561.458496,6503.464355,6721.464844,4537.97168,3375.047852,5530.597656
TCGA-UB-A7MA-01A-11R-A33R-07,21805.32813,9984.238281,7650.644531,10120.93945,6968.67041,7125.694824,2353.366943,4423.132324,5444.992188,5382.643066
TCGA-KR-A7K8-01A-11R-A33J-07,45687.10156,22281.72852,17466.23633,21780.18164,21709.2793,20192.7168,15281.59277,19200.42188,11634.15723,13008.08594
TCGA-G3-A5SK-01A-11R-A27V-07,111211.9922,17925.6543,25514.33789,20186.23242,18314.48242,28373.79102,7875.751953,19893.35742,16954.25781,20574.04492
TCGA-ZS-A9CF-01A-11R-A38B-07,29730.08594,3376.284912,28876.10547,18810.95703,16678.04492,26520.95313,2932.230713,24434.38867,9650.458008,19768.16797
TCGA-DD-AADG-01A-11R-A41C-07,10543.2207,31036.48828,24724.92383,18875.95703,18652.35352,19417.14648,7471.977539,18070.64648,6339.559082,15777.92285
TCGA-DD-A1EB-01A-11R-A131-07,30082.14258,26847.55078,28760.12695,29978.18945,25742.12891,28774.65234,865.0896,24263.53516,14366.56738,22919.32227
TCGA-CC-A9FV-01A-11R-A37K-07,5.083646,0.641198,41282.22266,34294.67969,21349.91992,23441.81055,12214.74414,23410.36328,19.005341,20369.66406
TCGA-ED-A97K-01A-21R-A38B-07,10082.15332,1730.844849,29563.07031,17120.41211,12189.00879,18334.76758,6514.929199,15486.01563,16426.73047,13946.83691
TCGA-CC-A7IH-01A-11R-A33J-07,22574.43164,29684.46484,23889.19531,27133.92773,18323.03711,28568.93555,8987.236328,15952.7793,6942.189453,19587.59961
TCGA-CC-A7IG-01A-11R-A33J-07,38368.15625,38413.39453,12527.14453,12313.18555,12128.11328,12661.49414,25144.38086,6544.118164,6192.373535,3527.952393
TCGA-CC-A3MC-01A-11R-A22L-07,57563.04688,8337.632812,18353.38086,14649.68164,15447.7666,20421.79492,37414.57031,24182.19531,17001.15625,15196.8916
TCGA-DD-AAE6-01A-11R-A41C-07,63453.19531,92684.70313,32028.43945,23086.53516,19335.48828,17951.75,30565.81836,21014.03711,1436.466064,11479.30078
TCGA-CC-A7IE-01A-21R-A38B-07,23896.71875,63237.0625,22880.58594,20872.63477,19934.27734,21143.42969,12594.77246,20118.07813,14515.30566,14476.42676
TCGA-BC-4072-01B-11R-A155-07,57007.375,266.181702,33880.88672,19539.5918,17877.54688,23602.42969,3536.768066,17182.11914,17507.38477,18854.29688
TCGA-DD-AACU-01A-11R-A41C-07,49464.58594,19685.66016,11942.81836,10519.93945,7688.229004,8492.927734,22393.99023,8520.152344,13133.38379,6290.479492
TCGA-DD-AAVY-01A-11R-A41C-07,14912.00488,35608.53906,14864.76856,17501.13672,24043.69336,18152.67188,19569.66211,10736.64941,7541.180664,14544.84668
TCGA-DD-AAEI-01A-11R-A41C-07,88381.46094,18292.46289,17123.70508,13983.06348,13001.21289,13448.38672,50945.27734,13357.58398,8153.431152,9321.132812
TCGA-2Y-A9H7-01A-11R-A39D-07,67940.21875,65138.51172,15203.69043,10011.76758,7761.786621,9218.571289,19285.16406,6745.88916,51015.5625,7526.625
TCGA-DD-AACG-01A-11R-A41C-07,46145.61328,29952.71094,8749.182617,7975.523926,8570.179688,5139.549805,70065.69531,3255.160889,9858.53125,438.85788
TCGA-BC-A10R-11A-11R-A131-07,111700.4688,11829.50293,20005.55078,16137.33789,16697.01367,20412.95313,6193.495605,18116.61133,23181.17188,12424.75293
TCGA-DD-A11C-11A-11R-A131-07,121711.75,13545.73438,23316.68555,18420.26367,18491.0918,23868.78711,6612.116211,24885.69531,18423.03906,16691.10938
TCGA-DD-A3A2-11A-11R-A213-07,168941.2813,14332.73535,21795.2832,15957.87695,16318.07617,22303.7207,7704.994629,13039.49512,19478.3125,12386.75391
TCGA-DD-A1EB-11A-11R-A131-07,140333.6406,16008.4707,19623.37109,13675.54492,10362.09375,16790.08789,8810.885742,13618.52832,17215.48828,13492.80664
TCGA-DD-A1EI-11A-11R-A131-07,114603.1875,17713.42383,30869.76758,22206.31836,19758.10742,29115.23438,6806.833008,23199.08203,14754.29785,16433.93359
TCGA-EP-A26S-11A-12R-A16W-07,163657.9531,21130.72461,14670.17676,15178.05078,15864.36621,18410.45898,11556.68652,13416.35938,15747.59082,10575.68945
TCGA-DD-A39V-11A-11R-A213-07,80991.28125,10198.5332,30703.51172,19298.51953,22109.41406,30000.73438,6914.214355,19188.25,21630.98828,15611.96289
TCGA-DD-A119-11A-11R-A131-07,34604.67188,6416.46582,17146.71094,12074.32715,11828.96777,17560.02148,6922.908691,14228.91309,25692.73633,10571.29102
TCGA-BC-A10U-11A-11R-A131-07,88871.27344,11280.91406,27884.33398,27672.87695,27491.43164,35614.30078,4707.768555,29503.5293,16361.49219,21838.42578
TCGA-BC-A10X-11A-11R-A131-07,98516.02344,13036.52246,28233.30273,20314.70313,17597.83203,29880.13672,5879.071289,24739.64453,16963.69727,21690.80859
TCGA-DD-A39X-11A-11R-A213-07,159817.3594,21713.68555,16816.0293,14767.86035,17325.56445,20553.23438,7808.441895,17582.33398,23525.80664,11897.41211
TCGA-EP-A12J-11A-11R-A131-07,129265.3906,18274.75195,25187.59375,16471.24219,16546.0957,19859.875,5779.035645,19801.02734,16341.7627,15649.79199
TCGA-BC-A10Y-11A-11R-A131-07,110241.875,11491.87402,19625.80273,15350.89063,20969.29883,28224.57422,7749.309082,23853.85156,19637.47852,17788.57422
TCGA-DD-A114-11A-12R-A131-07,74053.96875,19282.35742,26462.17578,19812.80273,15250.79102,20563.93359,9622.242188,17589.64063,23232.92383,14727.27051
TCGA-BC-A10T-11A-11R-A131-07,110052.4609,12009.74512,35680.10156,28781.36328,30212.30664,40884.60156,6444.879395,31824.9707,19318.62891,23179.0918
TCGA-BC-A10Z-11A-11R-A131-07,85678.99219,9304.09082,28054.4043,25532.06641,21871.2168,28829.09375,6267.172363,22436.33398,20825.57813,18871.58789
TCGA-DD-A3A8-11A-11R-A22L-07,83601.48438,21320.07813,40174.08594,32121.78516,33753.6875,38482.49219,11513.67871,40841.05469,13336.69531,25507.80664
TCGA-BC-A10W-11A-11R-A131-07,97888.61719,16018.17969,30565.24219,25224.12891,23313.875,28763.09766,10523.46387,24201.25391,19495.09961,19543.88867
TCGA-FV-A3R2-11A-11R-A22L-07,156179.125,12383.50586,20786.15625,16850.42969,16372.43945,20793.99414,8134.30957,15875.11231,17188.0918,11716.3916
TCGA-FV-A3I1-11A-11R-A22L-07,133873.1563,12712.77734,24166.66602,17119.43359,15114.46191,22228.39453,8038.470215,19074.31836,20567.09766,16366.41895
TCGA-BD-A2L6-11A-21R-A213-07,101676.1719,9576.176758,34069.02344,25029.91992,21007.00391,29412.31445,9959.765625,24717.50977,18886.53125,22467.61328
TCGA-DD-A116-11A-12R-A26B-07,128928.4219,16476.28516,35324.38672,26745.51367,20489.4668,37114.69531,8699.936523,30352.43359,14360.54199,29194.10547
TCGA-DD-A3A4-11A-11R-A22L-07,50033.63281,11570.06738,14463.83398,14940.94629,11856.38477,15552.80762,13091.68457,12037.58203,16030.66797,9224.795898
TCGA-G3-A3CH-11A-11R-A22L-07,158626.125,16495.29492,37072.05859,22387.11523,16969.83984,24364.95117,8323.108398,26143.75586,13523.83398,18902.96484
TCGA-DD-A1EG-11A-11R-A213-07,139241.9531,18678.91992,25868.06445,21072.22656,24383.93164,21451.16602,8192.083984,21125.88477,15719.50879,11548.23926
TCGA-DD-A11D-11A-12R-A131-07,87580.57031,16648.28711,34298.96094,21013.20117,22584.72852,25979.72266,6562.117188,24668.58203,14159.90039,17825.88477
TCGA-DD-A3A1-11A-11R-A213-07,69018.53906,25747.19727,5643.744629,6560.817383,7638.650879,7138.754883,16722.8125,3220.874023,38236.82031,917.75946
TCGA-DD-A3A6-11A-11R-A22L-07,103756.7109,20924.25391,33823.26563,30745.25,30642.64844,34231.94141,8598.039062,28626.90234,16757.06836,18747.23828
TCGA-DD-A3A5-11A-11R-A22L-07,87057.46875,14189.00098,21708.5332,18569.92188,16258.15918,19355.6582,7207.544922,16356.20898,24962.54492,11877.78711
TCGA-DD-A11A-11A-11R-A131-07,52951.21484,8222.336914,28307.63281,19372.48828,18853.27148,23868.30469,6422.582031,23553.41406,26389.85352,18266.25391
TCGA-DD-A11B-11A-11R-A131-07,86445.53125,14675.96777,42401.78906,40171.52734,35160.98828,45326.17969,7186.266602,38921.70703,16535.17383,25093.34766
TCGA-BC-A216-11A-11R-A155-07,62064.10547,6422.703613,35474.67188,28007.12695,25925.62695,38207.23438,5666.452148,28600.82227,15852.33203,25011.86914
TCGA-DD-A39W-11A-11R-A213-07,106778.1094,15595.61621,19975.60352,19674.6543,17025.06055,24604.96484,8219.702148,16744.92578,14688.65332,13724.50391
TCGA-FV-A3I0-11A-11R-A22L-07,103838.2969,13499.89258,26377.18164,18718.05078,18717.69727,27303.27148,7084.572266,23176.20117,23362.10547,16934.70508
TCGA-DD-A1EJ-11A-11R-A155-07,89025.85156,15949.58496,23996.69141,18708.95117,18304.20703,17900.17383,7510.884766,16838.10742,21530.9375,12014.09961
TCGA-EP-A3RK-11A-11R-A22L-07,139267.8281,15106.9082,26556.53711,20467.47461,17367.39844,25635.42773,9087.238281,20230.50391,18828.15039,18395.35938
TCGA-DD-A39Z-11A-21R-A213-07,92522.35938,17906.47852,34833.17578,28357.80273,22414.56836,34198.79688,7392.744629,27323.48633,31740.91016,25010.67188
TCGA-FV-A23B-11A-11R-A16W-07,115214.6719,19219.44922,26132.73438,22826.56641,22614.55273,30259.65039,8653.282227,21370.07031,17013.19531,19485.44336
TCGA-BC-A110-11A-11R-A131-07,81721.00781,11526.44141,24289.22656,22930.44531,17805.50195,21862.65234,5333.814941,18834.87305,17327.14258,16449.82617
TCGA-DD-A1EL-11A-11R-A155-07,119210.8359,23018.97461,28623.91602,22206.05469,17879.82031,25725.97461,9018.508789,16227.21875,11629.05273,16626.94727
TCGA-DD-A118-11A-11R-A131-07,118681.2969,13418.80859,24810.00195,20159.44141,19032.78125,27762.55469,9463.165039,24777.00391,14227.29688,19517.13672
TCGA-ES-A2HT-11A-11R-A180-07,89459.26563,20808.08203,21522.52148,15902.81836,13804.2041,14821.11426,7630.732422,9903.222656,23250.01758,8902.290039
TCGA-DD-A1EH-11A-11R-A131-07,136079.2031,14333.3584,36632.67188,25806.24219,24881.21289,39472.45703,6268.38916,34490.75781,16558.01953,24681.61523
TCGA-BD-A3EP-11A-12R-A22L-07,132538.5156,15351.39356,19742.14648,15962.13672,13580.41406,18445.01953,10800.8418,13650.5293,22262.93359,12411.02246
TCGA-DD-A1EC-11A-11R-A131-07,42456.93359,5953.279297,22446.59375,16346.43359,14588.84863,22523.21875,5157.304199,17363.39258,25008.36328,17098.79492
TCGA-BC-A10Q-11A-11R-A131-07,124055.3281,14124.09473,27205.60938,23627.19141,18319.5,26442.74609,5989.894043,25527.9707,18068.54688,18128.83789
TCGA-DD-A1EE-11A-11R-A131-07,68403.78125,11212.22363,18291.46875,12992.28809,10631.23242,15583.6416,8876.270508,12822.36328,28491.55273,9320.665039
TCGA-DD-A3A3-11A-11R-A22L-07,153147.5313,10341.02832,8483.491211,7917.655273,8986.043945,8917.666992,7914.548828,6731.640137,21961.04102,5376.742188
TCGA-FV-A2QR-11A-11R-A213-07,100301.6953,13484.6709,19905.83789,17274.13867,14428.67578,18801.20313,9101.40918,13166.23926,23731.56445,11276.39941
TCGA-DD-A113-11A-12R-A131-07,51404.01953,9213.605469,36490.78906,23902.08203,20822.4707,32406.55078,14543.10352,25982.24023,23452.0957,23959.54883
